fid,f,f_class,I,I_class,Ex,Ex_class,f_Nones,f_Nzeros,I_Nones,I_Nzeros,Ex_Nones,Ex_Nzeros
1,0.7777777777777778,4.0,0.8934372229428177,3.0,0.6948956178444138,3.0,29.0,0.0,8.0,0.0,9.0,0.0
2,0.7407407407407407,4.0,0.902973135599739,3.0,0.66886898933314,3.0,28.0,0.0,9.0,0.0,9.0,0.0
3,0.7407407407407407,4.0,0.9000359729422482,3.0,0.6666933132905543,3.0,28.0,0.0,9.0,0.0,9.0,0.0
4,0.8148148148148148,4.0,0.9061104949697276,3.0,0.7383122551605188,3.0,31.0,0.0,9.0,0.0,10.0,0.0
5,0.8148148148148148,4.0,0.9351635627340227,3.0,0.7619851251906851,3.0,31.0,0.0,9.0,0.0,10.0,0.0
6,0.7037037037037037,4.0,0.605889252375763,2.0,0.42636651093109246,3.0,26.0,0.0,2.0,1.0,5.0,0.0
7,0.5555555555555556,3.0,0.554603241491203,2.0,0.30811291193955725,3.0,19.0,0.0,1.0,1.0,4.0,0.0
8,0.4444444444444444,3.0,0.4144970649379325,2.0,0.1842209177501922,2.0,14.0,0.0,1.0,3.0,2.0,0.0
9,0.7407407407407407,4.0,0.8969467681559683,3.0,0.6644050134488654,3.0,28.0,0.0,9.0,0.0,9.0,0.0
10,0.7407407407407407,4.0,0.8908135619006682,3.0,0.6598618977041986,3.0,28.0,0.0,8.0,0.0,9.0,0.0
11,0.7407407407407407,4.0,0.8881383500938219,3.0,0.6578802593287569,3.0,28.0,0.0,8.0,0.0,9.0,0.0
12,0.7777777777777778,4.0,0.8812102595214276,3.0,0.6853857574055549,3.0,29.0,0.0,8.0,0.0,9.0,0.0
13,0.8148148148148148,4.0,0.9379489650419328,3.0,0.7642547122563896,3.0,31.0,0.0,9.0,0.0,10.0,0.0
14,0.8148148148148148,4.0,0.9809144511488677,3.0,0.7992636268620402,3.0,31.0,0.0,10.0,0.0,11.0,0.0
15,0.7037037037037037,4.0,0.8339800895831511,3.0,0.5868748778548101,3.0,26.0,0.0,7.0,0.0,8.0,0.0
16,0.7037037037037037,4.0,0.7232266233215974,2.0,0.5089372534485315,3.0,26.0,0.0,5.0,0.0,7.0,0.0
17,0.6296296296296297,3.0,0.5888742966411292,2.0,0.37077270529256284,3.0,23.0,0.0,2.0,1.0,5.0,0.0
18,0.5185185185185185,3.0,0.4190458044573118,2.0,0.21728300971860612,2.0,18.0,0.0,1.0,3.0,2.0,0.0
19,0.2962962962962963,2.0,0.36535068515225605,2.0,0.10825205485992771,2.0,8.0,0.0,1.0,5.0,6.0,9.0
20,0.7407407407407407,4.0,0.8474747035117981,3.0,0.6277590396383689,3.0,28.0,0.0,8.0,0.0,8.0,0.0
21,0.7407407407407407,4.0,0.8593996589434629,3.0,0.6365923399581207,3.0,28.0,0.0,8.0,0.0,8.0,0.0
22,0.7407407407407407,4.0,0.8621608430699145,3.0,0.63863766153327,3.0,28.0,0.0,8.0,0.0,8.0,0.0
23,0.7407407407407407,4.0,0.8915886920121879,3.0,0.6604360681571763,3.0,28.0,0.0,8.0,0.0,9.0,0.0
24,0.7777777777777778,4.0,0.9203434297469549,3.0,0.7158226675809649,3.0,29.0,0.0,9.0,0.0,10.0,0.0
25,0.8148148148148148,4.0,0.9934681153169512,3.0,0.8094925384064047,3.0,31.0,0.0,10.0,0.0,11.0,0.0
26,0.8148148148148148,4.0,1.0550118533775807,3.0,0.8596392879372879,3.0,31.0,0.0,11.0,0.0,12.0,0.0
27,0.8148148148148148,4.0,0.9985893041291716,3.0,0.8136653589200656,3.0,31.0,0.0,10.0,0.0,11.0,0.0
28,0.8148148148148148,4.0,0.9522248933942052,3.0,0.7758869501730561,3.0,31.0,0.0,10.0,0.0,10.0,0.0
29,0.7407407407407407,4.0,0.893115505238972,3.0,0.661567040917757,3.0,28.0,0.0,8.0,0.0,9.0,0.0
30,0.6666666666666666,4.0,0.7243807316382561,2.0,0.4829204877588374,3.0,24.0,0.0,5.0,0.0,6.0,0.0
31,0.5925925925925926,3.0,0.47548042201261753,2.0,0.28176617600747705,3.0,21.0,0.0,0.0,1.0,3.0,0.0
32,0.4074074074074074,3.0,0.3325379115594752,2.0,0.13547840841311953,2.0,13.0,0.0,1.0,7.0,1.0,0.0
33,0.14814814814814814,2.0,0.20516937875180422,1.0,0.030395463518785807,2.0,0.0,1.0,0.0,13.0,7.0,68.0
34,0.037037037037037035,1.0,0.13108710361745,1.0,0.004855077911757407,1.0,0.0,34.0,0.0,16.0,0.0,94.0
35,0.7777777777777778,4.0,0.7916299202849822,3.0,0.6157121602216529,3.0,29.0,0.0,7.0,0.0,8.0,0.0
36,0.7407407407407407,4.0,0.8325335834308304,3.0,0.6166915432820965,3.0,28.0,0.0,7.0,0.0,8.0,0.0
37,0.7407407407407407,4.0,0.8566630192691326,3.0,0.6345651994586167,3.0,28.0,0.0,8.0,0.0,8.0,0.0
38,0.7777777777777778,4.0,0.8719188422346991,3.0,0.678159099515877,3.0,29.0,0.0,8.0,0.0,9.0,0.0
39,0.7777777777777778,4.0,0.9733187811397468,3.0,0.7570257186642475,3.0,29.0,0.0,10.0,0.0,10.0,0.0
40,0.8148148148148148,4.0,1.054311973145253,3.0,0.8590690151553914,3.0,31.0,0.0,11.0,0.0,12.0,0.0
41,0.8518518518518519,4.0,1.1233498962084378,3.0,0.9569276893627433,3.0,33.0,0.0,13.0,0.0,13.0,0.0
42,0.8518518518518519,4.0,1.2630107058919653,3.0,1.0758980087227852,3.0,33.0,0.0,15.0,0.0,15.0,0.0
43,0.8148148148148148,4.0,1.2621112073360417,3.0,1.028386909681219,3.0,31.0,0.0,15.0,0.0,14.0,0.0
44,0.8148148148148148,4.0,1.1970185194645055,3.0,0.9753484232673748,3.0,31.0,0.0,14.0,0.0,13.0,0.0
45,0.8148148148148148,4.0,1.1153954767752619,3.0,0.908840758853917,3.0,31.0,0.0,12.0,0.0,12.0,0.0
46,0.8148148148148148,4.0,0.9956357537861257,3.0,0.8112587623442505,3.0,31.0,0.0,10.0,0.0,11.0,0.0
47,0.6666666666666666,4.0,0.824294952589527,3.0,0.5495299683930179,3.0,24.0,0.0,7.0,0.0,7.0,0.0
48,0.6296296296296297,3.0,0.5341212150515002,2.0,0.3362985428102039,3.0,23.0,0.0,1.0,1.0,4.0,0.0
49,0.4444444444444444,3.0,0.3754057537553729,2.0,0.1668470016690546,2.0,14.0,0.0,1.0,5.0,2.0,0.0
50,0.2222222222222222,2.0,0.311389225173095,2.0,0.0691976055940211,2.0,3.0,1.0,1.0,7.0,14.0,31.0
51,0.07407407407407407,1.0,0.18804528548051797,1.0,0.013929280405964292,1.0,0.0,23.0,0.0,14.0,0.0,87.0
52,0.8148148148148148,4.0,0.8326121553385872,3.0,0.6784247191647748,3.0,31.0,0.0,7.0,0.0,9.0,0.0
53,0.7777777777777778,4.0,0.838366946947166,3.0,0.6520631809589069,3.0,29.0,0.0,7.0,0.0,9.0,0.0
54,0.7777777777777778,4.0,0.8941931624071807,3.0,0.6954835707611405,3.0,29.0,0.0,8.0,0.0,9.0,0.0
55,0.8518518518518519,4.0,0.9768495339459686,3.0,0.8321310844724918,3.0,33.0,0.0,10.0,0.0,11.0,0.0
56,0.8888888888888888,4.0,1.0655005653523129,3.0,0.9471116136465003,3.0,34.0,0.0,12.0,0.0,13.0,0.0
57,0.8888888888888888,4.0,1.168796314773103,3.0,1.0389300575760916,3.0,34.0,0.0,13.0,0.0,14.0,0.0
58,0.8888888888888888,4.0,1.2963528091434227,3.0,1.1523136081274867,3.0,34.0,0.0,16.0,0.0,16.0,0.0
59,0.8888888888888888,4.0,1.3675532838195419,3.0,1.2156029189507038,4.0,34.0,0.0,17.0,0.0,17.0,0.0
60,0.8888888888888888,4.0,1.3724188692285544,3.0,1.2199278837587149,4.0,34.0,0.0,17.0,0.0,17.0,0.0
61,0.8148148148148148,4.0,1.3486903755431803,3.0,1.0989328985907394,3.0,31.0,0.0,17.0,0.0,15.0,0.0
62,0.8148148148148148,4.0,1.2296356493035814,3.0,1.0019253438769922,3.0,31.0,0.0,15.0,0.0,14.0,0.0
63,0.8148148148148148,4.0,1.0679545063279519,3.0,0.870185153304257,3.0,31.0,0.0,12.0,0.0,12.0,0.0
64,0.6666666666666666,4.0,0.8912680569337228,3.0,0.5941787046224818,3.0,24.0,0.0,8.0,0.0,8.0,0.0
65,0.6296296296296297,3.0,0.5730151102374367,2.0,0.36078729163097867,3.0,23.0,0.0,2.0,1.0,4.0,0.0
66,0.48148148148148145,3.0,0.37720080595829936,2.0,0.1816152028688108,2.0,16.0,0.0,1.0,5.0,2.0,0.0
67,0.25925925925925924,2.0,0.3246813140031515,2.0,0.08417663696378001,2.0,5.0,1.0,1.0,7.0,11.0,22.0
68,0.14814814814814814,2.0,0.1363428345865545,1.0,0.02019893845726733,1.0,0.0,1.0,0.0,16.0,0.0,82.0
69,0.7407407407407407,4.0,0.8367919161071139,3.0,0.6198458637830473,3.0,28.0,0.0,7.0,0.0,8.0,0.0
70,0.8148148148148148,4.0,0.883683895380702,3.0,0.7200387295694609,3.0,31.0,0.0,8.0,0.0,10.0,0.0
71,0.8148148148148148,4.0,0.8802972059025196,3.0,0.7172792048094604,3.0,31.0,0.0,8.0,0.0,10.0,0.0
72,0.8148148148148148,4.0,0.920912831375197,3.0,0.7503734181575679,3.0,31.0,0.0,9.0,0.0,10.0,0.0
73,0.8888888888888888,4.0,1.0078883294545329,3.0,0.8959007372929181,3.0,34.0,0.0,11.0,0.0,12.0,0.0
74,0.8888888888888888,4.0,1.125176344547401,3.0,1.000156750708801,3.0,34.0,0.0,13.0,0.0,14.0,0.0
75,0.8888888888888888,4.0,1.2326435385424412,3.0,1.095683145371059,3.0,34.0,0.0,15.0,0.0,15.0,0.0
76,0.8888888888888888,4.0,1.3687777776164223,3.0,1.2166913578812641,4.0,34.0,0.0,17.0,0.0,17.0,0.0
77,0.8888888888888888,4.0,1.4687205769116434,3.0,1.3055294016992385,4.0,34.0,0.0,19.0,0.0,18.0,0.0
78,0.8888888888888888,4.0,1.4890533938451278,3.0,1.3236030167512247,4.0,34.0,0.0,19.0,0.0,18.0,0.0
79,0.8888888888888888,4.0,1.440553749249981,3.0,1.2804922215555385,4.0,34.0,0.0,18.0,0.0,18.0,0.0
80,0.8148148148148148,4.0,1.3146898729250043,3.0,1.0712287853462996,3.0,31.0,0.0,16.0,0.0,15.0,0.0
81,0.8148148148148148,4.0,1.1248525357452173,3.0,0.916546510607214,3.0,31.0,0.0,13.0,0.0,12.0,0.0
82,0.6666666666666666,4.0,0.9046240206612334,3.0,0.6030826804408222,3.0,24.0,0.0,9.0,0.0,8.0,0.0
83,0.6296296296296297,3.0,0.6136105365899996,2.0,0.38634737488999976,3.0,23.0,0.0,2.0,1.0,5.0,0.0
84,0.48148148148148145,3.0,0.40319914981316185,2.0,0.19413292398411494,2.0,16.0,0.0,1.0,4.0,2.0,0.0
85,0.37037037037037035,3.0,0.2961361606776757,2.0,0.10968005951025024,2.0,11.0,0.0,1.0,8.0,5.0,8.0
86,0.14814814814814814,2.0,0.17913690624410586,1.0,0.02653880092505272,2.0,0.0,1.0,0.0,14.0,3.0,75.0
87,0.6666666666666666,4.0,0.5481838662038001,2.0,0.36545591080253337,3.0,24.0,0.0,1.0,1.0,4.0,0.0
88,0.7407407407407407,4.0,0.7317523871765066,2.0,0.5420388053159307,3.0,28.0,0.0,5.0,0.0,7.0,0.0
89,0.8148148148148148,4.0,0.8738827543360257,3.0,0.712052614644169,3.0,31.0,0.0,8.0,0.0,9.0,0.0
90,0.8148148148148148,4.0,0.9122184004181884,3.0,0.7432890670074127,3.0,31.0,0.0,9.0,0.0,10.0,0.0
91,0.8148148148148148,4.0,0.9686253479967297,3.0,0.7892502835528908,3.0,31.0,0.0,10.0,0.0,11.0,0.0
92,0.8888888888888888,4.0,1.0600934003042903,3.0,0.9423052447149247,3.0,34.0,0.0,11.0,0.0,13.0,0.0
93,0.8888888888888888,4.0,1.163282043964827,3.0,1.0340284835242906,3.0,34.0,0.0,13.0,0.0,14.0,0.0
94,0.8888888888888888,4.0,1.2680337317261854,3.0,1.1271410948677203,3.0,34.0,0.0,15.0,0.0,15.0,0.0
95,0.8888888888888888,4.0,1.4236164311025703,3.0,1.2654368276467292,4.0,34.0,0.0,18.0,0.0,17.0,0.0
96,0.8888888888888888,4.0,1.509583708342901,3.0,1.3418521851936895,4.0,34.0,0.0,20.0,0.0,19.0,0.0
97,0.8888888888888888,4.0,1.5327324932131907,3.0,1.3624288828561695,4.0,34.0,0.0,20.0,0.0,19.0,0.0
98,0.8888888888888888,4.0,1.4874920997414969,3.0,1.3222151997702194,4.0,34.0,0.0,19.0,0.0,18.0,0.0
99,0.8148148148148148,4.0,1.365590439513112,3.0,1.112703321084758,3.0,31.0,0.0,17.0,0.0,15.0,0.0
100,0.8148148148148148,4.0,1.1570572149752647,3.0,0.9427873603502156,3.0,31.0,0.0,13.0,0.0,13.0,0.0
101,0.6666666666666666,4.0,0.9561123045261446,3.0,0.6374082030174297,3.0,24.0,0.0,10.0,0.0,8.0,0.0
102,0.6296296296296297,3.0,0.6721949255880788,2.0,0.42323384203693853,3.0,23.0,0.0,3.0,1.0,5.0,0.0
103,0.48148148148148145,3.0,0.4099280076545612,2.0,0.1973727444262702,2.0,16.0,0.0,1.0,3.0,2.0,0.0
104,0.6666666666666666,4.0,0.4225056527163488,2.0,0.2816704351442325,3.0,24.0,0.0,2.0,2.0,3.0,0.0
105,0.7037037037037037,4.0,0.6308028352602619,2.0,0.4438982914794436,3.0,26.0,0.0,3.0,1.0,6.0,0.0
106,0.8148148148148148,4.0,0.8278920569841417,3.0,0.6745787130981895,3.0,31.0,0.0,7.0,0.0,9.0,0.0
107,0.8148148148148148,4.0,0.9385565106767342,3.0,0.7647497494403018,3.0,31.0,0.0,9.0,0.0,10.0,0.0
108,0.8518518518518519,4.0,1.0289844714337435,3.0,0.8765423275176334,3.0,33.0,0.0,11.0,0.0,12.0,0.0
109,0.8888888888888888,4.0,1.131293830488956,3.0,1.005594515990183,3.0,34.0,0.0,13.0,0.0,14.0,0.0
110,0.8888888888888888,4.0,1.2120086691277772,3.0,1.0773410392246907,3.0,34.0,0.0,14.0,0.0,15.0,0.0
111,0.8888888888888888,4.0,1.3044870037117124,3.0,1.1595440032992999,4.0,34.0,0.0,16.0,0.0,16.0,0.0
112,0.8888888888888888,4.0,1.425752243351653,3.0,1.2673353274236914,4.0,34.0,0.0,18.0,0.0,18.0,0.0
113,0.8888888888888888,4.0,1.502613202584364,3.0,1.33565618007499,4.0,34.0,0.0,20.0,0.0,18.0,0.0
114,0.8888888888888888,4.0,1.5305316492888505,3.0,1.360472577145645,4.0,34.0,0.0,20.0,0.0,19.0,0.0
115,0.8888888888888888,4.0,1.5110273670421663,3.0,1.3431354373708144,4.0,34.0,0.0,20.0,0.0,19.0,0.0
116,0.8518518518518519,4.0,1.4026379393582102,3.0,1.1948397261199568,4.0,33.0,0.0,18.0,0.0,16.0,0.0
117,0.8148148148148148,4.0,1.1989246223366063,3.0,0.9769015441261236,3.0,31.0,0.0,14.0,0.0,13.0,0.0
118,0.6666666666666666,4.0,1.007083464221259,3.0,0.6713889761475059,3.0,24.0,0.0,11.0,0.0,9.0,0.0
119,0.6296296296296297,3.0,0.7107996263230407,2.0,0.4475405054626553,3.0,23.0,0.0,4.0,1.0,6.0,0.0
120,0.48148148148148145,3.0,0.4648288008714574,2.0,0.22380645967884985,2.0,16.0,0.0,1.0,1.0,2.0,0.0
121,0.3333333333333333,3.0,0.3445763498597991,2.0,0.11485878328659971,2.0,9.0,0.0,1.0,6.0,4.0,5.0
122,0.3333333333333333,3.0,0.33334044840665655,2.0,0.11111348280221885,2.0,9.0,0.0,1.0,7.0,5.0,7.0
123,0.4074074074074074,3.0,0.3986300257926094,2.0,0.16240482532291495,2.0,13.0,0.0,1.0,4.0,2.0,0.0
124,0.5925925925925926,3.0,0.38736541252115475,2.0,0.2295498740866102,2.0,21.0,0.0,1.0,4.0,2.0,0.0
125,0.6666666666666666,4.0,0.5426536081330551,2.0,0.36176907208870335,3.0,24.0,0.0,1.0,1.0,4.0,0.0
126,0.8148148148148148,4.0,0.7615066847472343,3.0,0.6204869283125612,3.0,31.0,0.0,6.0,0.0,8.0,0.0
127,0.8148148148148148,4.0,0.9535363679836482,3.0,0.7769555590977874,3.0,31.0,0.0,10.0,0.0,10.0,0.0
128,0.8518518518518519,4.0,1.0766702931828784,3.0,0.9171635830817113,3.0,33.0,0.0,12.0,0.0,12.0,0.0
129,0.8888888888888888,4.0,1.1777044678446238,3.0,1.0468484158618878,3.0,34.0,0.0,14.0,0.0,14.0,0.0
130,0.8888888888888888,4.0,1.2541376862386167,3.0,1.1147890544343257,3.0,34.0,0.0,15.0,0.0,15.0,0.0
131,0.8888888888888888,4.0,1.3378538738725605,3.0,1.189203443442276,4.0,34.0,0.0,17.0,0.0,16.0,0.0
132,0.8888888888888888,4.0,1.429306843577217,3.0,1.2704949720686372,4.0,34.0,0.0,18.0,0.0,18.0,0.0
133,0.8888888888888888,4.0,1.5021781948081594,3.0,1.3352695064961415,4.0,34.0,0.0,20.0,0.0,18.0,0.0
134,0.8888888888888888,4.0,1.5345225327123002,3.0,1.3640200290776001,4.0,34.0,0.0,20.0,0.0,19.0,0.0
135,0.8888888888888888,4.0,1.5307228883886106,3.0,1.3606425674565428,4.0,34.0,0.0,20.0,0.0,19.0,0.0
136,0.8518518518518519,4.0,1.4346514981323748,3.0,1.222110535446097,4.0,33.0,0.0,18.0,0.0,17.0,0.0
137,0.8148148148148148,4.0,1.2340201337900498,3.0,1.0054978867918924,3.0,31.0,0.0,15.0,0.0,14.0,0.0
138,0.6666666666666666,4.0,0.983054697712865,3.0,0.6553697984752433,3.0,24.0,0.0,10.0,0.0,9.0,0.0
139,0.6296296296296297,3.0,0.6770430703471247,2.0,0.42628637762596744,3.0,23.0,0.0,3.0,1.0,5.0,0.0
140,0.4444444444444444,3.0,0.5346342904989831,2.0,0.23761524022177027,2.0,14.0,0.0,1.0,1.0,3.0,0.0
141,0.3333333333333333,3.0,0.31162325022111426,2.0,0.10387441674037141,2.0,9.0,0.0,1.0,7.0,7.0,11.0
142,0.14814814814814814,2.0,0.17492795908175787,1.0,0.025915253197297462,2.0,0.0,1.0,0.0,14.0,2.0,76.0
143,0.18518518518518517,2.0,0.35648525870705594,2.0,0.0660157886494548,2.0,2.0,1.0,1.0,6.0,13.0,34.0
144,0.3333333333333333,3.0,0.4305488474307321,2.0,0.14351628247691067,2.0,9.0,0.0,1.0,2.0,1.0,0.0
145,0.48148148148148145,3.0,0.33328314341390974,2.0,0.1604696616437343,2.0,16.0,0.0,1.0,7.0,1.0,1.0
146,0.6666666666666666,4.0,0.4693457067555028,2.0,0.31289713783700185,3.0,24.0,0.0,1.0,1.0,4.0,0.0
147,0.8148148148148148,4.0,0.721616166161301,2.0,0.5879835427980971,3.0,31.0,0.0,5.0,0.0,8.0,0.0
148,0.8148148148148148,4.0,0.9408616425692411,3.0,0.7666280050564186,3.0,31.0,0.0,9.0,0.0,10.0,0.0
149,0.8518518518518519,4.0,1.1001658741065832,3.0,0.9371783372019042,3.0,33.0,0.0,12.0,0.0,13.0,0.0
150,0.8888888888888888,4.0,1.2100504333944568,3.0,1.075600385239517,3.0,34.0,0.0,14.0,0.0,15.0,0.0
151,0.8888888888888888,4.0,1.2995137934754828,3.0,1.1551233719782068,4.0,34.0,0.0,16.0,0.0,16.0,0.0
152,0.8888888888888888,4.0,1.3683218291958703,3.0,1.2162860703963292,4.0,34.0,0.0,17.0,0.0,17.0,0.0
153,0.8888888888888888,4.0,1.4533951174053301,3.0,1.29190677102696,4.0,34.0,0.0,19.0,0.0,18.0,0.0
154,0.8888888888888888,4.0,1.5327717198451305,3.0,1.3624637509734492,4.0,34.0,0.0,20.0,0.0,19.0,0.0
155,0.8888888888888888,4.0,1.5660821155203735,3.0,1.3920729915736652,4.0,34.0,0.0,21.0,0.0,19.0,0.0
156,0.8888888888888888,4.0,1.547103462726441,3.0,1.3752030779790587,4.0,34.0,0.0,20.0,0.0,19.0,0.0
157,0.8518518518518519,4.0,1.4225479243434005,3.0,1.2118000836999339,4.0,33.0,0.0,18.0,0.0,17.0,0.0
158,0.8148148148148148,4.0,1.2077845170110264,3.0,0.98412071756454,3.0,31.0,0.0,14.0,0.0,13.0,0.0
159,0.6666666666666666,4.0,0.9152675332349027,3.0,0.6101783554899352,3.0,24.0,0.0,9.0,0.0,8.0,0.0
160,0.5555555555555556,3.0,0.6736491065162142,2.0,0.37424950362011905,3.0,19.0,0.0,3.0,1.0,5.0,0.0
161,0.4074074074074074,3.0,0.5556177059642524,2.0,0.22636276909654726,2.0,13.0,0.0,1.0,1.0,2.0,0.0
162,0.3333333333333333,3.0,0.3693200643729409,2.0,0.12310668812431363,2.0,9.0,0.0,1.0,5.0,1.0,2.0
163,0.18518518518518517,2.0,0.14396791344676682,1.0,0.026660724712364223,2.0,2.0,1.0,0.0,16.0,3.0,74.0
164,0.037037037037037035,1.0,0.10453682844528155,1.0,0.003871734386862279,1.0,0.0,34.0,0.0,17.0,0.0,95.0
165,0.1111111111111111,2.0,0.025700107553996862,1.0,0.0028555675059996513,1.0,1.0,11.0,0.0,21.0,0.0,96.0
166,0.14814814814814814,2.0,0.23629115082207108,1.0,0.0350060964180846,2.0,0.0,1.0,0.0,12.0,8.0,63.0
167,0.3333333333333333,3.0,0.37999059808967045,2.0,0.1266635326965568,2.0,9.0,0.0,1.0,5.0,1.0,0.0
168,0.4444444444444444,3.0,0.3978518109402791,2.0,0.17682302708456848,2.0,14.0,0.0,1.0,4.0,2.0,0.0
169,0.5925925925925926,3.0,0.48480010249549654,2.0,0.2872889496269609,3.0,21.0,0.0,0.0,1.0,3.0,0.0
170,0.7777777777777778,4.0,0.7100843223866607,2.0,0.5522878063007362,3.0,29.0,0.0,4.0,1.0,7.0,0.0
171,0.8148148148148148,4.0,0.9415966117282871,3.0,0.7672268688156413,3.0,31.0,0.0,9.0,0.0,10.0,0.0
172,0.8518518518518519,4.0,1.1040724017332562,3.0,0.940506119994996,3.0,33.0,0.0,12.0,0.0,13.0,0.0
173,0.8888888888888888,4.0,1.2379377101277984,3.0,1.1003890756691541,3.0,34.0,0.0,15.0,0.0,15.0,0.0
174,0.9259259259259259,4.0,1.334132727304205,3.0,1.2353080808372268,4.0,36.0,0.0,16.0,0.0,17.0,0.0
175,0.9259259259259259,4.0,1.4114040608780907,3.0,1.3068556119241581,4.0,36.0,0.0,18.0,0.0,18.0,0.0
176,0.8888888888888888,4.0,1.4972257620809462,3.0,1.330867344071952,4.0,34.0,0.0,19.0,0.0,18.0,0.0
177,0.8888888888888888,4.0,1.5846962572469585,3.0,1.4086188953306298,4.0,34.0,0.0,21.0,0.0,20.0,0.0
178,0.8888888888888888,4.0,1.6250797856346222,3.0,1.444515365008553,4.0,34.0,0.0,22.0,0.0,20.0,0.0
179,0.8888888888888888,4.0,1.6056025393614823,3.0,1.4272022572102065,4.0,34.0,0.0,21.0,0.0,20.0,0.0
180,0.8518518518518519,4.0,1.463762315803957,3.0,1.246908639388556,4.0,33.0,0.0,19.0,0.0,17.0,0.0
181,0.8148148148148148,4.0,1.2497746762939435,3.0,1.0183349214246946,3.0,31.0,0.0,15.0,0.0,14.0,0.0
182,0.6666666666666666,4.0,0.9630649247201755,3.0,0.6420432831467836,3.0,24.0,0.0,10.0,0.0,8.0,0.0
183,0.5555555555555556,3.0,0.7205711063983864,2.0,0.4003172813324369,3.0,19.0,0.0,5.0,0.0,5.0,0.0
184,0.4444444444444444,3.0,0.5542402802095028,2.0,0.24632901342644567,2.0,14.0,0.0,1.0,1.0,3.0,0.0
185,0.3333333333333333,3.0,0.45477444413160434,2.0,0.15159148137720144,2.0,9.0,0.0,1.0,1.0,1.0,0.0
186,0.25925925925925924,2.0,0.17863423067399453,1.0,0.04631257832288747,2.0,5.0,1.0,0.0,14.0,13.0,49.0
187,0.037037037037037035,1.0,0.12834337497144963,1.0,0.004753458332275912,1.0,0.0,34.0,0.0,16.0,0.0,94.0
188,0.0,0.0,0.0,0.0,0.0,0.0,0.0,45.0,0.0,22.0,0.0,98.0
189,0.0,0.0,0.0,0.0,0.0,0.0,0.0,45.0,0.0,22.0,0.0,98.0
190,0.1111111111111111,2.0,0.02911746647446741,1.0,0.003235274052718601,1.0,1.0,11.0,0.0,21.0,0.0,95.0
191,0.14814814814814814,2.0,0.20420874152284768,1.0,0.03025314689227373,2.0,0.0,1.0,0.0,13.0,6.0,69.0
192,0.3333333333333333,3.0,0.3776542628574276,2.0,0.1258847542858092,2.0,9.0,0.0,1.0,5.0,1.0,0.0
193,0.4444444444444444,3.0,0.4019902873471182,2.0,0.17866234993205254,2.0,14.0,0.0,1.0,4.0,2.0,0.0
194,0.5925925925925926,3.0,0.487538840683407,2.0,0.2889119055901671,3.0,21.0,0.0,1.0,0.0,3.0,0.0
195,0.7777777777777778,4.0,0.7036509767827032,2.0,0.5472840930532136,3.0,29.0,0.0,4.0,1.0,7.0,0.0
196,0.8148148148148148,4.0,0.9481663088082581,3.0,0.7725799553252474,3.0,31.0,0.0,9.0,0.0,10.0,0.0
197,0.8888888888888888,4.0,1.1008021612206664,3.0,0.9784908099739257,3.0,34.0,0.0,12.0,0.0,13.0,0.0
198,0.9259259259259259,4.0,1.2475014596044367,3.0,1.1550939440781822,4.0,36.0,0.0,15.0,0.0,16.0,0.0
199,0.9259259259259259,4.0,1.362997596218097,3.0,1.2620348113130526,4.0,36.0,0.0,17.0,0.0,17.0,0.0
200,0.9259259259259259,4.0,1.455604600086988,3.0,1.3477820371175815,4.0,36.0,0.0,19.0,0.0,19.0,0.0
201,0.8888888888888888,4.0,1.538382982023118,3.0,1.3674515395761049,4.0,34.0,0.0,20.0,0.0,19.0,0.0
202,0.8888888888888888,4.0,1.6316754360627574,3.0,1.4503781653891177,4.0,34.0,0.0,22.0,0.0,20.0,0.0
203,0.8888888888888888,4.0,1.6775859894755099,3.0,1.4911875462004531,4.0,34.0,0.0,23.0,0.0,21.0,0.0
204,0.8888888888888888,4.0,1.653545729341501,3.0,1.469818426081334,4.0,34.0,0.0,22.0,0.0,20.0,0.0
205,0.8518518518518519,4.0,1.4843803674490104,3.0,1.2644721648639718,4.0,33.0,0.0,19.0,0.0,17.0,0.0
206,0.8518518518518519,4.0,1.2392962863365384,3.0,1.0556968365089032,3.0,33.0,0.0,15.0,0.0,14.0,0.0
207,0.7037037037037037,4.0,0.9772691476790905,3.0,0.6877079187371378,3.0,26.0,0.0,10.0,0.0,9.0,0.0
208,0.5925925925925926,3.0,0.7319268381676255,2.0,0.4337344226178521,3.0,21.0,0.0,5.0,0.0,5.0,0.0
209,0.4444444444444444,3.0,0.593224285420266,2.0,0.26365523796456264,3.0,14.0,0.0,2.0,1.0,3.0,0.0
210,0.3333333333333333,3.0,0.48570039448234986,2.0,0.1619001314941166,2.0,9.0,0.0,1.0,0.0,1.0,1.0
211,0.25925925925925924,2.0,0.23396451472679947,1.0,0.06065746678102208,2.0,5.0,1.0,0.0,12.0,12.0,39.0
212,0.07407407407407407,1.0,0.14158059100824444,1.0,0.010487451185795884,1.0,0.0,23.0,0.0,16.0,0.0,90.0
213,0.037037037037037035,1.0,0.0009580540551376436,1.0,3.548348352361643e-05,1.0,0.0,34.0,0.0,22.0,0.0,98.0
214,0.0,0.0,0.0,0.0,0.0,0.0,0.0,45.0,0.0,22.0,0.0,98.0
215,0.0,0.0,0.0,0.0,0.0,0.0,0.0,45.0,0.0,22.0,0.0,98.0
216,0.0,0.0,0.0,0.0,0.0,0.0,0.0,45.0,0.0,22.0,0.0,98.0
217,0.0,0.0,0.0,0.0,0.0,0.0,0.0,45.0,0.0,22.0,0.0,98.0
218,0.1111111111111111,2.0,0.07799669732462428,1.0,0.00866629970273603,1.0,1.0,11.0,0.0,18.0,0.0,91.0
219,0.18518518518518517,2.0,0.23136172017657405,1.0,0.04284476299566186,2.0,2.0,1.0,0.0,12.0,10.0,55.0
220,0.37037037037037035,3.0,0.3748321550999706,2.0,0.1388267241111002,2.0,11.0,0.0,1.0,5.0,1.0,0.0
221,0.48148148148148145,3.0,0.36123587819894276,2.0,0.17392838579949094,2.0,16.0,0.0,1.0,5.0,2.0,0.0
222,0.5925925925925926,3.0,0.5069182057577551,2.0,0.3003959737823734,3.0,21.0,0.0,1.0,0.0,4.0,0.0
223,0.7777777777777778,4.0,0.7209025677306574,2.0,0.5607019971238447,3.0,29.0,0.0,5.0,0.0,7.0,0.0
224,0.8518518518518519,4.0,0.9540411680206877,3.0,0.8127017357213265,3.0,33.0,0.0,10.0,0.0,11.0,0.0
225,0.8888888888888888,4.0,1.1092686921198218,3.0,0.9860166152176193,3.0,34.0,0.0,12.0,0.0,13.0,0.0
226,0.9259259259259259,4.0,1.2652897657924305,3.0,1.1715645979559541,4.0,36.0,0.0,15.0,0.0,16.0,0.0
227,0.9259259259259259,4.0,1.3927977348169247,3.0,1.2896275322378932,4.0,36.0,0.0,18.0,0.0,18.0,0.0
228,0.9259259259259259,4.0,1.502453151993855,3.0,1.3911603259202363,4.0,36.0,0.0,20.0,0.0,19.0,0.0
229,0.9259259259259259,4.0,1.5676844752360426,3.0,1.451559699292632,4.0,36.0,0.0,21.0,0.0,20.0,0.0
230,0.8888888888888888,4.0,1.679774998673087,3.0,1.4931333321538551,4.0,34.0,0.0,23.0,0.0,21.0,0.0
231,0.8888888888888888,4.0,1.725903827159144,3.0,1.5341367352525723,4.0,34.0,0.0,24.0,0.0,21.0,0.0
232,0.8888888888888888,4.0,1.662352768168573,3.0,1.4776469050387315,4.0,34.0,0.0,22.0,0.0,21.0,0.0
233,0.8518518518518519,4.0,1.4559323537980924,3.0,1.2402386717539307,4.0,33.0,0.0,19.0,0.0,17.0,0.0
234,0.8518518518518519,4.0,1.1888099351851347,3.0,1.012689944787337,3.0,33.0,0.0,14.0,0.0,14.0,0.0
235,0.7037037037037037,4.0,0.9773182959052716,3.0,0.6877425045259319,3.0,26.0,0.0,10.0,0.0,9.0,0.0
236,0.5925925925925926,3.0,0.7331868472676581,2.0,0.43448109467713075,3.0,21.0,0.0,6.0,0.0,5.0,0.0
237,0.3333333333333333,3.0,0.5507624425725669,2.0,0.1835874808575223,2.0,9.0,0.0,1.0,1.0,2.0,0.0
238,0.3333333333333333,3.0,0.356178178691575,2.0,0.11872605956385832,2.0,9.0,0.0,1.0,6.0,3.0,4.0
239,0.3333333333333333,3.0,0.2039830586224524,1.0,0.06799435287415079,2.0,9.0,0.0,0.0,13.0,14.0,32.0
240,0.14814814814814814,2.0,0.15085552421126697,1.0,0.02234896654981733,1.0,0.0,1.0,0.0,15.0,0.0,81.0
241,0.037037037037037035,1.0,0.04770638154663629,1.0,0.0017669030202457886,1.0,0.0,34.0,0.0,20.0,0.0,97.0
242,0.0,0.0,0.0,0.0,0.0,0.0,0.0,45.0,0.0,22.0,0.0,98.0
243,0.0,0.0,0.0,0.0,0.0,0.0,0.0,45.0,0.0,22.0,0.0,98.0
244,0.0,0.0,0.0,0.0,0.0,0.0,0.0,45.0,0.0,22.0,0.0,98.0
245,0.0,0.0,0.0,0.0,0.0,0.0,0.0,45.0,0.0,22.0,0.0,98.0
246,0.8148148148148148,4.0,0.7604939109494366,3.0,0.6196617052180594,3.0,31.0,0.0,6.0,0.0,8.0,0.0
247,0.8518518518518519,4.0,0.9792157377743274,3.0,0.8341467395855381,3.0,33.0,0.0,10.0,0.0,11.0,0.0
248,0.8888888888888888,4.0,1.1281654732231587,3.0,1.002813753976141,3.0,34.0,0.0,13.0,0.0,14.0,0.0
249,0.9259259259259259,4.0,1.2803713898851181,3.0,1.1855290647084427,4.0,36.0,0.0,16.0,0.0,16.0,0.0
250,0.9259259259259259,4.0,1.4774424294347979,3.0,1.3680022494766646,4.0,36.0,0.0,19.0,0.0,19.0,0.0
251,0.9259259259259259,4.0,1.552541868190411,3.0,1.4375387668429733,4.0,36.0,0.0,20.0,0.0,20.0,0.0
252,0.9259259259259259,4.0,1.6463281921998925,3.0,1.5243779557406412,4.0,36.0,0.0,22.0,0.0,21.0,0.0
253,0.9259259259259259,4.0,1.7241607113135156,3.0,1.59644510306807,4.0,36.0,0.0,24.0,0.0,22.0,0.0
254,0.8888888888888888,4.0,1.7642666130282447,4.0,1.5682369893584396,4.0,34.0,0.0,24.0,0.0,22.0,0.0
255,0.8888888888888888,4.0,1.6678667720281246,3.0,1.4825482418027773,4.0,34.0,0.0,23.0,0.0,21.0,0.0
256,0.8518518518518519,4.0,1.4313667237448122,3.0,1.2193123943011364,4.0,33.0,0.0,18.0,0.0,17.0,0.0
257,0.8148148148148148,4.0,1.1632539253659016,3.0,0.9478365317796235,3.0,31.0,0.0,13.0,0.0,13.0,0.0
258,0.7037037037037037,4.0,0.8910363454413113,3.0,0.6270255764216635,3.0,26.0,0.0,8.0,0.0,8.0,0.0
259,0.5555555555555556,3.0,0.6640112565229456,2.0,0.3688951425127476,3.0,19.0,0.0,3.0,1.0,5.0,0.0
260,0.3333333333333333,3.0,0.45514259608293733,2.0,0.15171419869431244,2.0,9.0,0.0,1.0,1.0,1.0,0.0
261,0.3333333333333333,3.0,0.28071402865707135,2.0,0.09357134288569044,2.0,9.0,0.0,1.0,9.0,10.0,16.0
262,0.2962962962962963,2.0,0.154066049777352,1.0,0.04564919993403022,2.0,8.0,0.0,0.0,15.0,11.0,52.0
263,0.14814814814814814,2.0,0.1582998565396202,1.0,0.023451830598462252,1.0,0.0,1.0,0.0,15.0,0.0,80.0
264,0.037037037037037035,1.0,0.016546435808840784,1.0,0.000612830955882992,1.0,0.0,34.0,0.0,21.0,0.0,97.0
265,0.0,0.0,0.0,0.0,0.0,0.0,0.0,45.0,0.0,22.0,0.0,98.0
266,0.0,0.0,0.0,0.0,0.0,0.0,0.0,45.0,0.0,22.0,0.0,98.0
267,0.0,0.0,0.0,0.0,0.0,0.0,0.0,45.0,0.0,22.0,0.0,98.0
268,0.0,0.0,0.0,0.0,0.0,0.0,0.0,45.0,0.0,22.0,0.0,98.0
269,0.8888888888888888,4.0,0.9866336792552187,3.0,0.8770077148935277,3.0,34.0,0.0,10.0,0.0,12.0,0.0
270,0.9259259259259259,4.0,1.1348292845588168,3.0,1.0507678560729785,3.0,36.0,0.0,13.0,0.0,14.0,0.0
271,0.9259259259259259,4.0,1.3382882291074398,3.0,1.239155767692074,4.0,36.0,0.0,17.0,0.0,17.0,0.0
272,0.9259259259259259,4.0,1.5440094751088564,3.0,1.4296384028785707,4.0,36.0,0.0,20.0,0.0,20.0,0.0
273,0.9259259259259259,4.0,1.5875838119332428,3.0,1.469985011049299,4.0,36.0,0.0,21.0,0.0,20.0,0.0
274,0.9259259259259259,4.0,1.6893254452049806,3.0,1.5641902270416488,4.0,36.0,0.0,23.0,0.0,22.0,0.0
275,0.9259259259259259,4.0,1.7691943678289743,4.0,1.6381429331749762,4.0,36.0,0.0,24.0,0.0,23.0,0.0
276,0.8888888888888888,4.0,1.7846423345538664,4.0,1.586348741825659,4.0,34.0,0.0,25.0,0.0,22.0,0.0
277,0.8888888888888888,4.0,1.6724729722603402,3.0,1.4866426420091912,4.0,34.0,0.0,23.0,0.0,21.0,0.0
278,0.8518518518518519,4.0,1.4034734295423181,3.0,1.1955514399804932,4.0,33.0,0.0,18.0,0.0,16.0,0.0
279,0.8148148148148148,4.0,1.0961726771275258,3.0,0.8931777369187246,3.0,31.0,0.0,12.0,0.0,12.0,0.0
280,0.6296296296296297,3.0,0.855056937101812,3.0,0.5383691826196594,3.0,23.0,0.0,8.0,0.0,7.0,0.0
281,0.48148148148148145,3.0,0.618080148058447,2.0,0.2975941453614745,3.0,16.0,0.0,2.0,1.0,3.0,0.0
282,0.3333333333333333,3.0,0.3691560392125418,2.0,0.12305201307084726,2.0,9.0,0.0,1.0,5.0,1.0,2.0
283,0.3333333333333333,3.0,0.19688216324273738,1.0,0.06562738774757912,2.0,9.0,0.0,0.0,13.0,12.0,35.0
284,0.14814814814814814,2.0,0.21533709971643933,1.0,0.031901792550583605,2.0,0.0,1.0,0.0,13.0,7.0,66.0
285,0.07407407407407407,1.0,0.16251892180013097,1.0,0.012038438651861553,1.0,0.0,23.0,0.0,15.0,0.0,89.0
286,0.0,0.0,0.0,0.0,0.0,0.0,0.0,45.0,0.0,22.0,0.0,98.0
287,0.0,0.0,0.0,0.0,0.0,0.0,0.0,45.0,0.0,22.0,0.0,98.0
288,0.0,0.0,0.0,0.0,0.0,0.0,0.0,45.0,0.0,22.0,0.0,98.0
289,0.0,0.0,0.0,0.0,0.0,0.0,0.0,45.0,0.0,22.0,0.0,98.0
290,0.0,0.0,0.0,0.0,0.0,0.0,0.0,45.0,0.0,22.0,0.0,98.0
291,0.8888888888888888,4.0,1.01461686102527,3.0,0.9018816542446844,3.0,34.0,0.0,11.0,0.0,12.0,0.0
292,0.9259259259259259,4.0,1.16271996859601,3.0,1.076592563514824,3.0,36.0,0.0,13.0,0.0,15.0,0.0
293,0.9259259259259259,4.0,1.3980802051498809,3.0,1.294518708472112,4.0,36.0,0.0,18.0,0.0,18.0,0.0
294,0.9259259259259259,4.0,1.5691899770563618,3.0,1.4529536824595943,4.0,36.0,0.0,21.0,0.0,20.0,0.0
295,0.9259259259259259,4.0,1.6080212282750723,3.0,1.488908544699141,4.0,36.0,0.0,21.0,0.0,21.0,0.0
296,0.9259259259259259,4.0,1.7305544298624478,3.0,1.6023652128355999,4.0,36.0,0.0,24.0,0.0,22.0,0.0
297,0.9259259259259259,4.0,1.7986861509906404,4.0,1.6654501398061485,4.0,36.0,0.0,25.0,0.0,23.0,0.0
298,0.8888888888888888,4.0,1.783309281609235,4.0,1.5851638058748756,4.0,34.0,0.0,25.0,0.0,22.0,0.0
299,0.8888888888888888,4.0,1.6740503945160448,3.0,1.488044795125373,4.0,34.0,0.0,23.0,0.0,21.0,0.0
300,0.8518518518518519,4.0,1.3521748127457924,3.0,1.1518526182649342,3.0,33.0,0.0,17.0,0.0,16.0,0.0
301,0.7777777777777778,4.0,0.9569498413171362,3.0,0.7442943210244393,3.0,29.0,0.0,10.0,0.0,10.0,0.0
302,0.5925925925925926,3.0,0.7287941059088522,2.0,0.4318779886867272,3.0,21.0,0.0,5.0,0.0,5.0,0.0
303,0.3333333333333333,3.0,0.5270908534568539,2.0,0.17569695115228462,2.0,9.0,0.0,1.0,1.0,2.0,0.0
304,0.3333333333333333,3.0,0.27629928998188563,2.0,0.0920997633272952,2.0,9.0,0.0,0.0,10.0,10.0,17.0
305,0.1111111111111111,2.0,0.20998998330082685,1.0,0.023332220366758537,1.0,1.0,11.0,0.0,13.0,0.0,80.0
306,0.07407407407407407,1.0,0.15036961079644862,1.0,0.011138489688625823,1.0,0.0,23.0,0.0,15.0,0.0,89.0
307,0.07407407407407407,1.0,0.06865442630597879,1.0,0.005085513059702132,1.0,0.0,23.0,0.0,19.0,0.0,94.0
308,0.0,0.0,0.0,0.0,0.0,0.0,0.0,45.0,0.0,22.0,0.0,98.0
309,0.0,0.0,0.0,0.0,0.0,0.0,0.0,45.0,0.0,22.0,0.0,98.0
310,0.0,0.0,0.0,0.0,0.0,0.0,0.0,45.0,0.0,22.0,0.0,98.0
311,0.8888888888888888,4.0,1.058757974482113,3.0,0.9411181995396559,3.0,34.0,0.0,11.0,0.0,13.0,0.0
312,0.9259259259259259,4.0,1.232216687532803,3.0,1.140941377345188,3.0,36.0,0.0,15.0,0.0,16.0,0.0
313,0.9259259259259259,4.0,1.4253722418430723,3.0,1.3197891128176595,4.0,36.0,0.0,18.0,0.0,18.0,0.0
314,0.9259259259259259,4.0,1.5769810831924034,3.0,1.4601676696225958,4.0,36.0,0.0,21.0,0.0,20.0,0.0
315,0.9259259259259259,4.0,1.6385636622923716,3.0,1.5171885761966404,4.0,36.0,0.0,22.0,0.0,21.0,0.0
316,0.9259259259259259,4.0,1.7476710040780088,3.0,1.618213892664823,4.0,36.0,0.0,24.0,0.0,23.0,0.0
317,0.9629629629629629,4.0,1.748777002302413,3.0,1.6840074836986199,4.0,38.0,0.0,24.0,0.0,24.0,0.0
318,0.9259259259259259,4.0,1.7762059836910038,4.0,1.6446351700842627,4.0,36.0,0.0,25.0,0.0,23.0,0.0
319,0.8888888888888888,4.0,1.6632813048134714,3.0,1.4784722709453078,4.0,34.0,0.0,23.0,0.0,21.0,0.0
320,0.8518518518518519,4.0,1.2952164677473932,3.0,1.1033325465996313,3.0,33.0,0.0,16.0,0.0,15.0,0.0
321,0.7407407407407407,4.0,0.9045637644020381,3.0,0.6700472328903986,3.0,28.0,0.0,9.0,0.0,9.0,0.0
322,0.5925925925925926,3.0,0.6572328945237328,2.0,0.38947134490295277,3.0,21.0,0.0,3.0,1.0,5.0,0.0
323,0.3333333333333333,3.0,0.475536470121789,2.0,0.15851215670726299,2.0,9.0,0.0,0.0,1.0,1.0,0.0
324,0.2222222222222222,2.0,0.285435402433198,2.0,0.06343008942959955,2.0,3.0,1.0,1.0,9.0,12.0,37.0
325,0.1111111111111111,2.0,0.1447461876210358,1.0,0.016082909735670645,1.0,1.0,11.0,0.0,16.0,0.0,86.0
326,0.07407407407407407,1.0,0.07514755359362248,1.0,0.005566485451379442,1.0,0.0,23.0,0.0,19.0,0.0,94.0
327,0.0,0.0,0.0,0.0,0.0,0.0,0.0,45.0,0.0,22.0,0.0,98.0
328,0.0,0.0,0.0,0.0,0.0,0.0,0.0,45.0,0.0,22.0,0.0,98.0
329,0.0,0.0,0.0,0.0,0.0,0.0,0.0,45.0,0.0,22.0,0.0,98.0
330,0.8888888888888888,4.0,0.9439084469998629,3.0,0.8390297306665447,3.0,34.0,0.0,9.0,0.0,11.0,0.0
331,0.8888888888888888,4.0,1.117875252455188,3.0,0.9936668910712783,3.0,34.0,0.0,13.0,0.0,14.0,0.0
332,0.9259259259259259,4.0,1.2512281824350266,3.0,1.1585446133657655,4.0,36.0,0.0,15.0,0.0,16.0,0.0
333,0.9259259259259259,4.0,1.440815403490932,3.0,1.3340883365656777,4.0,36.0,0.0,18.0,0.0,18.0,0.0
334,0.9259259259259259,4.0,1.5726795307761838,3.0,1.4561847507186887,4.0,36.0,0.0,21.0,0.0,20.0,0.0
335,0.9259259259259259,4.0,1.643518467897131,3.0,1.5217763591640103,4.0,36.0,0.0,22.0,0.0,21.0,0.0
336,0.9259259259259259,4.0,1.7525038437768803,4.0,1.6226887442378521,4.0,36.0,0.0,24.0,0.0,23.0,0.0
337,0.9629629629629629,4.0,1.7348674907347672,3.0,1.6706131392260721,4.0,38.0,0.0,24.0,0.0,23.0,0.0
338,0.9259259259259259,4.0,1.7521165308393594,4.0,1.622330121147555,4.0,36.0,0.0,24.0,0.0,23.0,0.0
339,0.8888888888888888,4.0,1.6290485123139817,3.0,1.4480431220568726,4.0,34.0,0.0,22.0,0.0,20.0,0.0
340,0.8518518518518519,4.0,1.2375156790256763,3.0,1.0541800228737241,3.0,33.0,0.0,15.0,0.0,14.0,0.0
341,0.7037037037037037,4.0,0.8841177463791027,3.0,0.6221569326371463,3.0,26.0,0.0,8.0,0.0,8.0,0.0
342,0.5555555555555556,3.0,0.6624337971910291,2.0,0.36801877621723844,3.0,19.0,0.0,3.0,1.0,5.0,0.0
343,0.3333333333333333,3.0,0.44856530579481757,2.0,0.14952176859827251,2.0,9.0,0.0,1.0,2.0,1.0,0.0
344,0.18518518518518517,2.0,0.2717320939243395,2.0,0.050320758134136945,2.0,2.0,1.0,0.0,10.0,13.0,46.0
345,0.1111111111111111,2.0,0.10316506793567405,1.0,0.011462785326186005,1.0,1.0,11.0,0.0,17.0,0.0,89.0
346,0.07407407407407407,1.0,0.030945027099780316,1.0,0.002292224229613357,1.0,0.0,23.0,0.0,20.0,0.0,96.0
347,0.0,0.0,0.0,0.0,0.0,0.0,0.0,45.0,0.0,22.0,0.0,98.0
348,0.0,0.0,0.0,0.0,0.0,0.0,0.0,45.0,0.0,22.0,0.0,98.0
349,0.0,0.0,0.0,0.0,0.0,0.0,0.0,45.0,0.0,22.0,0.0,98.0
350,0.8888888888888888,4.0,1.034599589537744,3.0,0.9196440795891058,3.0,34.0,0.0,11.0,0.0,12.0,0.0
351,0.9259259259259259,4.0,1.1671298428722252,3.0,1.0806757804372455,3.0,36.0,0.0,13.0,0.0,15.0,0.0
352,0.9259259259259259,4.0,1.3224902036225072,3.0,1.2245279663171365,4.0,36.0,0.0,16.0,0.0,17.0,0.0
353,0.9259259259259259,4.0,1.4569759453430247,3.0,1.3490518012435413,4.0,36.0,0.0,19.0,0.0,19.0,0.0
354,0.9259259259259259,4.0,1.5544280685520908,3.0,1.4392852486593433,4.0,36.0,0.0,21.0,0.0,20.0,0.0
355,0.9259259259259259,4.0,1.6135267194364262,3.0,1.4940062217003947,4.0,36.0,0.0,22.0,0.0,21.0,0.0
356,0.8888888888888888,4.0,1.748932737221884,3.0,1.5546068775305635,4.0,34.0,0.0,24.0,0.0,22.0,0.0
357,0.9259259259259259,4.0,1.7527662247115796,4.0,1.622931689547759,4.0,36.0,0.0,24.0,0.0,23.0,0.0
358,0.9259259259259259,4.0,1.7169837058864983,3.0,1.5897997276726836,4.0,36.0,0.0,23.0,0.0,22.0,0.0
359,0.8888888888888888,4.0,1.5890597714281096,3.0,1.412497574602764,4.0,34.0,0.0,21.0,0.0,20.0,0.0
360,0.8518518518518519,4.0,1.1928595473278591,3.0,1.0161396143903985,3.0,33.0,0.0,14.0,0.0,14.0,0.0
361,0.7037037037037037,4.0,0.8612674695041574,3.0,0.6060771081695923,3.0,26.0,0.0,8.0,0.0,8.0,0.0
362,0.5555555555555556,3.0,0.6261352368215316,2.0,0.34785290934529534,3.0,19.0,0.0,3.0,1.0,4.0,0.0
363,0.3333333333333333,3.0,0.4261746256396519,2.0,0.14205820854655063,2.0,9.0,0.0,2.0,2.0,1.0,0.0
364,0.18518518518518517,2.0,0.2500817219027,2.0,0.046311429981981476,2.0,2.0,1.0,0.0,11.0,12.0,50.0
365,0.1111111111111111,2.0,0.07707195728380023,1.0,0.008563550809311137,1.0,1.0,11.0,0.0,18.0,0.0,91.0
366,0.037037037037037035,1.0,0.021047725192533614,1.0,0.0007795453775012449,1.0,0.0,34.0,0.0,21.0,0.0,97.0
367,0.0,0.0,0.0,0.0,0.0,0.0,0.0,45.0,0.0,22.0,0.0,98.0
368,0.0,0.0,0.0,0.0,0.0,0.0,0.0,45.0,0.0,22.0,0.0,98.0
369,0.0,0.0,0.0,0.0,0.0,0.0,0.0,45.0,0.0,22.0,0.0,98.0
370,0.0,0.0,0.0,0.0,0.0,0.0,0.0,45.0,0.0,22.0,0.0,98.0
371,0.8888888888888888,4.0,1.0546367904203935,3.0,0.9374549248181275,3.0,34.0,0.0,11.0,0.0,13.0,0.0
372,0.9259259259259259,4.0,1.2509636065885963,3.0,1.1582996357301818,4.0,36.0,0.0,15.0,0.0,16.0,0.0
373,0.9259259259259259,4.0,1.4129932956148312,3.0,1.308327125569288,4.0,36.0,0.0,18.0,0.0,18.0,0.0
374,0.9259259259259259,4.0,1.4767334432848858,3.0,1.3673457808193388,4.0,36.0,0.0,19.0,0.0,19.0,0.0
375,0.9259259259259259,4.0,1.5549464829740534,3.0,1.4397652620130124,4.0,36.0,0.0,21.0,0.0,20.0,0.0
376,0.8888888888888888,4.0,1.6074834600706216,3.0,1.4288741867294414,4.0,34.0,0.0,21.0,0.0,20.0,0.0
377,0.8888888888888888,4.0,1.693929732304674,3.0,1.5057153176041547,4.0,34.0,0.0,23.0,0.0,21.0,0.0
378,0.9259259259259259,4.0,1.7172294173564338,3.0,1.5900272382929943,4.0,36.0,0.0,23.0,0.0,22.0,0.0
379,0.9259259259259259,4.0,1.6846910373909314,3.0,1.559899108695307,4.0,36.0,0.0,23.0,0.0,22.0,0.0
380,0.8888888888888888,4.0,1.5401885564549143,3.0,1.3690564946265904,4.0,34.0,0.0,20.0,0.0,19.0,0.0
381,0.8148148148148148,4.0,1.147436531267996,3.0,0.9349482847368855,3.0,31.0,0.0,13.0,0.0,13.0,0.0
382,0.7037037037037037,4.0,0.8424455675178958,3.0,0.5928320660311118,3.0,26.0,0.0,8.0,0.0,8.0,0.0
383,0.5555555555555556,3.0,0.6104613424932481,2.0,0.33914519027402673,3.0,19.0,0.0,2.0,1.0,4.0,0.0
384,0.3333333333333333,3.0,0.414296742166315,2.0,0.13809891405543834,2.0,9.0,0.0,1.0,3.0,1.0,0.0
385,0.18518518518518517,2.0,0.2330009188161521,1.0,0.04314831829928742,2.0,2.0,1.0,0.0,12.0,11.0,54.0
386,0.1111111111111111,2.0,0.05362810509060832,1.0,0.005958678343400924,1.0,1.0,11.0,0.0,19.0,0.0,93.0
387,0.037037037037037035,1.0,0.007456876248892971,1.0,0.0002761806018108508,1.0,0.0,34.0,0.0,21.0,0.0,98.0
388,0.0,0.0,0.0,0.0,0.0,0.0,0.0,45.0,0.0,22.0,0.0,98.0
389,0.0,0.0,0.0,0.0,0.0,0.0,0.0,45.0,0.0,22.0,0.0,98.0
390,0.0,0.0,0.0,0.0,0.0,0.0,0.0,45.0,0.0,22.0,0.0,98.0
391,0.0,0.0,0.0,0.0,0.0,0.0,0.0,45.0,0.0,22.0,0.0,98.0
392,0.8518518518518519,4.0,1.0857497531827693,3.0,0.9248979378964332,3.0,33.0,0.0,12.0,0.0,13.0,0.0
393,0.9259259259259259,4.0,1.2806907792028712,3.0,1.1858247955582142,4.0,36.0,0.0,16.0,0.0,16.0,0.0
394,0.9259259259259259,4.0,1.4461256661521513,3.0,1.339005246437177,4.0,36.0,0.0,19.0,0.0,19.0,0.0
395,0.9259259259259259,4.0,1.4952126127705307,3.0,1.3844561229356767,4.0,36.0,0.0,19.0,0.0,19.0,0.0
396,0.9259259259259259,4.0,1.5377465021127343,3.0,1.4238393538080873,4.0,36.0,0.0,20.0,0.0,20.0,0.0
397,0.8888888888888888,4.0,1.5799768410948072,3.0,1.4044238587509397,4.0,34.0,0.0,21.0,0.0,19.0,0.0
398,0.8888888888888888,4.0,1.67334162340816,3.0,1.4874147763628087,4.0,34.0,0.0,23.0,0.0,21.0,0.0
399,0.9259259259259259,4.0,1.687440193994319,3.0,1.562444624068814,4.0,36.0,0.0,23.0,0.0,22.0,0.0
400,0.9259259259259259,4.0,1.653597502563467,3.0,1.5311087986698768,4.0,36.0,0.0,22.0,0.0,21.0,0.0
401,0.8888888888888888,4.0,1.475521763026756,3.0,1.3115749004682276,4.0,34.0,0.0,19.0,0.0,18.0,0.0
402,0.8148148148148148,4.0,1.097678208608815,3.0,0.8944044662738493,3.0,31.0,0.0,12.0,0.0,12.0,0.0
403,0.7037037037037037,4.0,0.8171909131470629,3.0,0.5750602722145999,3.0,26.0,0.0,7.0,0.0,7.0,0.0
404,0.5185185185185185,3.0,0.6367754570276053,2.0,0.33017986660690646,3.0,18.0,0.0,3.0,1.0,4.0,0.0
405,0.3333333333333333,3.0,0.41033566801704296,2.0,0.13677855600568098,2.0,9.0,0.0,1.0,3.0,1.0,0.0
406,0.18518518518518517,2.0,0.2199490245157356,1.0,0.04073130083624733,2.0,2.0,1.0,0.0,12.0,10.0,57.0
407,0.07407407407407407,1.0,0.05287670375455292,1.0,0.003916792870707623,1.0,0.0,23.0,0.0,19.0,0.0,95.0
408,0.0,0.0,0.0,0.0,0.0,0.0,0.0,45.0,0.0,22.0,0.0,98.0
409,0.0,0.0,0.0,0.0,0.0,0.0,0.0,45.0,0.0,22.0,0.0,98.0
410,0.0,0.0,0.0,0.0,0.0,0.0,0.0,45.0,0.0,22.0,0.0,98.0
411,0.0,0.0,0.0,0.0,0.0,0.0,0.0,45.0,0.0,22.0,0.0,98.0
412,0.0,0.0,0.0,0.0,0.0,0.0,0.0,45.0,0.0,22.0,0.0,98.0
413,0.9259259259259259,4.0,1.2981608528509159,3.0,1.202000789676774,4.0,36.0,0.0,16.0,0.0,17.0,0.0
414,0.9259259259259259,4.0,1.4490967461280713,3.0,1.341756246414881,4.0,36.0,0.0,19.0,0.0,19.0,0.0
415,0.9259259259259259,4.0,1.5079231093139507,3.0,1.396225101216621,4.0,36.0,0.0,20.0,0.0,19.0,0.0
416,0.8888888888888888,4.0,1.5365460040400425,3.0,1.3658186702578154,4.0,34.0,0.0,20.0,0.0,19.0,0.0
417,0.8888888888888888,4.0,1.5769072867007081,3.0,1.4016953659561848,4.0,34.0,0.0,21.0,0.0,19.0,0.0
418,0.8888888888888888,4.0,1.6612064458563636,3.0,1.476627951872323,4.0,34.0,0.0,22.0,0.0,21.0,0.0
419,0.9259259259259259,4.0,1.6645502307424094,3.0,1.541250213650379,4.0,36.0,0.0,23.0,0.0,21.0,0.0
420,0.9259259259259259,4.0,1.6220633836975644,3.0,1.5019105404607078,4.0,36.0,0.0,22.0,0.0,21.0,0.0
421,0.8888888888888888,4.0,1.4045617201680316,3.0,1.248499306816028,4.0,34.0,0.0,18.0,0.0,17.0,0.0
422,0.8148148148148148,4.0,1.0384409816757665,3.0,0.8461370961802541,3.0,31.0,0.0,11.0,0.0,11.0,0.0
423,0.7037037037037037,4.0,0.7936029679648625,3.0,0.5584613478271255,3.0,26.0,0.0,7.0,0.0,7.0,0.0
424,0.5185185185185185,3.0,0.6333544498079069,2.0,0.32840601101150724,3.0,18.0,0.0,3.0,1.0,4.0,0.0
425,0.3333333333333333,3.0,0.4116962166802436,2.0,0.13723207222674785,2.0,9.0,0.0,1.0,3.0,1.0,0.0
426,0.18518518518518517,2.0,0.20785280664715516,1.0,0.03849126049021392,2.0,2.0,1.0,0.0,13.0,9.0,59.0
427,0.07407407407407407,1.0,0.059310553594989254,1.0,0.004393374340369574,1.0,0.0,23.0,0.0,19.0,0.0,95.0
428,0.0,0.0,0.0,0.0,0.0,0.0,0.0,45.0,0.0,22.0,0.0,98.0
429,0.0,0.0,0.0,0.0,0.0,0.0,0.0,45.0,0.0,22.0,0.0,98.0
430,0.0,0.0,0.0,0.0,0.0,0.0,0.0,45.0,0.0,22.0,0.0,98.0
431,0.0,0.0,0.0,0.0,0.0,0.0,0.0,45.0,0.0,22.0,0.0,98.0
432,0.0,0.0,0.0,0.0,0.0,0.0,0.0,45.0,0.0,22.0,0.0,98.0
433,0.8518518518518519,4.0,1.1580743489355538,3.0,0.9865077787228792,3.0,33.0,0.0,13.0,0.0,13.0,0.0
434,0.9259259259259259,4.0,1.3021252193677835,3.0,1.2056714994146143,4.0,36.0,0.0,16.0,0.0,17.0,0.0
435,0.9259259259259259,4.0,1.4390229317923375,3.0,1.3324286405484607,4.0,36.0,0.0,18.0,0.0,18.0,0.0
436,0.9259259259259259,4.0,1.504607428196346,3.0,1.3931550261077277,4.0,36.0,0.0,20.0,0.0,19.0,0.0
437,0.8888888888888888,4.0,1.5347688077406532,3.0,1.364238940213914,4.0,34.0,0.0,20.0,0.0,19.0,0.0
438,0.8888888888888888,4.0,1.5752258656712885,3.0,1.4002007694855898,4.0,34.0,0.0,21.0,0.0,19.0,0.0
439,0.8888888888888888,4.0,1.6510061793931303,3.0,1.467561048349449,4.0,34.0,0.0,22.0,0.0,20.0,0.0
440,0.9259259259259259,4.0,1.6415423354764407,3.0,1.5199466069226302,4.0,36.0,0.0,22.0,0.0,21.0,0.0
441,0.8888888888888888,4.0,1.5850151868196867,3.0,1.4089023882841658,4.0,34.0,0.0,21.0,0.0,20.0,0.0
442,0.8518518518518519,4.0,1.3214309510857682,3.0,1.1256634027767656,3.0,33.0,0.0,16.0,0.0,15.0,0.0
443,0.7407407407407407,4.0,0.9874076229279655,3.0,0.7314130540207151,3.0,28.0,0.0,10.0,0.0,10.0,0.0
444,0.6666666666666666,4.0,0.7636735816921754,3.0,0.5091157211281169,3.0,24.0,0.0,6.0,0.0,7.0,0.0
445,0.5185185185185185,3.0,0.6244493221552578,2.0,0.3237885374138374,3.0,18.0,0.0,3.0,1.0,4.0,0.0
446,0.3333333333333333,3.0,0.40812235165509925,2.0,0.13604078388503307,2.0,9.0,0.0,1.0,3.0,1.0,0.0
447,0.14814814814814814,2.0,0.18803576430936278,1.0,0.027857150268053743,2.0,0.0,1.0,0.0,14.0,5.0,71.0
448,0.07407407407407407,1.0,0.04616455245412866,1.0,0.0034195964780836044,1.0,0.0,23.0,0.0,20.0,0.0,95.0
449,0.0,0.0,0.0,0.0,0.0,0.0,0.0,45.0,0.0,22.0,0.0,98.0
450,0.0,0.0,0.0,0.0,0.0,0.0,0.0,45.0,0.0,22.0,0.0,98.0
451,0.0,0.0,0.0,0.0,0.0,0.0,0.0,45.0,0.0,22.0,0.0,98.0
452,0.0,0.0,0.0,0.0,0.0,0.0,0.0,45.0,0.0,22.0,0.0,98.0
453,0.0,0.0,0.0,0.0,0.0,0.0,0.0,45.0,0.0,22.0,0.0,98.0
454,0.8888888888888888,4.0,1.1545021597551772,3.0,1.0262241420046019,3.0,34.0,0.0,13.0,0.0,14.0,0.0
455,0.9259259259259259,4.0,1.2932575386889145,3.0,1.1974606839712172,4.0,36.0,0.0,16.0,0.0,16.0,0.0
456,0.9259259259259259,4.0,1.4436322464263325,3.0,1.3366965244688265,4.0,36.0,0.0,18.0,0.0,19.0,0.0
457,0.9259259259259259,4.0,1.5067745179375875,3.0,1.3951615906829515,4.0,36.0,0.0,20.0,0.0,19.0,0.0
458,0.8888888888888888,4.0,1.538552153361696,3.0,1.3676019140992852,4.0,34.0,0.0,20.0,0.0,19.0,0.0
459,0.8888888888888888,4.0,1.5769828628505633,3.0,1.4017625447560562,4.0,34.0,0.0,21.0,0.0,19.0,0.0
460,0.8888888888888888,4.0,1.644131515641743,3.0,1.4614502361259938,4.0,34.0,0.0,22.0,0.0,20.0,0.0
461,0.9259259259259259,4.0,1.6246099558804235,3.0,1.5042684776670587,4.0,36.0,0.0,22.0,0.0,21.0,0.0
462,0.8888888888888888,4.0,1.5297287861710067,3.0,1.3597589210408947,4.0,34.0,0.0,20.0,0.0,19.0,0.0
463,0.8518518518518519,4.0,1.2233258712978556,3.0,1.0420924088833585,3.0,33.0,0.0,14.0,0.0,14.0,0.0
464,0.7037037037037037,4.0,0.924233554857588,3.0,0.6503865756405248,3.0,26.0,0.0,9.0,0.0,9.0,0.0
465,0.6296296296296297,3.0,0.7457852142241442,2.0,0.46956846821520193,3.0,23.0,0.0,6.0,0.0,6.0,0.0
466,0.5185185185185185,3.0,0.5661389560223405,2.0,0.2935535327523247,3.0,18.0,0.0,1.0,1.0,3.0,0.0
467,0.3333333333333333,3.0,0.40429835567558914,2.0,0.1347661185585297,2.0,9.0,0.0,1.0,3.0,1.0,0.0
468,0.14814814814814814,2.0,0.1727559307891227,1.0,0.025593471228018177,2.0,0.0,1.0,0.0,14.0,1.0,77.0
469,0.07407407407407407,1.0,0.0398074874480473,1.0,0.0029487027739294298,1.0,0.0,23.0,0.0,20.0,0.0,96.0
470,0.0,0.0,0.0,0.0,0.0,0.0,0.0,45.0,0.0,22.0,0.0,98.0
471,0.0,0.0,0.0,0.0,0.0,0.0,0.0,45.0,0.0,22.0,0.0,98.0
472,0.0,0.0,0.0,0.0,0.0,0.0,0.0,45.0,0.0,22.0,0.0,98.0
473,0.0,0.0,0.0,0.0,0.0,0.0,0.0,45.0,0.0,22.0,0.0,98.0
474,0.0,0.0,0.0,0.0,0.0,0.0,0.0,45.0,0.0,22.0,0.0,98.0
475,0.0,0.0,0.0,0.0,0.0,0.0,0.0,45.0,0.0,22.0,0.0,98.0
476,0.0,0.0,0.0,0.0,0.0,0.0,0.0,45.0,0.0,22.0,0.0,98.0
477,0.8888888888888888,4.0,1.1521291042429027,3.0,1.0241147593270246,3.0,34.0,0.0,13.0,0.0,14.0,0.0
478,0.9259259259259259,4.0,1.2914721856229592,3.0,1.1958075792805178,4.0,36.0,0.0,16.0,0.0,16.0,0.0
479,0.9259259259259259,4.0,1.4342667360382166,3.0,1.3280247555909412,4.0,36.0,0.0,18.0,0.0,18.0,0.0
480,0.9259259259259259,4.0,1.5099955212410892,3.0,1.3981440011491566,4.0,36.0,0.0,20.0,0.0,19.0,0.0
481,0.8888888888888888,4.0,1.5515389121734622,3.0,1.379145699709744,4.0,34.0,0.0,20.0,0.0,19.0,0.0
482,0.8888888888888888,4.0,1.5974526096489634,3.0,1.419957875243523,4.0,34.0,0.0,21.0,0.0,20.0,0.0
483,0.8888888888888888,4.0,1.6416227315338117,3.0,1.4592202058078325,4.0,34.0,0.0,22.0,0.0,20.0,0.0
484,0.8888888888888888,4.0,1.622158654731055,3.0,1.441918804205382,4.0,34.0,0.0,22.0,0.0,20.0,0.0
485,0.8888888888888888,4.0,1.4754635682049295,3.0,1.3115231717377152,4.0,34.0,0.0,19.0,0.0,18.0,0.0
486,0.7777777777777778,4.0,1.1483495848869034,3.0,0.8931607882453694,3.0,29.0,0.0,13.0,0.0,12.0,0.0
487,0.7037037037037037,4.0,0.832369973524002,3.0,0.585741833220594,3.0,26.0,0.0,7.0,0.0,8.0,0.0
488,0.5555555555555556,3.0,0.7359706960822995,2.0,0.40887260893461086,3.0,19.0,0.0,6.0,0.0,5.0,0.0
489,0.5185185185185185,3.0,0.5418542746705612,2.0,0.2809614757551058,3.0,18.0,0.0,1.0,1.0,3.0,0.0
490,0.3333333333333333,3.0,0.40490860045859955,2.0,0.13496953348619983,2.0,9.0,0.0,1.0,3.0,1.0,0.0
491,0.14814814814814814,2.0,0.18188059410627339,1.0,0.02694527320092939,2.0,0.0,1.0,0.0,14.0,4.0,73.0
492,0.07407407407407407,1.0,0.046758921203304854,1.0,0.0034636237928373963,1.0,0.0,23.0,0.0,20.0,0.0,95.0
493,0.0,0.0,0.0,0.0,0.0,0.0,0.0,45.0,0.0,22.0,0.0,98.0
494,0.0,0.0,0.0,0.0,0.0,0.0,0.0,45.0,0.0,22.0,0.0,98.0
495,0.0,0.0,0.0,0.0,0.0,0.0,0.0,45.0,0.0,22.0,0.0,98.0
496,0.0,0.0,0.0,0.0,0.0,0.0,0.0,45.0,0.0,22.0,0.0,98.0
497,0.0,0.0,0.0,0.0,0.0,0.0,0.0,45.0,0.0,22.0,0.0,98.0
498,0.0,0.0,0.0,0.0,0.0,0.0,0.0,45.0,0.0,22.0,0.0,98.0
499,0.0,0.0,0.0,0.0,0.0,0.0,0.0,45.0,0.0,22.0,0.0,98.0
500,0.0,0.0,0.0,0.0,0.0,0.0,0.0,45.0,0.0,22.0,0.0,98.0
501,0.0,0.0,0.0,0.0,0.0,0.0,0.0,45.0,0.0,22.0,0.0,98.0
502,0.8888888888888888,4.0,1.1702353760221218,3.0,1.040209223130775,3.0,34.0,0.0,13.0,0.0,14.0,0.0
503,0.9259259259259259,4.0,1.2882673772087125,3.0,1.1928401640821413,4.0,36.0,0.0,16.0,0.0,16.0,0.0
504,0.9259259259259259,4.0,1.4155469271083911,3.0,1.3106915991744363,4.0,36.0,0.0,18.0,0.0,18.0,0.0
505,0.9259259259259259,4.0,1.5058423329934616,3.0,1.3942984564754275,4.0,36.0,0.0,20.0,0.0,19.0,0.0
506,0.8888888888888888,4.0,1.5553420120000787,3.0,1.3825262328889587,4.0,34.0,0.0,21.0,0.0,19.0,0.0
507,0.8888888888888888,4.0,1.6195380635992311,3.0,1.439589389865983,4.0,34.0,0.0,22.0,0.0,20.0,0.0
508,0.8888888888888888,4.0,1.6202250561403846,3.0,1.440200049902564,4.0,34.0,0.0,22.0,0.0,20.0,0.0
509,0.8888888888888888,4.0,1.5346274583913075,3.0,1.3641132963478289,4.0,34.0,0.0,20.0,0.0,19.0,0.0
510,0.8518518518518519,4.0,1.3800056409468762,3.0,1.1755603608065983,4.0,33.0,0.0,17.0,0.0,16.0,0.0
511,0.7407407407407407,4.0,1.0132473250883622,3.0,0.7505535741395275,3.0,28.0,0.0,11.0,0.0,10.0,0.0
512,0.5925925925925926,3.0,0.8154525578870119,3.0,0.48323114541452555,3.0,21.0,0.0,7.0,0.0,6.0,0.0
513,0.48148148148148145,3.0,0.6302078065545181,2.0,0.30343338834106426,3.0,16.0,0.0,3.0,1.0,4.0,0.0
514,0.37037037037037035,3.0,0.517933044006476,2.0,0.19182705333573183,2.0,11.0,0.0,1.0,1.0,2.0,0.0
515,0.3333333333333333,3.0,0.34475659957042193,2.0,0.11491886652347397,2.0,9.0,0.0,1.0,6.0,4.0,5.0
516,0.14814814814814814,2.0,0.15658711352658655,1.0,0.023198090892827636,1.0,0.0,1.0,0.0,15.0,0.0,80.0
517,0.1111111111111111,2.0,0.0285938317219028,1.0,0.0031770924135447556,1.0,1.0,11.0,0.0,21.0,0.0,96.0
518,0.0,0.0,0.0,0.0,0.0,0.0,0.0,45.0,0.0,22.0,0.0,98.0
519,0.0,0.0,0.0,0.0,0.0,0.0,0.0,45.0,0.0,22.0,0.0,98.0
520,0.0,0.0,0.0,0.0,0.0,0.0,0.0,45.0,0.0,22.0,0.0,98.0
521,0.0,0.0,0.0,0.0,0.0,0.0,0.0,45.0,0.0,22.0,0.0,98.0
522,0.0,0.0,0.0,0.0,0.0,0.0,0.0,45.0,0.0,22.0,0.0,98.0
523,0.0,0.0,0.0,0.0,0.0,0.0,0.0,45.0,0.0,22.0,0.0,98.0
524,0.0,0.0,0.0,0.0,0.0,0.0,0.0,45.0,0.0,22.0,0.0,98.0
525,0.0,0.0,0.0,0.0,0.0,0.0,0.0,45.0,0.0,22.0,0.0,98.0
526,0.0,0.0,0.0,0.0,0.0,0.0,0.0,45.0,0.0,22.0,0.0,98.0
527,0.8888888888888888,4.0,1.0672505180513718,3.0,0.9486671271567749,3.0,34.0,0.0,12.0,0.0,13.0,0.0
528,0.8888888888888888,4.0,1.199640519492373,3.0,1.0663471284376649,3.0,34.0,0.0,14.0,0.0,15.0,0.0
529,0.9259259259259259,4.0,1.2889505286543381,3.0,1.1934727117169797,4.0,36.0,0.0,16.0,0.0,16.0,0.0
530,0.9259259259259259,4.0,1.4004565530297508,3.0,1.2967190305831027,4.0,36.0,0.0,18.0,0.0,18.0,0.0
531,0.9259259259259259,4.0,1.5036335992512795,3.0,1.3922533326400737,4.0,36.0,0.0,20.0,0.0,19.0,0.0
532,0.8888888888888888,4.0,1.5575418771124312,3.0,1.3844816685443833,4.0,34.0,0.0,21.0,0.0,19.0,0.0
533,0.8888888888888888,4.0,1.6169013665610605,3.0,1.437245659165387,4.0,34.0,0.0,22.0,0.0,20.0,0.0
534,0.8888888888888888,4.0,1.592651166086128,3.0,1.4156899254098916,4.0,34.0,0.0,21.0,0.0,20.0,0.0
535,0.8888888888888888,4.0,1.4381950941383168,3.0,1.2783956392340594,4.0,34.0,0.0,18.0,0.0,18.0,0.0
536,0.8148148148148148,4.0,1.3070294826808035,3.0,1.064986985888062,3.0,31.0,0.0,16.0,0.0,15.0,0.0
537,0.7407407407407407,4.0,0.8923799280300544,3.0,0.6610221689111514,3.0,28.0,0.0,8.0,0.0,9.0,0.0
538,0.5555555555555556,3.0,0.7527594572648171,3.0,0.41819969848045396,3.0,19.0,0.0,6.0,0.0,5.0,0.0
539,0.37037037037037035,3.0,0.5706426479445488,2.0,0.2113491288683514,2.0,11.0,0.0,2.0,1.0,2.0,0.0
540,0.3333333333333333,3.0,0.42057558378102905,2.0,0.140191861260343,2.0,9.0,0.0,1.0,3.0,1.0,0.0
541,0.25925925925925924,2.0,0.2592269847630509,2.0,0.06720699604967986,2.0,5.0,1.0,0.0,11.0,13.0,33.0
542,0.14814814814814814,2.0,0.11983055812965324,1.0,0.017752675278467144,1.0,0.0,1.0,0.0,17.0,0.0,84.0
543,0.07407407407407407,1.0,0.00552195774508772,1.0,0.0004090339070435348,1.0,0.0,23.0,0.0,22.0,0.0,98.0
544,0.0,0.0,0.0,0.0,0.0,0.0,0.0,45.0,0.0,22.0,0.0,98.0
545,0.0,0.0,0.0,0.0,0.0,0.0,0.0,45.0,0.0,22.0,0.0,98.0
546,0.0,0.0,0.0,0.0,0.0,0.0,0.0,45.0,0.0,22.0,0.0,98.0
547,0.0,0.0,0.0,0.0,0.0,0.0,0.0,45.0,0.0,22.0,0.0,98.0
548,0.0,0.0,0.0,0.0,0.0,0.0,0.0,45.0,0.0,22.0,0.0,98.0
549,0.0,0.0,0.0,0.0,0.0,0.0,0.0,45.0,0.0,22.0,0.0,98.0
550,0.0,0.0,0.0,0.0,0.0,0.0,0.0,45.0,0.0,22.0,0.0,98.0
551,0.0,0.0,0.0,0.0,0.0,0.0,0.0,45.0,0.0,22.0,0.0,98.0
552,0.0,0.0,0.0,0.0,0.0,0.0,0.0,45.0,0.0,22.0,0.0,98.0
553,0.8888888888888888,4.0,1.1157021118762027,3.0,0.9917352105566246,3.0,34.0,0.0,13.0,0.0,14.0,0.0
554,0.8888888888888888,4.0,1.2324600854471308,3.0,1.095520075953005,3.0,34.0,0.0,15.0,0.0,15.0,0.0
555,0.9259259259259259,4.0,1.299804782415102,3.0,1.20352294668065,4.0,36.0,0.0,16.0,0.0,17.0,0.0
556,0.9259259259259259,4.0,1.401979228551313,3.0,1.29812891532529,4.0,36.0,0.0,18.0,0.0,18.0,0.0
557,0.9259259259259259,4.0,1.5126867203104046,3.0,1.4006358521392634,4.0,36.0,0.0,20.0,0.0,19.0,0.0
558,0.8888888888888888,4.0,1.5662489139814046,3.0,1.3922212568723595,4.0,34.0,0.0,21.0,0.0,19.0,0.0
559,0.8888888888888888,4.0,1.6063493580777766,3.0,1.4278660960691347,4.0,34.0,0.0,21.0,0.0,20.0,0.0
560,0.8888888888888888,4.0,1.5702017572116875,3.0,1.3957348952992776,4.0,34.0,0.0,21.0,0.0,19.0,0.0
561,0.8518518518518519,4.0,1.3935816149143976,3.0,1.1871250793715238,4.0,33.0,0.0,18.0,0.0,16.0,0.0
562,0.8148148148148148,4.0,1.2286554729110784,3.0,1.001126681631249,3.0,31.0,0.0,15.0,0.0,14.0,0.0
563,0.7037037037037037,4.0,0.8493638106484722,3.0,0.5977004593452212,3.0,26.0,0.0,8.0,0.0,8.0,0.0
564,0.5185185185185185,3.0,0.7136787276330665,2.0,0.3700556365504789,3.0,18.0,0.0,5.0,0.0,5.0,0.0
565,0.3333333333333333,3.0,0.51819766434436,2.0,0.17273255478145333,2.0,9.0,0.0,1.0,1.0,2.0,0.0
566,0.2962962962962963,2.0,0.322747418802788,2.0,0.0956288648304557,2.0,8.0,0.0,1.0,7.0,9.0,15.0
567,0.2222222222222222,2.0,0.17053191423249295,1.0,0.037895980940553985,2.0,3.0,1.0,0.0,14.0,9.0,60.0
568,0.1111111111111111,2.0,0.0464958284053414,1.0,0.0051662031561490445,1.0,1.0,11.0,0.0,20.0,0.0,94.0
569,0.0,0.0,0.0,0.0,0.0,0.0,0.0,45.0,0.0,22.0,0.0,98.0
570,0.0,0.0,0.0,0.0,0.0,0.0,0.0,45.0,0.0,22.0,0.0,98.0
571,0.0,0.0,0.0,0.0,0.0,0.0,0.0,45.0,0.0,22.0,0.0,98.0
572,0.0,0.0,0.0,0.0,0.0,0.0,0.0,45.0,0.0,22.0,0.0,98.0
573,0.0,0.0,0.0,0.0,0.0,0.0,0.0,45.0,0.0,22.0,0.0,98.0
574,0.0,0.0,0.0,0.0,0.0,0.0,0.0,45.0,0.0,22.0,0.0,98.0
575,0.0,0.0,0.0,0.0,0.0,0.0,0.0,45.0,0.0,22.0,0.0,98.0
576,0.0,0.0,0.0,0.0,0.0,0.0,0.0,45.0,0.0,22.0,0.0,98.0
577,0.0,0.0,0.0,0.0,0.0,0.0,0.0,45.0,0.0,22.0,0.0,98.0
578,0.8888888888888888,4.0,1.1474406689732177,3.0,1.0199472613095268,3.0,34.0,0.0,13.0,0.0,14.0,0.0
579,0.8888888888888888,4.0,1.246681096514687,3.0,1.1081609746797219,3.0,34.0,0.0,15.0,0.0,15.0,0.0
580,0.9259259259259259,4.0,1.3019425077967064,3.0,1.2055023220339873,4.0,36.0,0.0,16.0,0.0,17.0,0.0
581,0.9259259259259259,4.0,1.3978938452795757,3.0,1.2943461530366442,4.0,36.0,0.0,18.0,0.0,18.0,0.0
582,0.9259259259259259,4.0,1.5079918041189206,3.0,1.3962887075175192,4.0,36.0,0.0,20.0,0.0,19.0,0.0
583,0.8888888888888888,4.0,1.5669899636391635,3.0,1.3928799676792565,4.0,34.0,0.0,21.0,0.0,19.0,0.0
584,0.8888888888888888,4.0,1.5993332337484087,3.0,1.4216295411096966,4.0,34.0,0.0,21.0,0.0,20.0,0.0
585,0.8888888888888888,4.0,1.5436552193216548,3.0,1.3721379727303598,4.0,34.0,0.0,20.0,0.0,19.0,0.0
586,0.8148148148148148,4.0,1.3556377012541856,3.0,1.1045936825034104,3.0,31.0,0.0,17.0,0.0,15.0,0.0
587,0.8148148148148148,4.0,1.1823825217750432,3.0,0.9634227955204056,3.0,31.0,0.0,14.0,0.0,13.0,0.0
588,0.7037037037037037,4.0,0.8410571672044937,3.0,0.5918550435883475,3.0,26.0,0.0,7.0,0.0,8.0,0.0
589,0.5185185185185185,3.0,0.6841106861192512,2.0,0.35472405946924135,3.0,18.0,0.0,4.0,1.0,4.0,0.0
590,0.3333333333333333,3.0,0.47499242862232477,2.0,0.1583308095407749,2.0,9.0,0.0,0.0,1.0,1.0,0.0
591,0.25925925925925924,2.0,0.25887115694447493,2.0,0.06711474439301202,2.0,5.0,1.0,0.0,11.0,13.0,33.0
592,0.18518518518518517,2.0,0.11251236648862123,1.0,0.020835623423818745,1.0,2.0,1.0,0.0,17.0,0.0,82.0
593,0.037037037037037035,1.0,0.003884523933184605,1.0,0.000143871256784615,1.0,0.0,34.0,0.0,22.0,0.0,98.0
594,0.0,0.0,0.0,0.0,0.0,0.0,0.0,45.0,0.0,22.0,0.0,98.0
595,0.0,0.0,0.0,0.0,0.0,0.0,0.0,45.0,0.0,22.0,0.0,98.0
596,0.0,0.0,0.0,0.0,0.0,0.0,0.0,45.0,0.0,22.0,0.0,98.0
597,0.0,0.0,0.0,0.0,0.0,0.0,0.0,45.0,0.0,22.0,0.0,98.0
598,0.0,0.0,0.0,0.0,0.0,0.0,0.0,45.0,0.0,22.0,0.0,98.0
599,0.0,0.0,0.0,0.0,0.0,0.0,0.0,45.0,0.0,22.0,0.0,98.0
600,0.0,0.0,0.0,0.0,0.0,0.0,0.0,45.0,0.0,22.0,0.0,98.0
601,0.0,0.0,0.0,0.0,0.0,0.0,0.0,45.0,0.0,22.0,0.0,98.0
602,0.0,0.0,0.0,0.0,0.0,0.0,0.0,45.0,0.0,22.0,0.0,98.0
603,0.8518518518518519,4.0,1.0696099443482388,3.0,0.9111492118522034,3.0,33.0,0.0,12.0,0.0,12.0,0.0
604,0.8518518518518519,4.0,1.1852909726142216,3.0,1.0096923100047073,3.0,33.0,0.0,14.0,0.0,14.0,0.0
605,0.8888888888888888,4.0,1.2514537689372716,3.0,1.1124033501664636,3.0,34.0,0.0,15.0,0.0,15.0,0.0
606,0.8888888888888888,4.0,1.3364917976694402,3.0,1.1879927090395024,4.0,34.0,0.0,17.0,0.0,16.0,0.0
607,0.9259259259259259,4.0,1.3901357221414306,3.0,1.2871627056865098,4.0,36.0,0.0,18.0,0.0,18.0,0.0
608,0.9259259259259259,4.0,1.492161210889663,3.0,1.381630750823762,4.0,36.0,0.0,19.0,0.0,19.0,0.0
609,0.8888888888888888,4.0,1.5693944152874748,3.0,1.395017258033311,4.0,34.0,0.0,21.0,0.0,19.0,0.0
610,0.8888888888888888,4.0,1.602063466653364,3.0,1.4240564148029902,4.0,34.0,0.0,21.0,0.0,20.0,0.0
611,0.8518518518518519,4.0,1.5279609034159871,3.0,1.3015963251321372,4.0,33.0,0.0,20.0,0.0,18.0,0.0
612,0.8148148148148148,4.0,1.323401878006341,3.0,1.078327456153315,3.0,31.0,0.0,16.0,0.0,15.0,0.0
613,0.7777777777777778,4.0,1.1590965845825678,3.0,0.9015195657864417,3.0,29.0,0.0,13.0,0.0,12.0,0.0
614,0.7037037037037037,4.0,0.8709851445811374,3.0,0.6129154721126523,3.0,26.0,0.0,8.0,0.0,8.0,0.0
615,0.5185185185185185,3.0,0.6621347404677523,2.0,0.3433291246869827,3.0,18.0,0.0,3.0,1.0,4.0,0.0
616,0.3333333333333333,3.0,0.4430991747397657,2.0,0.14769972491325523,2.0,9.0,0.0,1.0,2.0,1.0,0.0
617,0.25925925925925924,2.0,0.229801716325109,1.0,0.05957822275095419,2.0,5.0,1.0,0.0,12.0,12.0,40.0
618,0.1111111111111111,2.0,0.07386551010099802,1.0,0.00820727890011089,1.0,1.0,11.0,0.0,19.0,0.0,92.0
619,0.0,0.0,0.0,0.0,0.0,0.0,0.0,45.0,0.0,22.0,0.0,98.0
620,0.0,0.0,0.0,0.0,0.0,0.0,0.0,45.0,0.0,22.0,0.0,98.0
621,0.0,0.0,0.0,0.0,0.0,0.0,0.0,45.0,0.0,22.0,0.0,98.0
622,0.0,0.0,0.0,0.0,0.0,0.0,0.0,45.0,0.0,22.0,0.0,98.0
623,0.0,0.0,0.0,0.0,0.0,0.0,0.0,45.0,0.0,22.0,0.0,98.0
624,0.0,0.0,0.0,0.0,0.0,0.0,0.0,45.0,0.0,22.0,0.0,98.0
625,0.0,0.0,0.0,0.0,0.0,0.0,0.0,45.0,0.0,22.0,0.0,98.0
626,0.0,0.0,0.0,0.0,0.0,0.0,0.0,45.0,0.0,22.0,0.0,98.0
627,0.0,0.0,0.0,0.0,0.0,0.0,0.0,45.0,0.0,22.0,0.0,98.0
628,0.0,0.0,0.0,0.0,0.0,0.0,0.0,45.0,0.0,22.0,0.0,98.0
629,0.8518518518518519,4.0,1.1025391669066122,3.0,0.9392000310685956,3.0,33.0,0.0,12.0,0.0,13.0,0.0
630,0.8518518518518519,4.0,1.2022017738550506,3.0,1.024097807358006,3.0,33.0,0.0,14.0,0.0,14.0,0.0
631,0.8518518518518519,4.0,1.2852953480817735,3.0,1.0948812224400293,3.0,33.0,0.0,16.0,0.0,15.0,0.0
632,0.8888888888888888,4.0,1.330919910428239,3.0,1.1830399203806568,4.0,34.0,0.0,16.0,0.0,16.0,0.0
633,0.9259259259259259,4.0,1.3833101398790435,3.0,1.2808427221102254,4.0,36.0,0.0,17.0,0.0,18.0,0.0
634,0.9259259259259259,4.0,1.4685526216728084,3.0,1.3597709459933411,4.0,36.0,0.0,19.0,0.0,19.0,0.0
635,0.8888888888888888,4.0,1.558614536407307,3.0,1.3854351434731618,4.0,34.0,0.0,21.0,0.0,19.0,0.0
636,0.8888888888888888,4.0,1.5672421412004134,3.0,1.3931041255114784,4.0,34.0,0.0,21.0,0.0,19.0,0.0
637,0.8148148148148148,4.0,1.4865996011743352,3.0,1.2113033787346434,4.0,31.0,0.0,19.0,0.0,17.0,0.0
638,0.8148148148148148,4.0,1.3082483112325418,3.0,1.0659801054487377,3.0,31.0,0.0,16.0,0.0,15.0,0.0
639,0.7777777777777778,4.0,1.136171621386848,3.0,0.8836890388564373,3.0,29.0,0.0,13.0,0.0,12.0,0.0
640,0.7037037037037037,4.0,0.8953972494571618,3.0,0.6300943607291138,3.0,26.0,0.0,8.0,0.0,8.0,0.0
641,0.48148148148148145,3.0,0.66324656707263,2.0,0.31934093970163663,3.0,16.0,0.0,3.0,1.0,4.0,0.0
642,0.3333333333333333,3.0,0.45836164176246275,2.0,0.1527872139208209,2.0,9.0,0.0,1.0,1.0,1.0,0.0
643,0.25925925925925924,2.0,0.2730601934870928,2.0,0.07079338349665369,2.0,5.0,1.0,0.0,10.0,14.0,29.0
644,0.14814814814814814,2.0,0.07384751330785665,1.0,0.010940372341904687,1.0,0.0,1.0,0.0,19.0,0.0,90.0
645,0.0,0.0,0.0,0.0,0.0,0.0,0.0,45.0,0.0,22.0,0.0,98.0
646,0.0,0.0,0.0,0.0,0.0,0.0,0.0,45.0,0.0,22.0,0.0,98.0
647,0.0,0.0,0.0,0.0,0.0,0.0,0.0,45.0,0.0,22.0,0.0,98.0
648,0.0,0.0,0.0,0.0,0.0,0.0,0.0,45.0,0.0,22.0,0.0,98.0
649,0.0,0.0,0.0,0.0,0.0,0.0,0.0,45.0,0.0,22.0,0.0,98.0
650,0.0,0.0,0.0,0.0,0.0,0.0,0.0,45.0,0.0,22.0,0.0,98.0
651,0.0,0.0,0.0,0.0,0.0,0.0,0.0,45.0,0.0,22.0,0.0,98.0
652,0.8518518518518519,4.0,1.1301187666974648,3.0,0.9626937642237663,3.0,33.0,0.0,13.0,0.0,13.0,0.0
653,0.8518518518518519,4.0,1.2154772228813127,3.0,1.0354065231951923,3.0,33.0,0.0,14.0,0.0,14.0,0.0
654,0.8518518518518519,4.0,1.287195073845468,3.0,1.0964995073498431,3.0,33.0,0.0,16.0,0.0,15.0,0.0
655,0.8888888888888888,4.0,1.337005332861947,3.0,1.188449184766175,4.0,34.0,0.0,17.0,0.0,16.0,0.0
656,0.9259259259259259,4.0,1.3953638832395423,3.0,1.2920035955921687,4.0,36.0,0.0,18.0,0.0,18.0,0.0
657,0.9259259259259259,4.0,1.470059992134196,3.0,1.3611666593835148,4.0,36.0,0.0,19.0,0.0,19.0,0.0
658,0.8888888888888888,4.0,1.5294279646200541,3.0,1.3594915241067147,4.0,34.0,0.0,20.0,0.0,19.0,0.0
659,0.8888888888888888,4.0,1.539234592944057,3.0,1.368208527061384,4.0,34.0,0.0,20.0,0.0,19.0,0.0
660,0.8148148148148148,4.0,1.484474822805844,3.0,1.2095720778417987,4.0,31.0,0.0,19.0,0.0,17.0,0.0
661,0.8148148148148148,4.0,1.303249251461541,3.0,1.0619067974871814,3.0,31.0,0.0,16.0,0.0,15.0,0.0
662,0.7777777777777778,4.0,1.1453755388140505,3.0,0.8908476412998171,3.0,29.0,0.0,13.0,0.0,12.0,0.0
663,0.7037037037037037,4.0,0.903671859054263,3.0,0.6359172341492961,3.0,26.0,0.0,9.0,0.0,8.0,0.0
664,0.48148148148148145,3.0,0.6773139343190533,2.0,0.3261141165239886,3.0,16.0,0.0,3.0,1.0,4.0,0.0
665,0.3333333333333333,3.0,0.4876798489316054,2.0,0.16255994964386844,2.0,9.0,0.0,1.0,0.0,2.0,0.0
666,0.2962962962962963,2.0,0.30185802861029754,2.0,0.0894394158845326,2.0,8.0,0.0,1.0,8.0,10.0,19.0
667,0.0,0.0,0.0,0.0,0.0,0.0,0.0,45.0,0.0,22.0,0.0,98.0
668,0.0,0.0,0.0,0.0,0.0,0.0,0.0,45.0,0.0,22.0,0.0,98.0
669,0.0,0.0,0.0,0.0,0.0,0.0,0.0,45.0,0.0,22.0,0.0,98.0
670,0.0,0.0,0.0,0.0,0.0,0.0,0.0,45.0,0.0,22.0,0.0,98.0
671,0.0,0.0,0.0,0.0,0.0,0.0,0.0,45.0,0.0,22.0,0.0,98.0
672,0.0,0.0,0.0,0.0,0.0,0.0,0.0,45.0,0.0,22.0,0.0,98.0
673,0.8518518518518519,4.0,1.159781397042476,3.0,0.987961930813961,3.0,33.0,0.0,13.0,0.0,13.0,0.0
674,0.8518518518518519,4.0,1.231236985715809,3.0,1.048831506350504,3.0,33.0,0.0,15.0,0.0,14.0,0.0
675,0.8888888888888888,4.0,1.2648853384756058,3.0,1.1243425230894273,3.0,34.0,0.0,15.0,0.0,15.0,0.0
676,0.8888888888888888,4.0,1.350902579618774,3.0,1.2008022929944657,4.0,34.0,0.0,17.0,0.0,17.0,0.0
677,0.9259259259259259,4.0,1.4223736958095516,3.0,1.3170126813051404,4.0,36.0,0.0,18.0,0.0,18.0,0.0
678,0.9259259259259259,4.0,1.471789819865564,3.0,1.362768351727374,4.0,36.0,0.0,19.0,0.0,19.0,0.0
679,0.9259259259259259,4.0,1.5112227735081172,3.0,1.3992803458408491,4.0,36.0,0.0,20.0,0.0,19.0,0.0
680,0.8888888888888888,4.0,1.5232145995951378,3.0,1.3539685329734559,4.0,34.0,0.0,20.0,0.0,19.0,0.0
681,0.8518518518518519,4.0,1.4718074384813464,3.0,1.2537618920396656,4.0,33.0,0.0,19.0,0.0,17.0,0.0
682,0.8148148148148148,4.0,1.3209707314856325,3.0,1.076346521951256,3.0,31.0,0.0,16.0,0.0,15.0,0.0
683,0.7777777777777778,4.0,1.119197360502136,3.0,0.8704868359461058,3.0,29.0,0.0,13.0,0.0,12.0,0.0
684,0.7037037037037037,4.0,0.9379746588566156,3.0,0.6600562414176184,3.0,26.0,0.0,9.0,0.0,9.0,0.0
685,0.5185185185185185,3.0,0.7322555855212023,2.0,0.3796880813813641,3.0,18.0,0.0,6.0,0.0,5.0,0.0
686,0.4444444444444444,3.0,0.5394490666675321,2.0,0.23975514074112536,2.0,14.0,0.0,1.0,1.0,3.0,0.0
687,0.2962962962962963,2.0,0.38335033316197364,2.0,0.11358528389984404,2.0,8.0,0.0,1.0,4.0,4.0,6.0
688,0.0,0.0,0.0,0.0,0.0,0.0,0.0,45.0,0.0,22.0,0.0,98.0
689,0.8888888888888888,4.0,1.2342619151815488,3.0,1.0971217023835989,3.0,34.0,0.0,15.0,0.0,15.0,0.0
690,0.8888888888888888,4.0,1.2781569019148855,3.0,1.136139468368787,3.0,34.0,0.0,15.0,0.0,16.0,0.0
691,0.8888888888888888,4.0,1.372486258950874,3.0,1.2199877857341102,4.0,34.0,0.0,17.0,0.0,17.0,0.0
692,0.9259259259259259,4.0,1.45788113880506,3.0,1.3498899433380187,4.0,36.0,0.0,19.0,0.0,19.0,0.0
693,0.9259259259259259,4.0,1.4742217227409904,3.0,1.3650201136490652,4.0,36.0,0.0,19.0,0.0,19.0,0.0
694,0.9259259259259259,4.0,1.5345820326167776,3.0,1.4209092894599793,4.0,36.0,0.0,20.0,0.0,20.0,0.0
695,0.9259259259259259,4.0,1.5500973297420495,3.0,1.4352753053167124,4.0,36.0,0.0,20.0,0.0,20.0,0.0
696,0.8518518518518519,4.0,1.5081827614394718,3.0,1.2847482782632538,4.0,33.0,0.0,20.0,0.0,18.0,0.0
697,0.7037037037037037,4.0,0.9725303035920279,3.0,0.6843731766017974,3.0,26.0,0.0,10.0,0.0,9.0,0.0
698,0.5555555555555556,3.0,0.8022473608666101,3.0,0.4456929782592278,3.0,19.0,0.0,7.0,0.0,6.0,0.0
699,0.48148148148148145,3.0,0.6399229604491049,2.0,0.3081110550310505,3.0,16.0,0.0,3.0,1.0,4.0,0.0
700,0.4074074074074074,3.0,0.4678486434809578,2.0,0.19060500289964946,2.0,13.0,0.0,1.0,1.0,2.0,0.0
701,0.8148148148148148,4.0,1.1998932902730095,3.0,0.977690829111341,3.0,31.0,0.0,14.0,0.0,13.0,0.0
702,0.8518518518518519,4.0,1.2541997369864564,3.0,1.0683923685440184,3.0,33.0,0.0,15.0,0.0,15.0,0.0
703,0.8888888888888888,4.0,1.2872925991126274,3.0,1.1442600881001133,3.0,34.0,0.0,16.0,0.0,16.0,0.0
704,0.8888888888888888,4.0,1.3840627573148414,3.0,1.230278006502081,4.0,34.0,0.0,17.0,0.0,17.0,0.0
705,0.9259259259259259,4.0,1.4696475266946825,3.0,1.360784746939521,4.0,36.0,0.0,19.0,0.0,19.0,0.0
706,0.9259259259259259,4.0,1.4695088320020924,3.0,1.3606563259278632,4.0,36.0,0.0,19.0,0.0,19.0,0.0
707,0.9259259259259259,4.0,1.541271411707998,3.0,1.427103158988887,4.0,36.0,0.0,20.0,0.0,20.0,0.0
708,0.5555555555555556,3.0,0.7840230680904237,3.0,0.4355683711613465,3.0,19.0,0.0,6.0,0.0,5.0,0.0
709,0.48148148148148145,3.0,0.6989848317314702,2.0,0.3365482523151523,3.0,16.0,0.0,4.0,1.0,4.0,0.0
710,0.48148148148148145,3.0,0.5382876320914491,2.0,0.25917552656254955,3.0,16.0,0.0,1.0,1.0,3.0,0.0
711,0.8148148148148148,4.0,1.2024631166558237,3.0,0.97978476171956,3.0,31.0,0.0,14.0,0.0,13.0,0.0
712,0.8148148148148148,4.0,1.2664742840178953,3.0,1.0319420091997664,3.0,31.0,0.0,15.0,0.0,14.0,0.0
713,0.8518518518518519,4.0,1.2988527839434627,3.0,1.106430149285172,3.0,33.0,0.0,16.0,0.0,15.0,0.0
714,0.8888888888888888,4.0,1.3852611049672565,3.0,1.231343204415339,4.0,34.0,0.0,17.0,0.0,17.0,0.0
715,0.9259259259259259,4.0,1.4663478031785777,3.0,1.357729447387572,4.0,36.0,0.0,19.0,0.0,19.0,0.0
716,0.9259259259259259,4.0,1.4674556403830805,3.0,1.3587552225769264,4.0,36.0,0.0,19.0,0.0,19.0,0.0
717,0.9259259259259259,4.0,1.5361767842938137,3.0,1.4223859113831607,4.0,36.0,0.0,20.0,0.0,20.0,0.0
718,0.5555555555555556,3.0,0.5925078840280209,2.0,0.32917104668223385,3.0,19.0,0.0,2.0,1.0,4.0,0.0
719,0.8148148148148148,4.0,1.1780936049317585,3.0,0.9599281225369883,3.0,31.0,0.0,14.0,0.0,13.0,0.0
720,0.8148148148148148,4.0,1.2316307795751285,3.0,1.0035510055797343,3.0,31.0,0.0,15.0,0.0,14.0,0.0
721,0.8518518518518519,4.0,1.2679981385629886,3.0,1.080146562479583,3.0,33.0,0.0,15.0,0.0,15.0,0.0
722,0.8888888888888888,4.0,1.3582975783398878,3.0,1.2073756251910113,4.0,34.0,0.0,17.0,0.0,17.0,0.0
723,0.8888888888888888,4.0,1.4164762645994615,3.0,1.259090012977299,4.0,34.0,0.0,18.0,0.0,17.0,0.0
724,0.9259259259259259,4.0,1.4529562314573856,3.0,1.3453298439420238,4.0,36.0,0.0,19.0,0.0,19.0,0.0
725,0.8148148148148148,4.0,1.1731326298453781,3.0,0.9558858465406784,3.0,31.0,0.0,14.0,0.0,13.0,0.0
726,0.8148148148148148,4.0,1.2028605588143706,3.0,0.980108603478376,3.0,31.0,0.0,14.0,0.0,13.0,0.0
727,0.8518518518518519,4.0,1.248077356984962,3.0,1.0631770078020046,3.0,33.0,0.0,15.0,0.0,15.0,0.0
728,0.8888888888888888,4.0,1.3374277050652168,3.0,1.1888246267246372,4.0,34.0,0.0,17.0,0.0,16.0,0.0
729,0.8888888888888888,4.0,1.3801654245886612,3.0,1.2268137107454766,4.0,34.0,0.0,17.0,0.0,17.0,0.0
730,0.8148148148148148,4.0,1.184195014627936,3.0,0.9648996415486886,3.0,31.0,0.0,14.0,0.0,13.0,0.0
731,0.8518518518518519,4.0,1.2330127879496395,3.0,1.0503442267719152,3.0,33.0,0.0,15.0,0.0,14.0,0.0
732,0.8888888888888888,4.0,1.3058884251906502,3.0,1.1607897112805778,4.0,34.0,0.0,16.0,0.0,16.0,0.0
733,0.8888888888888888,4.0,1.3563055476396364,3.0,1.2056049312352324,4.0,34.0,0.0,17.0,0.0,17.0,0.0
734,0.8148148148148148,4.0,1.1079428467907384,3.0,0.9027682455331942,3.0,31.0,0.0,12.0,0.0,12.0,0.0
735,0.8148148148148148,4.0,1.1517397558213616,3.0,0.9384546158544427,3.0,31.0,0.0,13.0,0.0,13.0,0.0
736,0.8518518518518519,4.0,1.2008167548921522,3.0,1.0229179763896112,3.0,33.0,0.0,14.0,0.0,14.0,0.0
737,0.8888888888888888,4.0,1.254932689199588,3.0,1.115495723732967,3.0,34.0,0.0,15.0,0.0,15.0,0.0
738,0.7777777777777778,4.0,1.0785064258283281,3.0,0.8388383311998108,3.0,29.0,0.0,12.0,0.0,11.0,0.0
739,0.8148148148148148,4.0,1.1092828848936467,3.0,0.9038601284318603,3.0,31.0,0.0,12.0,0.0,12.0,0.0
740,0.8518518518518519,4.0,1.1642630508644718,3.0,0.9917796359215871,3.0,33.0,0.0,13.0,0.0,14.0,0.0
741,0.8518518518518519,4.0,1.239945742921004,3.0,1.0562500773030774,3.0,33.0,0.0,15.0,0.0,14.0,0.0
742,0.7777777777777778,4.0,1.0521565698259274,3.0,0.8183439987534992,3.0,29.0,0.0,11.0,0.0,11.0,0.0
743,0.7777777777777778,4.0,1.0932923003958188,3.0,0.8503384558634146,3.0,29.0,0.0,12.0,0.0,11.0,0.0
744,0.8518518518518519,4.0,1.133786404877148,3.0,0.965818048599052,3.0,33.0,0.0,13.0,0.0,13.0,0.0
745,0.7777777777777778,4.0,1.0728302802799299,3.0,0.8344235513288344,3.0,29.0,0.0,12.0,0.0,11.0,0.0
746,0.8148148148148148,4.0,1.1161207319668522,3.0,0.9094317075285462,3.0,31.0,0.0,13.0,0.0,12.0,0.0
747,0.7777777777777778,4.0,1.05360610139712,3.0,0.8194714121977601,3.0,29.0,0.0,11.0,0.0,11.0,0.0
748,0.7777777777777778,4.0,1.039463158000842,3.0,0.808471345111766,3.0,29.0,0.0,11.0,0.0,11.0,0.0
