fid,AGRI_AREA,AGRI_AREA_SURR,AGRI_AREA_BLOCK,BUILT_AREA,BUILT_AREA_SURR,BUILT_AREA_BLOCK,NAT_AREA,NAT_AREA_SURR,NAT_AREA_BLOCK,URBAN_AREA,URBAN_AREA_SURR,URBAN_AREA_BLOCK,INDUSTRIAL_AREA,INDUSTRIAL_AREA_SURR,INDUSTRIAL_AREA_BLOCK,SIARL_2,SIARL_2_SURR,SIARL_2_BLOCK,SIARL_9,SIARL_9_SURR,SIARL_9_BLOCK,SIARL_12,SIARL_12_SURR,SIARL_12_BLOCK,ROADS,ROADS_SURR,ROADS_BLOCK,FARMS,FARMS_SURR,FARMS_BLOCK
15,0.128523591,0.154995113025,0.153690477982,0.34050360799999996,0.206357856272,0.21268467543100003,0.236224644,0.500053118584,0.487594788467,0.242365069,0.135339832028,0.14039488996399999,0.09813853900000001,0.071018024244,0.072289785467,0.007774481,0.005456897606999999,0.005560190124,0.002255193,0.011240238246000001,0.010805201835,0.0,0.0,0.0,3.09120429,1.803862537629,1.864311948834,0.5826315719999999,1.4827023980829999,1.4400894000500002
28,0.136416463,0.17636061818299997,0.170847313762,0.285341239,0.26241853425499995,0.265991997765,0.543564436,0.46651179478199994,0.477665945235,0.186692245,0.143849920944,0.150213823744,0.09864899399999999,0.118568613311,0.115778174021,0.004761081,0.008068213121,0.0075885961229999995,0.003919534,0.017421868921,0.015512291434999999,0.0,0.0,0.0,2.268552709,1.7595242937209998,1.833974480644,1.901459352,1.477851472441,1.5403271931419997
30,0.218953373,0.129900545984,0.139921041532,0.28558019700000004,0.17180231873600002,0.184715144554,0.44956500400000005,0.508516476851,0.5021151609700001,0.205375347,0.130493750637,0.138995898358,0.08020485000000001,0.041308568099000006,0.045719246196000006,0.001651887,0.001069548895,0.0011332841120000002,0.011204573,0.012121034958000002,0.012005098614,0.0,0.0,0.0,2.253050597,1.351820630975,1.454490999064,4.371420905,1.7449059736300003,2.044478522876
42,0.283661946,0.4251102677610001,0.404951782907,0.24148038299999997,0.24184894324700001,0.24165516513,0.40940448700000004,0.28914088762,0.30638053432600004,0.130528613,0.128016324064,0.12829957497899996,0.11095177,0.113832619183,0.113355590151,0.033871025,0.054340094266000005,0.051401889284999995,0.082656747,0.09797017099600001,0.09582463401500001,0.0,0.008179863026,0.007027650366,1.681805341,2.1672553933920002,2.0968795218759997,0.35995358,0.47597821038599997,0.459674725479
43,0.269045724,0.29591688254000004,0.291497676567,0.255645268,0.370502277525,0.351754560258,0.420758075,0.28980438967500005,0.310456268556,0.125352476,0.184326396519,0.174750782509,0.130292792,0.18617588100600002,0.177003777749,0.038889249,0.042175047780999994,0.041640919836999996,0.033653534,0.064263206527,0.05928636657300001,0.0,5.595325e-05,4.687975e-05,2.397552038,2.3707379709580003,2.373390542334,0.348626195,0.630471586966,0.584496133497
44,0.14387118,0.205779677385,0.19764753155999998,0.535183298,0.346352468581,0.371210649458,0.300874284,0.40485310529099994,0.3911002591040001,0.177200086,0.212486182551,0.20779485397699998,0.35798321200000005,0.13386628603,0.16341579548100002,0.021507355,0.021633276150999997,0.021629549693,0.015500016,0.018955210995999998,0.018500489262,0.0,0.0,0.0,1.7581819529999998,2.628758422772,2.513158022368,0.668631776,1.321779550008,1.235189318838
45,0.184200402,0.166706419018,0.16848062090899998,0.24009660900000002,0.36677434113800006,0.351237026329,0.557162154,0.3935202668650001,0.41197495588599997,0.164311579,0.22023869403900004,0.213318237605,0.07578503,0.14653564709900002,0.137918788724,0.003852624,0.008526768971,0.007951657942999998,0.02354984,0.010774215311999999,0.012266626650000001,0.0,0.0,0.0,1.939094565,2.435182222321,2.372274661883,1.516936683,1.7881535795460002,1.753487394684
60,0.36210455,0.32831551073099996,0.33368234597100005,0.347974725,0.42251993920600006,0.415332937796,0.260904662,0.199116602662,0.20709414900300005,0.196243336,0.23149189553199997,0.22820359765,0.151731389,0.191028043674,0.18712934014600002,0.061233328,0.046085291907,0.048054214115,0.043554045,0.080264102695,0.07634585054600002,0.0,0.000589595102,0.000522726262,2.696287984,2.5849182269170004,2.6076619506239997,0.377550351,0.807812159197,0.7604277845230001
61,0.150644827,0.24317274425000002,0.23265897269100003,0.605165684,0.41067521275,0.431852979846,0.19984599,0.304172391375,0.292287988431,0.385932836,0.234828765125,0.25136648822700003,0.219232848,0.17584644762500004,0.180486491619,0.01552361,0.030721866124999997,0.029004137829,0.004224849,0.0274906395,0.024880646115000002,0.0,0.0,0.0,3.807153327,2.5301635361249994,2.669379239376,1.2239165,1.4124056905,1.3900709846640003
62,0.179049135,0.19631266800000002,0.19420010316900002,0.46933786,0.41434065600000003,0.420031004988,0.312840751,0.337348618,0.334290896145,0.330293676,0.25031574425,0.25894297893,0.13904418400000002,0.16402491175000003,0.161088026058,0.003000271,0.010924915625,0.010034355156,0.016149472,0.020917613875,0.020367432513000005,0.0,0.0,0.0,3.190749401,2.55013952925,2.6186970854849996,3.138532929,1.977018643125,2.103969710214
63,0.233340768,0.182052115,0.18756310336800003,0.365342199,0.31261869575,0.31815838591499995,0.337627145,0.431548595125,0.420691765566,0.271706797,0.22147549725000001,0.226829696025,0.093635402,0.0911431985,0.09132868989,0.001661184,0.005163916625,0.0047699493870000005,0.014831222,0.023278832,0.022317868458000004,0.0,0.0,0.0,2.9707888860000002,2.1612149878749998,2.248916475579,2.422617519,2.3673897681250002,2.3711526587039997
64,0.095688841,0.14654798565299998,0.14098720414000002,0.419066166,0.21530210323299998,0.238334949212,0.423973363,0.561996115279,0.547097962844,0.333968773,0.159831367711,0.179495358281,0.085097393,0.055470735522,0.058839590931,0.0,0.001530904032,0.001360803584,0.000772528,0.018530312524,0.016558941106,0.0,0.0,0.0,2.645921256,1.7941021991699997,1.891217563385,1.837572541,2.071279927393,2.047040558615
74,0.487600897,0.708888852679,0.6826409152030001,0.30793558,0.09076499069800001,0.115625559426,0.136002101,0.176643758531,0.17179419670200002,0.198519089,0.054987930702,0.071421153624,0.10941649099999999,0.035777059996,0.044204405802,0.009227618,0.012853881266,0.012422065497000001,0.075481054,0.145687810975,0.13754031792000002,0.116865197,0.329663180737,0.30464228982900005,2.198568758,1.4266831318420001,1.5140249607440002,0.081288842,0.379553276608,0.344927895331
77,0.595371632,0.5058529119480001,0.516087207713,0.332731621,0.32955882326299996,0.329581735055,0.037210066,0.12422477001900001,0.11390914031299998,0.187779343,0.19520227943200003,0.19411123497799998,0.144952278,0.134356543831,0.13547050007699998,0.073560433,0.06165691201500001,0.06301399739,0.235058037,0.119681823802,0.13324650838899998,0.004175636,0.018964996791999998,0.017206987026,2.546389609,2.279825428685,2.30920616359,0.668754039,0.6696761138979999,0.6690188414110001
78,0.36899196,0.360968684571,0.36242392610400004,0.481633135,0.4307641356409999,0.436761050967,0.097383198,0.15829973106800002,0.15158070812000002,0.314008493,0.24712235775900002,0.25477694802699996,0.167624642,0.183641777882,0.18198410294,0.081187797,0.053143704546999994,0.056363080858,0.040804846,0.087953564328,0.08284929098299999,0.0,0.000562726586,0.000500335832,2.568834913,2.7638165457799997,2.744265851003,0.77704372,0.780826331748,0.7808627108690003
79,0.155970431,0.25284996425,0.241843486095,0.6400343300000001,0.420982863125,0.44487659308499994,0.112090613,0.2826750965,0.263457543735,0.383496329,0.26205396525,0.27527201366099996,0.256538001,0.158928897875,0.169604579424,0.012134715,0.03901897625,0.035995804274999994,0.007408449,0.0298570445,0.027335393355,0.0,0.0,0.0,3.556160858,2.53754066675,2.648069967312,1.754906507,1.3796936003750002,1.4199625394100004
80,0.282148572,0.1943856625,0.203932959792,0.315496477,0.4072162325,0.3966281234069999,0.371365394,0.35179934350000003,0.35361937576200003,0.187724146,0.2653898035,0.256503525714,0.12777233100000002,0.141826429,0.140124597693,0.02396959,0.015240097,0.016193830626,0.039304914,0.0238322085,0.025525846602000003,0.0,0.0,0.0,2.134446577,2.693238213375,2.6285191035239994,2.717017363,2.0098946085000002,2.0863753396410005
81,0.195746636,0.21077607230599998,0.209254099292,0.416340671,0.319792741222,0.33135854847799995,0.35573420299999997,0.43346171597,0.4249237727679999,0.290753437,0.23194995403999996,0.239025423532,0.125587234,0.087842787182,0.092333124946,0.00531938,0.008829776119,0.008435178214,0.040557558,0.027556710136,0.029098569973999996,0.0,0.0,0.0,2.6956579859999996,2.3191616096810006,2.3655026342920005,2.770639588,2.5211583743620003,2.5524055373400003
82,0.217200405,0.153681565676,0.16204780949900002,0.27531507099999997,0.266920711783,0.268469248033,0.48606412,0.5370853366849999,0.530804416425,0.186858967,0.20548452230199996,0.20345261541600002,0.088456104,0.061436189481,0.065016632617,0.001738601,0.0028046285699999994,0.002668961164,0.043932281,0.015946545671,0.019569036916,0.0,0.0,0.0,2.270565186,2.144602333451,2.163821869896,2.939313781,2.0998520502719997,2.2103786671970003
96,0.513509018,0.5232202731250001,0.521619103533,0.35737332899999996,0.357176477625,0.35684115165,0.077198114,0.069635770875,0.070405555191,0.1800117,0.20749658975,0.204238270398,0.177361629,0.14967988787499997,0.152602881252,0.07210356,0.062488723749999996,0.06349348185,0.147259978,0.13234519587500002,0.13386839149500002,0.0,0.039289401249999995,0.03488898831,2.768479975,2.36130378025,2.404139034087,0.433305393,0.9785175355,0.917020470147
97,0.264415167,0.3804814215,0.367217585829,0.590957644,0.441846527,0.45795601446,0.077777841,0.11924428025,0.11452226121299999,0.377777982,0.24300557287500002,0.257722304715,0.213179662,0.198840954125,0.200233709745,0.053921939,0.06353405312499999,0.062403574404,0.015258279,0.08805512699999998,0.07988662174500001,0.0,0.0005219545,0.000463495596,2.528340214,2.7038409115000004,2.681656493166,0.272661616,1.165736472875,1.065439427289
98,0.19656585,0.320905241,0.30678266335800003,0.353432419,0.43762837899999996,0.427844999061,0.405009685,0.18948115237499996,0.213215338344,0.15673796,0.266557219875,0.254100724809,0.19669445900000002,0.171071159125,0.173744274252,0.048261293,0.051914016375000004,0.05145665006399999,0.024666883,0.052414372,0.04928198634900001,0.0,0.0,0.0,2.182451584,2.50561688125,2.467239916374,1.0389321919999999,1.5052533026250001,1.451986406043
101,0.246065218,0.196290506409,0.201164307009,0.294019353,0.27104003823899997,0.272995351768,0.445635374,0.4957618105699999,0.48954242353599997,0.243068292,0.19493332955399997,0.19958087099900004,0.050951061000000006,0.076106708685,0.07341448076899999,0.001579645,0.00567938279,0.0052448494570000006,0.019567211,0.028708438392999996,0.027750511822999997,0.0,0.0,0.0,2.10240772,2.1696562147749994,2.1595066730109997,3.837704274,2.9426087345150003,3.029484134601
113,0.375244299,0.4547028193750001,0.445428220794,0.460833217,0.39015237975,0.397607800305,0.07674976,0.083654601125,0.08280450915899999,0.247157534,0.19691438875,0.202294463484,0.213675683,0.193237991,0.195313336821,0.053820346,0.054880001750000004,0.05470749996,0.111017316,0.109405243375,0.109474778193,0.0,0.041560520499999996,0.036905742203999996,2.889788513,2.61644223025,2.6441672254050004,1.4347356969999998,0.8310798278750001,0.8972545495199999
114,0.380588395,0.344184799,0.347881413357,0.45821236400000004,0.44984879149999996,0.45032729925599996,0.098019668,0.13976982500000001,0.134995787748,0.215906203,0.23990008524999998,0.236996864235,0.242306161,0.20994870625,0.213330435021,0.080595238,0.057506557624999996,0.060011894589,0.034209957,0.074634747125,0.07007296067400001,0.0,0.002673436125,0.002374011279,2.798901478,2.648005248875,2.6621067250590005,1.568690529,0.879530317,0.955147570215
115,0.457609787,0.31516479199999997,0.330661021653,0.450521801,0.39989341324999994,0.40511327087699994,0.050293138,0.23451409374999999,0.21383105356799997,0.258947021,0.2389631195,0.240942369447,0.19157478,0.16093029374999995,0.16417090143,0.086609043,0.051775093375000004,0.05558988669,0.10401555,0.060704537875,0.065451355683,0.0,0.0,0.0,2.319720362,2.39048024,2.380235413302,1.6495237059999999,1.2026874373749998,1.251083575755
116,0.438637963,0.29105347974999995,0.30714430391100006,0.36030631999999996,0.34867246375,0.34961514933,0.172646116,0.32029328437500004,0.303584155401,0.246884292,0.2114615715,0.215182031904,0.11342202800000001,0.13721089225,0.134433117426,0.051839827,0.0390704655,0.040448794160999994,0.123419913,0.059111278875,0.066190425984,0.0,0.0,0.0,2.946469314,2.337854706875,2.4030730735590002,1.8102888480000001,1.9446347265000004,1.9277776992600002
117,0.294427978,0.24669637177099998,0.252727891208,0.351059941,0.309511696144,0.31479278823900003,0.302827737,0.3867089860509999,0.376131836014,0.236199231,0.21366866186400002,0.216509956602,0.11486071,0.09584303427999999,0.098282831637,0.008052264,0.022205049524,0.020435827985000002,0.03712506,0.05077301617199999,0.04909331596600001,0.0,0.0,0.0,2.765146026,2.4633742870099997,2.5019593402969997,3.893047772,2.5637689318799994,2.728213136787
118,0.222456428,0.17659801274700002,0.179644078887,0.303552907,0.27844445117,0.280376814466,0.457255504,0.479309866562,0.477289578217,0.238997108,0.19402047428799998,0.19704641498300002,0.064555799,0.08442397688199998,0.08333039948299999,0.014788605,0.0050844670439999995,0.005695755895999999,0.002116978,0.019620900326,0.018573348526,0.0,0.0,0.0,2.3981919510000003,2.3274833656619998,2.334350826718,7.970245069000001,2.799228550681,3.121213239529
132,0.337617025,0.48411500812499997,0.46736961699,0.485195286,0.376665211625,0.388335384669,0.042795612,0.044406486625,0.044183273055,0.212504558,0.168638689,0.17333916177,0.272690728,0.20802652262500002,0.214996222899,0.050645374,0.028630733749999998,0.031045728084,0.098120679,0.099471533125,0.09922211678399999,0.030196804,0.19298460937500003,0.17472217836900003,3.055071323,2.7653786900000004,2.7947691935730004,0.821117658,0.696802513125,0.709904691693
133,0.297559906,0.320781629875,0.317883236895,0.503783703,0.5032665603750001,0.502820696646,0.083781391,0.06720377425,0.06897668593499999,0.147918963,0.2533237675,0.24137051043300004,0.35586474,0.249942792875,0.261450186213,0.04304475,0.037270316250000005,0.03787400808,0.065144436,0.072525496125,0.071633672955,0.021387489,0.034697603125,0.033185482854,3.847229392,2.9657212786250002,3.060602957931,1.218507215,0.831228679625,0.873385368372
134,0.268435719,0.283817711,0.281826492177,0.47056267300000004,0.534987838375,0.52730165718,0.175164372,0.09118509675,0.100415611206,0.279303996,0.278615264625,0.278413098543,0.191258677,0.25637257374999994,0.248888558637,0.028597975,0.04613956574999999,0.044146309611,0.03845115,0.057583800124999994,0.055402492161,0.0,0.002673436125,0.002374011279,2.509293365,3.1167412975,3.0461978356949997,0.42926950199999997,1.033303939875,0.9652228133309999
135,0.380138646,0.313944050125,0.320977706217,0.411325546,0.472578444875,0.46530679465499997,0.172184299,0.155537341,0.157229615997,0.271345526,0.283793513125,0.282127993041,0.13998001999999998,0.18878493175,0.18317880161399996,0.073693555,0.042280427125000006,0.045725003891999995,0.091264385,0.062257548875,0.065415050136,0.0,0.0,0.0,2.138738586,2.9408057139999997,2.8488354570779997,0.559307215,1.4416801535,1.342295077173
136,0.373656943,0.29565096999999996,0.30401398203300006,0.350485379,0.42864720074999996,0.419542591335,0.239037518,0.2290926685,0.229967454126,0.216035704,0.27334006775,0.266705943306,0.134449675,0.155307133,0.15283664802900002,0.052236938,0.030952425125,0.033284053629,0.103472668,0.06030441975,0.06503579088599999,0.0,0.0,0.0,2.827586045,2.8770402489999998,2.868673792107,2.450455465,2.120952065375,2.155405990668
137,0.182260981,0.236799343404,0.22933687450899995,0.464477927,0.30774608563399997,0.325433385481,0.301747537,0.382780308518,0.372359361377,0.248229737,0.21403712580400003,0.217385564644,0.21624818999999998,0.09370895983000002,0.108047820837,0.007690308,0.017842501139000003,0.016552509915,0.02952645,0.046615188542,0.044374189254,0.0,0.0,0.0,3.326251387,2.602735398662,2.680599575583,2.236199829,2.7755861828280004,2.7016204318670005
138,0.039212027,0.14447394498799998,0.12996564621599999,0.282301416,0.22721279137699998,0.23455147660800002,0.452990371,0.536004220776,0.5249561819640001,0.23845652,0.15321570099999998,0.16477818933399999,0.043844896,0.073997090377,0.06977328727399999,6.81e-05,0.003787733538,0.003276889359,9.08e-05,0.015875874098000002,0.013689307545,0.0,0.0,0.0,2.789917782,2.039393933162,2.140961391466,2.3622143319999998,2.6992597635249997,2.6538397764499995
149,0.482371094,0.7878027131249999,0.7531120006890001,0.331430157,0.10334336975000001,0.128557659765,0.108574244,0.07012718862499999,0.07432468458300001,0.179581077,0.06755663925,0.079923795201,0.15184908,0.035786730499999996,0.048633864564000005,0.026462919,0.061914814500000005,0.057917739285,0.06454763,0.13329102137499999,0.125527213911,0.152617854,0.267071473125,0.254100049929,2.665905244,1.6595477269999999,1.76959386366,0.47488472,0.6498163562499999,0.6297491282700001
152,0.496593277,0.5647869695,0.5566526826629999,0.321013819,0.32094819687500004,0.320634532734,0.07395506,0.04027302025,0.043971453642,0.124421666,0.15512425075,0.15156113959200002,0.196592153,0.165823946125,0.16907339314199998,0.032757414,0.025273516625,0.026078955717,0.058011734,0.09363500975000001,0.089587191132,0.271726142,0.29263070450000006,0.29001766735800005,3.075372087,2.304691400125,2.387932264968,0.114205568,0.46026403425,0.421391280462
153,0.139816076,0.36207281449999995,0.337040243712,0.677424692,0.4791515945,0.500680756728,0.019562563,0.040459620499999994,0.038099587497,0.339834944,0.21095051225,0.22504573366200004,0.337589748,0.26820108225,0.27563502306599996,0.002588913,0.027935318375,0.025093932060000004,0.012491505,0.0695874105,0.063180177579,0.049113837,0.14133721112500003,0.13095907938600002,3.279430329,2.9140155266249996,2.9516625541620005,0.503434486,0.571944923375,0.563768319903
154,0.060811201,0.20841648837500001,0.19182388498800002,0.7248266720000001,0.614601146125,0.626221578351,0.01201918,0.05509422337499999,0.050257799337,0.287456782,0.30971593137500003,0.30693544986300003,0.43736989000000004,0.3048852147500001,0.319286128488,0.00401311,0.029404077249999997,0.026556275808000004,0.00770171,0.03919448625000001,0.035659593600000004,0.0,0.01487800825,0.013211671326000003,3.7708433130000003,3.19048989375,3.251718633393,0.794902252,0.58084754175,0.604026767046
155,0.185983476,0.20053848475,0.198722340294,0.638493468,0.608195222875,0.610950132861,0.075648387,0.08315375875000001,0.08223750872700002,0.37931599,0.32079219837500006,0.32696754704700004,0.259177478,0.28740302450000005,0.28398258581400004,0.020359813,0.028946079249999996,0.027964057617,0.025628266,0.034822483375,0.033767102763,0.0,0.002673436125,0.002374011279,3.702782959,3.191736929375,3.245271301734,0.24038555,0.657989493625,0.6109774663890001
156,0.132605978,0.265454278,0.25044266242200003,0.631905936,0.5195995245,0.531545936652,0.160784951,0.149907299375,0.150964811406,0.420874098,0.31118506225000003,0.323049360156,0.211031838,0.20841446225,0.208496576496,0.006980671,0.0337321765,0.030729027213000002,0.021688781,0.047166644625,0.044291435118,0.0,0.0,0.0,3.465925777,3.086717546125,3.125722942206,0.8003793549999999,1.21499390425,1.167756695379
157,0.27403414,0.253364989125,0.255405899883,0.42013961800000005,0.4669540255,0.46129067224199993,0.272704578,0.224716442625,0.229818409209,0.253080801,0.29589443037499996,0.290846223084,0.16705881700000003,0.171059595125,0.17044444915800003,0.011023912,0.022452875499999997,0.021161807675999993,0.047174106,0.047030542749999994,0.04699944772800001,0.0,0.0,0.0,2.955766412,3.13989078025,3.116313084594,2.584448273,2.095970530625,2.148095589498
158,0.205492287,0.182540040684,0.18528602076099998,0.339440517,0.32632819435800003,0.32818094447199997,0.399552992,0.41932399659600006,0.417633373313,0.251159836,0.21147491958000003,0.216187093432,0.088280681,0.114853274778,0.11199385103999998,0.001729821,0.010590059232,0.009607148636,0.028221113,0.031484499504,0.031147016704000004,0.0,0.0,0.0,3.0983041279999997,2.621141508672,2.6778435981940003,3.434421525,2.43301727469,2.548124637524
175,0.593765162,0.5200947018750001,0.527752028247,0.253350941,0.35414827037499996,0.342605618544,0.055493208,0.042560976625,0.043953893331,0.104933558,0.15145382375,0.14613862042800002,0.14841738299999999,0.20269444662499997,0.19646699811600002,0.030379856,0.026334015250000002,0.026756769558,0.183670827,0.108071670375,0.11635510509,0.206628332,0.20907751012500003,0.20859657384299998,2.2780897290000004,2.46592238925,2.442607041573,0.372311342,0.435871978625,0.42838087598100005
176,0.22100451,0.296361465,0.28770048153,0.6576718,0.525942666625,0.5400386577630001,0.026855772,0.03556834550000001,0.034565681496,0.344183866,0.21651475,0.23046950712600003,0.31348793399999997,0.30942791662499997,0.309569150637,0.039016857,0.018210256499999997,0.020501578899000002,0.052126867,0.07227564175,0.069966852111,0.018325936,0.086554083125,0.078894204711,2.75856544,2.969792446625,2.9433764564430005,0.796973001,0.423494846375,0.4645274266920001
177,0.009378117,0.16422526737499998,0.146873008416,0.820512604,0.6504758535,0.6686994569520001,0.002733228,0.034282690500000004,0.030746417471999996,0.423924558,0.304675378,0.317607361602,0.396588046,0.34580047550000004,0.3510920953500001,0.000367115,0.022584363375000003,0.020095664442000002,0.000982573,0.026030575749999996,0.023224216869,0.0,0.008429971625000001,0.007485814803,2.956459142,3.32927848775,3.2845662618839997,0.211763863,0.5446726895,0.507175137069
178,0.207537078,0.137513936125,0.145148990937,0.663164943,0.6559438420000001,0.6560894403690001,0.014212462,0.064253854625,0.05863500618900001,0.350740576,0.35376367612500004,0.35307434833499995,0.31242436700000004,0.302180165875,0.303015092034,0.050611821,0.013763986874999998,0.017840332476000004,0.020610414,0.017918901625,0.018199740597,0.0,0.0,0.0,3.4150872,3.39615615125,3.3948613415100004,0.425329059,0.624983892375,0.6021972219780001
179,0.247841233,0.22169118475,0.22437214892100002,0.639479706,0.547985611875,0.5575934707109999,0.044350187,0.13504705887500001,0.12484465903799999,0.384773088,0.33557139950000003,0.34069721552399995,0.254706618,0.212414212375,0.216896255187,0.024259637,0.019020361375,0.019582900608,0.032736418,0.029554854999999994,0.029878453637999996,0.0,0.0,0.0,3.43031866,3.3664209069999993,3.3701471366759996,0.8244574880000001,1.3372463785,1.278989565276
180,0.186006989,0.271011055125,0.26130459273,0.563144863,0.4358045273749999,0.449503500102,0.20595659200000002,0.21215312137500003,0.21125315349300003,0.354884817,0.283111774,0.29079546999899997,0.208260046,0.152692753375,0.158708030103,0.009073761,0.011756339499999999,0.011446816947,0.01799575,0.041055520125,0.038454830121,0.0,0.0,0.0,3.714167142,3.1796105362500002,3.235766708952,2.206298682,2.45187178775,2.422161301224
181,0.318916856,0.202453748125,0.215178699351,0.33537233,0.2971083845,0.301058574066,0.274117465,0.434407202625,0.416180634546,0.219852637,0.19700491912499998,0.19934401089000003,0.11551969299999999,0.10010346537499999,0.10171456317599999,0.003958313,0.0062717154999999995,0.006008656107,0.051338777,0.02581589475,0.028623118785,0.0,0.0,0.0,3.1178345170000004,2.542495851875,2.6038159478519995,4.256244686,3.013855450875,3.148746800523
201,0.259397369,0.41987136700000005,0.401638881855,0.5109109159999999,0.44688433225,0.453544398714,0.0455979,0.03607052825,0.03709199598599999,0.123359737,0.20694874624999998,0.19746341747700003,0.387551179,0.23993558599999998,0.25608098123700007,0.027889821,0.03536339675,0.034498466445,0.07011281,0.142014433125,0.133891338525,0.0,0.0507122445,0.045032473116000005,2.869849593,2.6458488192500003,2.668067056317,0.585602159,0.51391727675,0.521360381403
202,0.131856855,0.29000219275,0.272158058067,0.647410055,0.5618813002499999,0.5708131107269999,0.045632023,0.03008131,0.031777357833,0.237869237,0.267843563375,0.26424856958400006,0.40954081800000003,0.294037736875,0.306564541143,0.022922295,0.036473135875,0.034932519402000005,0.012612126,0.07825387874999999,0.070889390316,0.0,0.0024285485,0.002156551068,3.158125942,3.0124505528750003,3.025608070515,0.612293895,0.5690716690000001,0.573300264417
203,0.107395574,0.25701462124999996,0.24014989238400003,0.683904282,0.57389377,0.585531043062,0.034733237,0.055520335125,0.053157446898000005,0.374641892,0.29934219125,0.307401115842,0.30926239,0.27455157875,0.27812992721999996,0.013272277,0.032707702,0.030517662123,0.006960908,0.051284984124999995,0.046313726691,0.0,0.0001378065,0.000122372172,3.679543126,3.15012815425,3.20574308796,0.39846111400000006,0.7183138660000001,0.6820918966620001
204,0.224239055,0.29832168924999997,0.289800195159,0.46101801299999995,0.505583489875,0.500131138452,0.138129644,0.11938103250000001,0.12134274734400001,0.321253764,0.29821529474999997,0.30047434954200003,0.139764249,0.207368195125,0.19965678891,0.017936977,0.033156019125,0.03143354943,0.035040431,0.050099098749999994,0.048377487531,0.0,0.0,0.0,3.005250291,3.3164591905000003,3.278598543465,1.117227622,1.674521125625,1.610987025597
205,0.455727188,0.295081747875,0.312618309981,0.32211377199999996,0.41609734350000005,0.40524906971999997,0.17820662,0.2050247475,0.2018429106,0.229779258,0.2688182225,0.264216079218,0.09233451399999999,0.147279121,0.141032990502,0.022903659,0.02090892275,0.021109429551,0.061340184,0.047229019,0.048748129295999997,0.0,0.0,0.0,2.9928443490000003,3.1721095046250003,3.149038962846,2.925441373,2.7257656095,2.7452038536389995
206,0.309231704,0.23735251462499996,0.245093752131,0.336966327,0.292894265375,0.29749336995000003,0.229378534,0.40097091125000006,0.38152318646399996,0.18412071,0.19869566399999997,0.19687914844200002,0.152845617,0.094198601375,0.10061422150799999,0.005257726,0.0098213765,0.009304989918,0.050904351,0.029150672125,0.031536179808,0.0,0.0,0.0,3.370640156,2.623982166625,2.704237221279,3.67235398,3.76041111625,3.7468763630099997
230,0.404728241,0.420368970125,0.41821248022199997,0.471788011,0.43984718625,0.44295277061099997,0.041965923,0.041630596,0.041626186701000004,0.21657901,0.18489277525,0.188225054532,0.255209001,0.254954411,0.254727716079,0.033019531,0.04430429825,0.043007384787,0.114060592,0.1255329625,0.12413399641200001,0.001102452,0.005505048625,0.005010855351000001,2.5279974860000003,3.02525565325,2.967034741032,0.6138793579999999,0.8564408586250001,0.8286600911970001
231,0.42694308,0.35731139024999997,0.364683196422,0.483164103,0.47157013449999996,0.472385494869,0.032279004,0.070639225625,0.066310601799,0.200164538,0.247338452,0.24185480909399998,0.282999565,0.22423168249999995,0.23053068577500002,0.048133606,0.05064657425,0.0503169882,0.105234124,0.0883996525,0.090179879184,0.0,0.00167879875,0.00149077329,3.766995463,2.921653421375,3.012564734574,0.984217184,1.018018233625,1.013248298883
232,0.403593311,0.371197321125,0.37442207868000005,0.404612725,0.416284721375,0.414572845056,0.12486021,0.13223758312499997,0.131286457125,0.259432759,0.25239991624999997,0.252928161879,0.145179966,0.16388480512499998,0.16164468317699998,0.064410634,0.047250917125,0.049108394781,0.089003195,0.073244751375,0.07492069386599999,0.0,0.0,0.0,2.94079105,3.0271941122499997,3.0145761782280003,0.9573424589999999,2.26276891475,2.115603809247
233,0.351529061,0.347800113,0.347866226115,0.285083525,0.34495762125,0.33796663894499995,0.320449948,0.22792352549999997,0.23796603487200002,0.23130543,0.22700056387499998,0.22725140345100006,0.053778095,0.117957057375,0.110715235494,0.032582758,0.034551610625,0.034298516373,0.066911797,0.064823194625,0.064990206294,0.0,0.0,0.0,2.5919265339999997,2.805461545625,2.7789536977890004,4.674621646,2.8617414552500002,3.0601094149679997
234,0.319295774,0.24440021224999997,0.252469219392,0.303101259,0.27975798025,0.282069326211,0.3029554,0.37975427049999994,0.37084984160400003,0.194922575,0.18737848812499996,0.18802850328000004,0.108178684,0.09237949212499998,0.094040822931,0.009791576,0.011269259875000001,0.011093967705,0.033901433,0.033003070625,0.033069785778,0.0,0.0,0.0,3.205947687,2.54995588075,2.6202210153630006,4.097578313,3.92588560175,3.9410176070969998
253,0.55738464,0.595051895125,0.5902757779109999,0.376148102,0.29200563775,0.301053445644,0.022140952,0.060951884500000005,0.056582919108,0.162032443,0.13398305862499998,0.13696255723200002,0.21411565899999999,0.158022579125,0.164090888412,0.034077403,0.05862108525000001,0.05583811543500001,0.207489682,0.193292396125,0.194675002461,0.012327938,0.004475581125,0.005342717157000001,2.7034013530000003,2.583988272375,2.5946591360520004,1.4906715149999998,0.9733156214999998,1.029768810057
254,0.509672084,0.520324000375,0.518621313657,0.368052875,0.35781558487500004,0.35859410849400003,0.078921242,0.067987471,0.06913313211,0.1697277,0.18475066275,0.182898363222,0.198325175,0.17306492212499996,0.17569574527200002,0.092570155,0.06727775012500001,0.070017929316,0.077067873,0.160243810125,0.15085103729399998,0.0,0.00167879875,0.00149077329,3.096872833,2.6743772278749995,2.718599862816,1.546457498,1.245756834,1.27788885087
255,0.519621362,0.43828046912499996,0.446871027765,0.35962701300000005,0.34710319750000007,0.3481462378230001,0.078730574,0.16452312275,0.15483562671599999,0.237170811,0.20385582725,0.20734993461900003,0.122456202,0.14324737025,0.140796303204,0.126963322,0.061104737375,0.068353935531,0.164962413,0.100603524,0.10764675715500001,0.0,0.0,0.0,2.2612452899999997,2.7477372315000004,2.690988888762,1.407812408,2.330457499375,2.2257134367330003
256,0.374451165,0.3469169845,0.34962636155099996,0.367314188,0.29148093750000004,0.29960694736800003,0.196450396,0.312492524,0.299299355268,0.255155937,0.196004728375,0.202374507804,0.11215825099999999,0.095476209125,0.09723243956399999,0.023644583,0.04367131637499999,0.041404677654,0.068440281,0.074518227625,0.07376905732200001,0.0,0.0,0.0,2.822875012,2.435280558375,2.4758682621690005,5.047912473,2.8812383783750004,3.1188579645000005
258,0.071848188,0.140443738125,0.132689188323,0.328044484,0.139663378625,0.160434017943,0.399263172,0.646136225875,0.6180871806689999,0.219069203,0.09547794374999999,0.10910109558299999,0.10897528100000001,0.044185434875,0.051332922360000005,0.0,0.002143981125,0.001903855239,0.0,0.007483414375,0.006645271965,0.0,0.0,0.0,2.7263825290000003,1.6547548887500003,1.772050801929,1.8368254689999999,2.3911213829999998,2.327203415163
272,0.599616377,0.79668429275,0.774013069809,0.26520025399999997,0.13707374987499998,0.151158718083,0.079721617,0.04243591225,0.046532189565,0.113320625,0.06434492512500001,0.069716882886,0.151879629,0.07272882474999999,0.08144183519699999,0.011314336,0.026074456124999996,0.024410008334999997,0.261381619,0.37673022275,0.36354979751100003,0.018763928,0.031918286625,0.030426234530999997,2.507381809,1.934510158375,1.9961644014360003,0.799885295,1.1865875605,1.142477021469
277,0.56259369,0.455416420875,0.46685768132699995,0.258429442,0.33540016850000004,0.32652101769,0.132551177,0.1622978365,0.158833659459,0.156482105,0.197280635375,0.19255471786800002,0.101947337,0.138119533125,0.133966299822,0.089059131,0.064093098625,0.06680023512,0.168962042,0.12354408687499999,0.12846193580700002,0.0,0.0,0.0,2.113576469,2.396703722875,2.362879893972,1.941747608,2.497198721375,2.433046449069
278,0.251602747,0.3614561375,0.34890095501699997,0.31962497300000003,0.271414515,0.27649446132300004,0.372513312,0.33044520274999994,0.334784317674,0.21012759,0.175766925125,0.17940519200100002,0.109497383,0.09564758987500001,0.097089269322,0.019278937,0.04211058912499999,0.03953416515,0.047264841,0.09571653325000001,0.09024267887700001,0.0,0.0,0.0,2.161160164,2.2052432555,2.198144789088,2.235106083,3.2397990705,3.1250383498170002
298,0.481450539,0.5861875857500001,0.573975585975,0.314233378,0.3027672835,0.303737252706,0.12562279,0.066843026875,0.073300737555,0.173435007,0.151215782125,0.15353090030400002,0.140798371,0.15155150137499998,0.150206352402,0.041196193,0.05555185612500001,0.053902825662000005,0.110956089,0.20202148250000002,0.19171120233900002,0.0,0.0,0.0,1.91183992,2.2490224862499995,2.20934619891,2.154633833,2.0402236411250003,2.050882948782
299,0.492982321,0.457167186375,0.46068549913199996,0.341568719,0.34697842087499997,0.346030965546,0.123445313,0.147677257,0.144839833959,0.176969552,0.195973494,0.193668082944,0.16459916700000002,0.151004926875,0.15236288260199998,0.05602711,0.05207885125,0.052465029120000006,0.193956651,0.126323360625,0.133704332496,0.0,0.0,0.0,2.095519595,2.23109566525,2.213815625787,2.794134439,2.4315120615,2.469331633341
300,0.387692534,0.321888040875,0.328870451571,0.322236453,0.29701384775,0.299516543085,0.264539372,0.3426965455,0.333678402696,0.207207927,0.18116184387499998,0.183871797258,0.11502852599999999,0.11585200387500001,0.115644745827,0.033906394,0.029122947625000003,0.029624787225,0.143760508,0.0725687885,0.08039850057600001,0.0,0.0,0.0,2.336416642,2.17941776175,2.194665219696,3.5352779930000002,2.835956227875,2.910744987576
319,0.436116947,0.47742645612499995,0.47236367415599995,0.47208710299999995,0.360620112625,0.37263232844399996,0.049934375,0.1148347305,0.107515956309,0.233652723,0.205052258,0.20802185735699996,0.23843438,0.155567854625,0.164610471087,0.047899132,0.0435487465,0.043988090544000005,0.112837011,0.1491911585,0.145006656969,0.0,0.0,0.0,2.675996536,2.150813527625,2.206958028027,2.317506385,2.751205401125,2.700313604934
320,0.30206692,0.32873361149999997,0.325444875132,0.478576198,0.30481325549999994,0.323796128862,0.14945176300000002,0.335633454125,0.314631652956,0.283428855,0.18212507737500003,0.19318767161399997,0.195147343,0.122688178125,0.13060845724800005,0.018776696,0.026531517500000004,0.025644200795999997,0.041163461,0.08658705562499999,0.08145844956600001,0.0,0.0,0.0,2.403787274,2.101399820125,2.132863427685,3.269475326,2.965784202375,2.9965281328950004
339,0.597412074,0.47827288649999994,0.491019063426,0.357086598,0.38292188874999994,0.37967124958799997,0.0074665669999999995,0.094771544125,0.08498592011999999,0.148245577,0.213958534125,0.20645043735000002,0.20884102100000002,0.168963354625,0.173220812238,0.064194456,0.044659902125,0.046783577703,0.229796449,0.13814272825,0.148178148525,0.0,0.0,0.0,2.523463295,2.2243311547499998,2.255310491163,3.729544233,2.682519437625,2.796056670474
340,0.19708868,0.335770747,0.320041266816,0.540389733,0.318252506875,0.342591486468,0.204476951,0.31237038100000003,0.30008183988899995,0.367146913,0.178321490625,0.19910279101800002,0.17324282,0.13993101625,0.14348869544999998,0.010062238,0.026731120749999997,0.024854143644,0.006050355,0.069350327125,0.06225467989200001,0.0,0.0,0.0,2.4820022109999997,2.1522689923750002,2.18671711065,1.221326989,2.9956217335,2.7956793951270003
359,0.594078555,0.523096225,0.530452167405,0.288689862,0.32377828124999997,0.319559688432,0.097375938,0.11716472349999998,0.114851003586,0.088503802,0.18759477700000002,0.17640808399799998,0.20018606,0.13618350424999998,0.143151604434,0.064002166,0.05161410475,0.05293756544399999,0.146341728,0.17394712875,0.17070898213800004,0.0,0.0,0.0,2.2420516380000004,2.0859565605,2.101197157542,3.113869199,3.217929693875,3.2031610492500002
360,0.289020636,0.35414833237500004,0.346565009745,0.535085492,0.27190360087500004,0.300844887189,0.115324094,0.346337203625,0.320348411253,0.334857626,0.15603317762500002,0.17572665821699998,0.200227866,0.11587042325,0.125118228972,0.018813706,0.026327182374999997,0.025466859315,0.018878768,0.07135393524999999,0.06545783775,0.0,0.0,0.0,2.898333611,1.9301020175000003,2.0356456223609998,2.656238845,3.4463801255,3.355228063239
381,0.291889755,0.3509888515,0.344077862937,0.24514250199999998,0.255658722125,0.25423576296899997,0.440829928,0.367980276625,0.375698607651,0.163410655,0.14691916837500002,0.148602804222,0.081731847,0.10873955375000001,0.105632958747,0.003956983,0.023256844250000002,0.021091302806999997,0.007436959,0.054837148625,0.049520890427999995,0.0,0.0,0.0,1.583925856,1.879738500625,1.8450235585709998,3.799223422,3.9373801352499997,3.918107359944
401,0.444507389,0.49766885699999996,0.491270265195,0.303890226,0.22693559387499998,0.235250622447,0.225765733,0.24997838125,0.24704079891300001,0.15667139,0.134709207,0.13701230010600002,0.147218836,0.09222638687499998,0.098238322341,0.033265092,0.03572948225000001,0.03542020545,0.088616644,0.17574041825,0.16589393889,0.0,0.0,0.0,2.15862944,1.7109685926249998,1.758947978091,4.654493165,3.487414702375,3.6134729970239996
421,0.394650202,0.436933972,0.431803539558,0.357698608,0.192779663,0.21089288623199998,0.20044684100000001,0.314145340125,0.30121066138200003,0.225995026,0.11424633000000001,0.12653618892600002,0.131703582,0.07853333299999998,0.08435669730600001,0.018526138,0.020207266000000005,0.020000453526000002,0.064814414,0.13858683662500001,0.130259510877,0.0,0.0,0.0,2.125892197,1.5142347637499998,1.5806145040770003,2.291852669,2.93193617125,2.8579549663290003
434,0.345052566,0.786788766734,0.7541774858500001,0.386943004,0.136742834428,0.15529651874499997,0.083923331,0.04380652378199999,0.04670114052800001,0.203625816,0.061897823222,0.072404474715,0.183317188,0.074845011206,0.08289204403,0.043831522,0.044126591286,0.044086593053,0.093478261,0.387278781438,0.36549181653,0.0,0.0,0.0,2.141309852,1.6956653806919997,1.7285801861100003,0.003416432,0.5798461421619999,0.537240924399
441,0.565061902,0.5879933916250001,0.5848600028850001,0.319349318,0.229276649,0.23904543861,0.074477002,0.120107687375,0.114922573611,0.177547827,0.125911222375,0.131516974266,0.141801491,0.103365426625,0.107528464344,0.023126514,0.0214618495,0.021625165409999998,0.198111371,0.295353977375,0.28426469409,0.0,0.0,0.0,2.197811317,2.259522586,2.2504131125549995,2.31996724,1.983842229125,2.019168263103
484,0.591534925,0.612347281375,0.609424762536,0.341193341,0.292739556,0.297825186579,0.027381661,0.055389170375000005,0.052224947664,0.120687043,0.14944705825,0.146105249499,0.22050629800000002,0.14329249775,0.15171993708,0.029042505,0.022792466500000004,0.023463428307,0.353728634,0.3216593015,0.32489733810599997,0.0,0.0,0.0,3.0934644749999998,2.5271854617500003,2.5875152467589997,1.468836761,1.959826179,1.9033665274229998
485,0.525690021,0.39854526612499996,0.41225978865,0.353012473,0.28856580362499995,0.295430818122,0.084812449,0.267592738125,0.247036533294,0.16734617,0.15084509424999998,0.152525868564,0.185666303,0.137720709375,0.14290494955799998,0.015986674,0.012649580875,0.013007348631,0.210671484,0.163074552875,0.16819473767700002,0.0,0.0,0.0,2.291156976,2.4953401948750003,2.470180517385,2.949975217,1.598404393625,1.746830350626
509,0.403389845,0.49650508200000004,0.485672785611,0.5062281510000001,0.308757789125,0.33036824150399996,0.021621829000000002,0.14589835825,0.13195776514500002,0.23713059,0.149359635125,0.158952851481,0.269097561,0.159398154,0.171415390023,0.018062983,0.0260055315,0.025097903085,0.216226435,0.2277084305,0.226206220569,0.0,0.0,0.0,3.987017174,2.24883608975,2.4395253540120003,0.5909440499999999,1.905135665625,1.7573552606249998
510,0.255246156,0.29019472462499996,0.28602523878299996,0.45133028699999994,0.283259228875,0.30163185709799994,0.230967736,0.38672833424999997,0.36905217951,0.284874788,0.1469562615,0.16211826168,0.166455499,0.136302967375,0.13951359541799999,0.0,0.0104169295,0.009250233396,0.010156073,0.11326732212500001,0.10170870615,0.0,0.0,0.0,2.543376243,2.1104482829999998,2.156392838277,0.797321544,1.396425960625,1.328528944419
535,0.312595169,0.42050383625,0.40810547034899997,0.42009826699999997,0.3136705739999999,0.325170377349,0.15112948399999998,0.228400855125,0.219595332075,0.202279897,0.13776262374999998,0.144786278457,0.21781836999999998,0.17590795025,0.18038409889200002,0.012715939,0.0214294865,0.020440853241,0.115145688,0.17972850950000002,0.172380087804,0.0,0.0,0.0,2.5825410929999997,2.2185806422500005,2.2567616716410006,0.9072793960000001,1.3767641636249999,1.3232745902549998
536,0.163542218,0.22519766587500004,0.218128713495,0.236982638,0.27081636662499997,0.26679000638100003,0.570450008,0.46599241237500005,0.47712121307700006,0.170051427,0.142657732,0.145555774413,0.066931211,0.128158634625,0.12123423196800001,0.007527335,0.006303667625,0.006433191036,0.005969956,0.06644269325,0.059663776722,0.0,0.0,0.0,1.426067838,1.8849077082499999,1.832091574944,1.061160732,0.8846784645,0.9033833177280002
561,0.471459131,0.428372078375,0.432726369138,0.32943825799999993,0.264918562375,0.27181533002700003,0.171838492,0.2736671625,0.26209051291200003,0.143485754,0.11360718337499999,0.116810097531,0.185952504,0.15131137900000002,0.155005232496,0.019650419,0.018303042124999995,0.018434297916,0.189341889,0.168501798875,0.17064654708,0.0,0.0,0.0,2.332289617,2.0260928697500002,2.058054615825,0.6448269,1.714120039375,1.5937143808649998
637,0.592219242,0.57034740275,0.572204829504,0.23796259800000003,0.160898639,0.16929183981,0.09093736799999999,0.052240790375,0.056483869701,0.118990096,0.090823346,0.09385903190400001,0.118972502,0.070075293,0.075432807906,0.043805229,0.033776426625,0.034855847262,0.15633935,0.186792413625,0.183225331149,0.0,0.0,0.0,2.464464433,1.6311814043750001,1.722044639148,2.393676779,2.0186621015,2.0582700686010003
639,0.447570511,0.22599695800000003,0.250365625425,0.251095271,0.11101793599999998,0.126455502249,0.152251029,0.30860808549999996,0.29094384414299995,0.199520345,0.07871852700000001,0.09204881027099998,0.051574926,0.032299409,0.034406691978000004,0.019271532,0.013571279375000002,0.014190436137,0.015194446,0.02695924,0.025626388626,0.0,0.0,0.0,2.175399551,1.200869021625,1.307841041364,2.360879145,1.8450985960000001,1.9005051383430003
705,0.394249889,0.7583198152020001,0.715238310203,0.36075894000000003,0.155340276291,0.17841473553800002,0.060188594,0.042937904985,0.04480731702600001,0.205783451,0.07645852842300001,0.091031864913,0.154975489,0.078881747868,0.087382870625,0.015025239,0.06753697398900001,0.061408713088,0.158436258,0.26001289236,0.247910431132,0.012050263,0.014931648939000002,0.014581976458,2.43631267,1.6896480123990003,1.7711168926919998,0.5870615770000001,1.08656362179,1.0272841463600002
