fid,AGRI_AREA_SURR,NAT_AREA_BLOCK,INDUSTRIAL_AREA_BLOCK,SIARL_2_BLOCK,SIARL_9_SURR,FARMS_BLOCK
1,0.9862813692145932,0.03413287690726361,0.04545071670837935,0.007708932897894134,0.09058071167584807,0.016433738119969173
2,0.9914838772813028,0.045889530359288444,0.0346257784465487,0.04471898093489639,0.10022009483477815,0.036902248781766775
3,0.9903188674333331,0.03930920228563016,0.04038629242305123,0.028763694070337062,0.08924500431041509,0.022174088307847718
4,0.9883158915600695,0.031774998596450804,0.047812644064605454,0.008847791477118004,0.0869381230587369,0.016527093835888202
5,0.9868971740681414,0.028466451204122067,0.052247268777696955,0.005447745303723934,0.08955776495448578,0.017730815976696263
6,0.16203994136965474,0.3913401432704905,0.14890405415809269,0.0077977993369463365,0.022207356858488604,0.4071575867991721
7,0.14494749622295922,0.3511112436168934,0.11965828702154051,0.004297724425542102,0.02013478196511949,0.3923174760473965
8,0.12362976254473523,0.3747419422816106,0.1089586339818689,0.0024150796547285952,0.015188853892438573,0.4026418898831718
9,0.9796560764705363,0.05881602377120999,0.03497205884362065,0.08536563804480125,0.16528655637083384,0.09575810758684017
10,0.9882668076101708,0.05024782594719451,0.03582266904940562,0.06883432832574005,0.13893018884654104,0.06838379051257427
11,0.9898470832622028,0.04355276545490055,0.04041701701125326,0.05015377923748538,0.11143367026225731,0.04074067255454601
12,0.9885496989795007,0.036287621741969193,0.049221162325042186,0.028789993243257206,0.09629673033608506,0.025615270575120672
13,0.9880425961463881,0.02906902005348716,0.056132882922861484,0.010763603801834758,0.08920047424228196,0.020537477825068335
14,0.9861318076818104,0.025087883747785724,0.05914634314812516,0.006131234384749256,0.08979403575365294,0.021687709461624072
15,0.17997781938310475,0.4492789341231987,0.24005787825957636,0.02240124791626607,0.02339896326285283,0.38921868909278995
16,0.16869523859183247,0.4272966476993084,0.1718207522428887,0.009813755568023353,0.021859222936825063,0.43517184123806274
17,0.14768436956590936,0.4108246866805375,0.1326656079938315,0.004422781647212042,0.0184690506469928,0.4539226226947685
18,0.11894994362665476,0.4203452577103011,0.10883081190249305,0.0020866902895557093,0.013430318419058646,0.4415828247419092
19,0.09507368926595451,0.4524471155448523,0.08887834495776945,0.0007533980760855192,0.00914096008821464,0.43073957732084633
20,0.9581415343056084,0.07019455930075273,0.044680459701609686,0.12106635471073948,0.1745812725244625,0.10126955056647136
21,0.9690385765896247,0.06318169290707347,0.040725072593529275,0.10561749759186856,0.17046629870554697,0.09442974323056583
22,0.982124736977901,0.050461090892463416,0.04225168546782509,0.08179246150025231,0.15411516313599977,0.07069401222948991
23,0.9824084529470452,0.041784457169933245,0.05379744907825949,0.051061348583998564,0.13575791986303323,0.04719312968051209
24,0.9753107651664247,0.03614433059397073,0.07064911166634345,0.026018098885976695,0.12431337045235659,0.0347970485923196
25,0.959967837000917,0.03764512160728007,0.08255128875742802,0.013423392238345863,0.11944522099277277,0.03389811236002069
26,0.2733874975102364,0.38739236463732835,0.47871849607778105,0.11929777453251779,0.07299783239893322,0.17316350954112186
27,0.2164865893475473,0.4296494386394976,0.4240339741212123,0.07174770540493225,0.039883896522222524,0.2722998229604641
28,0.18856832023724593,0.4535257606803096,0.3094184149341886,0.030949560434320792,0.02455586581819817,0.3890746460789254
29,0.1724552666133706,0.46257082461742727,0.21006165896104526,0.011180294742339045,0.02075128535944475,0.4715458368865551
30,0.14945839657596946,0.4866815910557682,0.1457201233804024,0.004527982689364106,0.017355304056422407,0.5026580097153661
31,0.11693114075243587,0.5194118543645362,0.10954282115300619,0.0016342720983691084,0.012411783985917484,0.49355137859817905
32,0.08669316289493414,0.5486325273906876,0.07793620832053749,0.00017763490790717655,0.00801231913247138,0.4522121234950723
33,0.06094801051459629,0.5761211897555076,0.04701948634569808,0.0,0.004017995447960517,0.36778168958841023
34,0.050124317524559314,0.6058382879731476,0.03312273453676981,0.0,0.0022287582369625537,0.31791823483424847
35,0.9405484112683987,0.07789834497973386,0.05692311758185494,0.13269207868823768,0.1828162715919508,0.10352565756375554
36,0.9531516130251277,0.06625408779170043,0.06056000423726132,0.11774144000436253,0.18124124148172127,0.09141522783096279
37,0.9647443647107926,0.053899541737994765,0.06291271789592201,0.08415825042178418,0.17687027754974263,0.07351622338931758
38,0.9632034404057473,0.04611886055145346,0.07489137126007987,0.04819983625517514,0.17538091234750736,0.05738243986197992
39,0.9420971290207947,0.04666083832044997,0.09647754242136129,0.024703152447101476,0.17237204607338846,0.048783503131897714
40,0.8955795584247163,0.06429433548298587,0.11711884646296344,0.02044601935563275,0.16925002994768945,0.054462121353113506
41,0.8231257850696586,0.09814475056427158,0.144843170689215,0.04039127525106123,0.17783572592478514,0.07623761881437911
42,0.4345276117344376,0.2686218273049677,0.3997756570284757,0.1847373651698867,0.15175156356239575,0.13785868707272417
43,0.3223237440476246,0.3212211012191607,0.4689802954417284,0.15282439943010648,0.09741818981164227,0.18780511133050173
44,0.2430258839268895,0.37100815857459346,0.4652016927514732,0.08819008530691134,0.05045134408342045,0.29202246118249625
45,0.20187637398228783,0.41022464709165507,0.3710657884400388,0.03532825455649659,0.0280527511901176,0.4260285406163596
46,0.18018956462717464,0.45811513130353176,0.2484040641269457,0.012130968016880022,0.024221666896090763,0.5036531658193416
47,0.15113345418099694,0.5289197833682703,0.15951549899132306,0.004263169481147134,0.019622307025821992,0.5131458777637543
48,0.11259457473059423,0.6021823821854485,0.10785908509436727,0.001126883144406986,0.012955588974598855,0.48766376092830543
49,0.07951329272168792,0.6465490699251926,0.06779730322780567,9.393155426920584e-05,0.007572545228630399,0.44416874584017624
50,0.05608698664113436,0.6535510551551573,0.038768275726653596,0.0,0.0032546923891598038,0.3637827334992689
51,0.042632860337010026,0.6552898185776878,0.02259448938775576,0.0,0.0008384237700957458,0.28976495484215925
52,0.9216169150656257,0.0699622920888495,0.10648071402770368,0.14470409628628067,0.19141389056761593,0.08950138683169802
53,0.9338977918450043,0.06250931109977849,0.09813597474865461,0.09165130318500282,0.1995859156244264,0.08320756268846621
54,0.9248881460922055,0.06172904965464132,0.09836820145787747,0.04463583279097525,0.20884795065576542,0.07454574288214967
55,0.8857925943044387,0.07649541630512012,0.11354864794104959,0.027855905437595686,0.21067358398022895,0.06733486053808874
56,0.8266333844304598,0.1037635672794157,0.13647936103128455,0.03604252611840763,0.21074312697793465,0.07430140690824281
57,0.7600402945653651,0.1303326997269951,0.17224669721830432,0.06613524865746906,0.21744475008105268,0.10220004821668877
58,0.6505457081909655,0.16071275330779092,0.2549309968317149,0.16055855884035697,0.2248511277541036,0.1339796241599491
59,0.501845196557883,0.19529817556030163,0.3788518670599444,0.21154307875989256,0.1880195475480522,0.15262056534069882
60,0.3720167321462815,0.23520594458820265,0.47440753500744504,0.18199498596993438,0.12314883655601293,0.20616815475203099
61,0.27418263241933705,0.296830857012733,0.48445881511954697,0.11166889789741523,0.06432984671679334,0.33090066947203817
62,0.22040805369402636,0.36211164176708405,0.39998572409475447,0.04725281446540501,0.03666099085356312,0.4708375941575447
63,0.19447621080213653,0.4384806625375578,0.2758180294679054,0.01983593159140319,0.033011936935125864,0.5395131598704108
64,0.16056492960653,0.5370415331347634,0.17541186596421793,0.006781306175756385,0.02645177344900365,0.5193094935652696
65,0.11462699550988349,0.6389718457925152,0.10910263080979682,0.0013825012596150035,0.016615456615618213,0.4653090538453441
66,0.07492125236939405,0.7132731567074362,0.058851417059123404,0.00010305147265240518,0.008217553192194122,0.40938112335334836
67,0.05082500557266372,0.7419571521371807,0.03023484950670419,0.0,0.002728652143007667,0.34841422452459553
68,0.040148772624901366,0.7558795525896436,0.017949166509660875,0.0,0.0006481970222528955,0.29600280632228404
69,0.8468021764956053,0.08280937243996227,0.16048084274162944,0.5183483445694236,0.16276169649530978,0.12377151336253131
70,0.8827370820866471,0.07543594683520954,0.1449686437943208,0.32344805891100653,0.18736904765988244,0.1051026258665535
71,0.8996430921459955,0.07401629638291536,0.1245925525320722,0.16428154028031142,0.20406663165446068,0.1037385484309472
72,0.8800427527761048,0.08915378414308865,0.11049395199248803,0.057186835492716206,0.21567242380663917,0.09940902455712113
73,0.8318171701305761,0.11855651652428481,0.11395092669020401,0.03559132051915716,0.22137247712382252,0.08940509637812569
74,0.7798484559567568,0.14399865758551092,0.13575101573543294,0.05038069926521043,0.2348012926097695,0.09434293387000096
75,0.734062475622152,0.14372105581222017,0.18494636740400902,0.09031564675304296,0.2551997356253374,0.12557528478390795
76,0.666237978416309,0.12935750205427612,0.2723565787401259,0.1742109519387776,0.2604006217184531,0.15735856383019653
77,0.5463918785700214,0.12953227042336599,0.3952279936104497,0.23020613308358856,0.21488842725369323,0.17921323407870676
78,0.4089089366746217,0.17071496464893043,0.48928668251714286,0.20958411782520164,0.1397677073013739,0.23295556027266992
79,0.3076945902346279,0.2503981339067166,0.48335923025873645,0.1431221564260592,0.08017722133117446,0.3511749113149106
80,0.2550080850479449,0.3365365114495093,0.3947496802858606,0.07202134187414237,0.054657058041444696,0.4990349809821015
81,0.22574996051666976,0.42353286013280367,0.28000527800004715,0.0356757676135258,0.04911040882187404,0.5860743068898431
82,0.18383119560039735,0.5216199961472961,0.18803241482527608,0.012613247068104409,0.03649731693091173,0.5753377762929963
83,0.12688650906691337,0.6345296805908951,0.11408106421461665,0.0032330900478951606,0.021098926832551747,0.4862501671131559
84,0.07761391611200176,0.7319694820936076,0.055569124527068456,0.00022060445034835713,0.009478813700008285,0.3865871946887419
85,0.04953172192524627,0.7913296480338806,0.025908560006542666,0.0,0.002752449108528909,0.33413528516842933
86,0.044224923891798176,0.7940636388647382,0.01864757521523707,0.0,0.0012162508903483663,0.32339736416647763
87,0.7579397978913174,0.13167635481757217,0.17383936438109693,0.6342429414376763,0.07613456079852741,0.1932376291848984
88,0.8088380142851654,0.10415118273793834,0.16324588011878427,0.6691836656507558,0.12035431693854404,0.15860626338431152
89,0.8596946607030431,0.07971130127675988,0.14845473375068857,0.4813059940525557,0.16452135256677855,0.1321403663271274
90,0.876338815922076,0.08371765348673732,0.1254488056416574,0.2641811368954712,0.19379048850515387,0.12636218621071768
91,0.8516388074625012,0.1120298883309264,0.10632415417946711,0.08170242463101496,0.20804499034128074,0.11897186102847034
92,0.8092559823399293,0.14391560521792296,0.10619176294685835,0.04872542375546987,0.21676122091967479,0.10500035086616188
93,0.7759377491724064,0.15104012390660004,0.12928695912670213,0.0668523105142261,0.24049347529827433,0.10579258434681628
94,0.7393388779012336,0.12564765543986256,0.19623637949128467,0.11035725355924289,0.2704364883761775,0.13898986167181288
95,0.6698641080767909,0.0940469910178072,0.3130038606874322,0.1753840388565333,0.2714406061024498,0.17849188825443316
96,0.5520695957496414,0.0932844012343609,0.44581842852997866,0.2310296229298755,0.2191076777372802,0.20715933271601156
97,0.4266165038591644,0.13899481653916426,0.5175465095487048,0.23176050978152793,0.14740850904062716,0.2531280200591064
98,0.34192852137597846,0.2233140886551707,0.48142309737496775,0.18795243461492783,0.09846369360481104,0.35397731663023957
99,0.29806675093701074,0.3161934490035273,0.3827244109351462,0.11836131512873013,0.0800285170758902,0.5048034516774216
100,0.26062252083069615,0.4037782506347073,0.2829541174469492,0.06311243388137491,0.068428805898715,0.6347308687815635
101,0.2071253062054785,0.5002039995327191,0.19914552536171468,0.0231301446238695,0.044616971615498754,0.6856039207910375
102,0.1441133947428864,0.6161011249128577,0.11486323013086704,0.007304555859000317,0.021653306072419155,0.6226703508969686
103,0.09678396204846201,0.7136922901452017,0.05111434038050151,0.0010988248591319348,0.00879589386320389,0.5193364126036698
104,0.6870886701105392,0.23344925113053824,0.13431296874860185,0.5077993739146855,0.03801883843699395,0.21433601123932894
105,0.7688408496700359,0.15197192913148622,0.14266659904974688,0.6375791724914266,0.08027972239448378,0.1885774323833933
106,0.8387496804433,0.09452925261817069,0.13428581488488672,0.5624271656585391,0.13951170728256013,0.15833133928288556
107,0.857576806676373,0.08921827107606922,0.1174542193730762,0.3574866101265603,0.18099114459545068,0.14089016156313017
108,0.837134142538948,0.11557456223085497,0.10645717539332443,0.11992649212663413,0.19778177456668147,0.12736064806586953
109,0.8117545802984977,0.13267933438724216,0.11347538018952115,0.05787112053642931,0.2020995915702868,0.11009511497187471
110,0.7890620572781879,0.12069446489057456,0.15021017660773564,0.07078558450540144,0.22185024491954408,0.10649707829461785
111,0.7310544393779785,0.08825163210284165,0.2545149928406877,0.1139769456849384,0.24545562946642493,0.13656434262466283
112,0.6256525110896656,0.0678892773747102,0.41435415697437133,0.16046560871173618,0.23550747986996193,0.18116644473255236
113,0.49549739764834927,0.0803252520461546,0.5489668427177375,0.20391148008748586,0.18595066555474385,0.2149038330610318
114,0.396963748032626,0.12634576622395668,0.5769338053207395,0.22017364715769455,0.13474221754510052,0.2541650992893116
115,0.34970509458614396,0.19941540444001074,0.49937005283513747,0.20239525104235043,0.10733148599707329,0.34416020674238396
116,0.31750898684144874,0.28694655949382747,0.3912713550548236,0.1452034143164593,0.09618812893369841,0.49588964343764175
117,0.26711484795335205,0.38435651347264393,0.29550422487023464,0.07763255635465773,0.07646924557781828,0.6402748623175971
118,0.20007551844998855,0.49838703668169254,0.19968941729641254,0.02564395883741394,0.042008782873396835,0.7370158609793879
119,0.138970212079211,0.6228307901992911,0.09938195383154323,0.0069526203127840075,0.01455239986698025,0.7520527247097367
120,0.10400835191504952,0.7106702290376806,0.033921610223975156,0.000710618259919046,0.003504804004330498,0.7302961283329045
121,0.09221550847086522,0.752419462178634,0.01582295634265652,7.909485015741299e-17,0.0007305205016740961,0.7788775473656419
122,0.40557351924416685,0.588078131665144,0.0270214257788673,0.1334716472873527,0.0018952530132852103,0.15719478018992716
123,0.4775939746088106,0.5063009334263693,0.04363089622493303,0.1841275371758851,0.004215612667217394,0.191421363769626
124,0.6086709947238771,0.3552172572096002,0.08176241221059982,0.3252176706629965,0.016786087007903943,0.21775305577609183
125,0.7308022104595191,0.2150731314604024,0.10885863514800354,0.5125429330249729,0.05725997210241139,0.20622317868046733
126,0.8150485496282566,0.11791301553299104,0.12072789681786518,0.5336219962771394,0.11865988630648736,0.17936534505330434
127,0.840923524515642,0.08929625230006549,0.12378626013681043,0.39542720408640775,0.16986065706838305,0.15400722345370227
128,0.8317660735261251,0.09732823481155256,0.12807441521535926,0.16522542075434907,0.19426980702762411,0.13322861716275433
129,0.8214323439263378,0.09702707924836425,0.14691966288377634,0.0732766621563014,0.1945804738187473,0.11200629594546542
130,0.7888052392429967,0.07811294224560675,0.21012125874161386,0.07624676245214586,0.19835096384929649,0.1010231121233151
131,0.6858226695033238,0.0559031580122679,0.3670645699334067,0.10416331968913532,0.19936837173319133,0.1221155250776756
132,0.5293258282976853,0.049723736509823833,0.5727556514406565,0.12403658323860356,0.17370173998146363,0.1621499575464322
133,0.39133577513063417,0.06801979357204917,0.6972898630779373,0.1483993135121896,0.13238498008730315,0.19352235512322696
134,0.32838958467891693,0.10841669682783471,0.6705193316548592,0.1677753696032309,0.10510948808137346,0.2325001086326374
135,0.3233166294710031,0.1702164034741351,0.5490567517006248,0.16704727391032612,0.09864286944257918,0.3350467256390899
136,0.30381359839916966,0.2603637785970746,0.42476867695420245,0.1238577858085279,0.0928152232694773,0.4936333687872957
137,0.2446047526327414,0.38490408263883963,0.31019341521007426,0.06400189055027551,0.06928786319960986,0.6128759470183983
138,0.17061497341953386,0.5287634389567605,0.18661546034293502,0.018193094774297796,0.03354896113597597,0.6698506769483733
139,0.11386340103321248,0.6515400636928612,0.07554445219777078,0.0039091617229283235,0.007859680328760424,0.7206926422057213
140,0.0923917275486281,0.7252052593426022,0.02071617757006499,0.00040394096561385893,0.00035951465848187635,0.7909399193858162
141,0.08393489343229116,0.7675087693492569,0.012336308200496237,0.0,8.807854598323667e-06,0.854321744644451
142,0.06888860291222351,0.8207373728163952,0.01005088892603767,0.0,5.855766371669561e-06,0.8527366237849272
143,0.34892488478252714,0.6527132501171375,0.016726748129009275,0.09142310292038901,0.0004732678743076871,0.12666265632960608
144,0.43453590342693815,0.5647766586620403,0.02512494787717004,0.1432842104965485,0.0012494751442281285,0.16945620497092917
145,0.5697835586660279,0.4187983309482149,0.049301286139496116,0.23292302453190267,0.008793325241085202,0.20333846240811893
146,0.7052097850907392,0.2598240770451907,0.08006108072033817,0.40358895262071276,0.04296847617946494,0.21082526282039327
147,0.7953180202816016,0.14066891272054138,0.11070018393719375,0.4928787985293391,0.10058977215988017,0.19774415838910786
148,0.8308821840933308,0.08751357334163098,0.1350753162708548,0.4237121390051477,0.15909720660811763,0.17823229489696615
149,0.8388705387080369,0.07438403921910804,0.15087565846228976,0.22744399802712212,0.1982663584908534,0.15747671939902017
150,0.8351423242711837,0.06453753774193831,0.1795379292139473,0.09253321317113407,0.2092632553484775,0.13043726745949508
151,0.7777882225866074,0.051905702964284206,0.2737449493693701,0.07972623743711892,0.20360407991518198,0.10836730826540124
152,0.6255521251811693,0.0413394133211876,0.4814472240492574,0.09747485087943648,0.1773907888856401,0.11154074824345762
153,0.4285532978703802,0.03930187533364007,0.7227106352058889,0.09857484794957623,0.13050867392288446,0.13493179713813663
154,0.286569819616463,0.051527772282162126,0.8361971668228212,0.10469221642526746,0.08729498131616113,0.15567585127563188
155,0.2502729036419597,0.0862174325061871,0.7669739622007585,0.11137865600775576,0.07037261796818552,0.1992293109999213
156,0.27896945803791656,0.14642934161678942,0.6064912384840846,0.11437683900984782,0.07670389275794802,0.32715167955648494
157,0.2786462287245137,0.24806925761019488,0.45462221750051496,0.08178383242503129,0.07681689392448862,0.5098750036746886
158,0.2234143638862593,0.4015526467346408,0.3123302154063245,0.04033961548351268,0.056884196100153175,0.6185756615565193
159,0.15091286982783428,0.5603295530783973,0.1691266262997071,0.00981372027826527,0.02779336322139773,0.62486970984523
160,0.09838026231074044,0.6613879674826852,0.06116004414051928,0.0011800197974684984,0.006651263932231274,0.6385284722322498
161,0.08043917019854355,0.7027478104065643,0.01770296954818509,3.6754820023585414e-06,4.2464210599786476e-05,0.7357499563147518
162,0.07483789473238542,0.7470239466746219,0.012487842169334426,0.0,5.326746150444865e-06,0.8405970907051732
163,0.061019700212600274,0.8163328996151579,0.010024128621051996,0.0,6.2640056617673786e-06,0.8267919372390344
164,0.0482677493546951,0.8838108211208349,0.006594827063696974,0.0,4.876652862181334e-06,0.7333851067465589
165,0.23475240173706682,0.771835776997847,0.01049277138343935,0.027085786618754874,5.991362138771157e-05,0.04774648651105034
166,0.3014645537042921,0.7030060586836734,0.01391018434777329,0.05450805838387364,0.00010591853737397257,0.09110925999306382
167,0.41343129288643266,0.5910504452475065,0.017979643369278497,0.1095337450455536,0.0002255550682914613,0.14141952754305182
168,0.5609016525838929,0.4354174402336481,0.03319928567485151,0.1604437624291872,0.005054103277890418,0.18232012122539307
169,0.7021701066355012,0.27154937328918943,0.06308378930714148,0.2794393115185144,0.03244628183275493,0.21040919129144423
170,0.7916529402598321,0.14988694910679434,0.10259697066331067,0.38645253923006584,0.08407140135383391,0.22004177382464332
171,0.8299705698727252,0.08683492217234369,0.13528826626046028,0.3742070943003883,0.1483339910693717,0.21783581313357125
172,0.8520718478269885,0.059857481283089334,0.15274265800153808,0.25402350054351513,0.2101163048383871,0.2030965441013449
173,0.851560624726948,0.04716275496609314,0.1856428022237782,0.12072420279301069,0.2511929792716598,0.17394019870905533
174,0.7790341997184731,0.041281930260118956,0.2977909389816958,0.10060962332557033,0.2584235371217461,0.14106069845911903
175,0.6073984360360499,0.0375715396109991,0.524840801388027,0.10530655881711623,0.219582594280446,0.12232638354210587
176,0.4011918861325083,0.0341408433114389,0.7747207498450829,0.0908129697125715,0.14967053928419655,0.12329020929184026
177,0.26053317066411713,0.03935540046601132,0.8854091327403119,0.08684325297281574,0.08813952465136361,0.13496097955690436
178,0.22891439110338677,0.06981379656462801,0.8023200868426056,0.08169099261756305,0.061381128562345795,0.18972630067597646
179,0.26617627595100785,0.13139657299102178,0.6196164660077569,0.08181614511975005,0.0659378720378574,0.34766822928689156
180,0.2776479531048681,0.23879980467615272,0.44785255081917796,0.05476697728289393,0.06681663852356663,0.5671138219755893
181,0.22978002593471464,0.40098521602420895,0.29986356787671303,0.026807173941784737,0.05018556393160567,0.6995410133346137
182,0.15526360958902075,0.5582666784165777,0.16438423588683623,0.007069092950037214,0.025957083651221152,0.678466284571127
183,0.09633415349591459,0.6394035017957915,0.06468827235862955,0.000652563583736492,0.007059432409048313,0.6196524379001512
184,0.07368406947585697,0.655015946716294,0.021841037336719327,9.887348732069967e-06,7.741823402539017e-05,0.6447143539033298
185,0.07037587513802551,0.6828989950394139,0.014543810332148504,0.0,4.5297713555473406e-05,0.7481687181377041
186,0.06260285951951078,0.7642104325973391,0.012006306639923836,0.0,5.051139785812393e-05,0.7962850563393051
187,0.05402335663052885,0.8465092275622248,0.008349079150414274,0.0,0.0002199465480082202,0.7240677298010015
188,0.047730092043955896,0.8988697279472467,0.0057338430870071235,2.7477321720201085e-18,0.00028538912351829345,0.6027246433392572
189,0.20724965283929186,0.7967384903601009,0.007528749112455946,0.009081194885907794,5.158341622853167e-05,0.028915157140196608
190,0.22146089185771767,0.7827848683883801,0.008447636585272679,0.014999618429199122,7.488670674181876e-05,0.03524512783922529
191,0.28775490536904175,0.7155417481426258,0.011619117746426164,0.04147166038882747,0.0001505001730646727,0.07317658184886393
192,0.4098846503401517,0.5948830444827604,0.015137238292037232,0.09056857642570339,0.00018993973617479286,0.12015559006068892
193,0.5716523560463471,0.42493222976156597,0.028403530927836772,0.12631372748622435,0.0035248454060749627,0.16718678347593738
194,0.7180046806008813,0.2543431870332381,0.059232541883835685,0.20980049199779977,0.028162689403367823,0.2169711827566719
195,0.8065165638964027,0.14101014628428116,0.09798414796285392,0.30557815593993654,0.0827930785697267,0.24700671837147428
196,0.8470359194119631,0.08302851119046016,0.12706802848314422,0.3087248120224037,0.1585102669115209,0.25531762398814295
197,0.8728154022780301,0.05206718375056825,0.14166725340601577,0.23894496012768734,0.24778420973325632,0.24756032573021236
198,0.8734307861997767,0.0376425748649117,0.1755328582620115,0.13105513119603118,0.3288959704041796,0.224628367188991
199,0.8075286449987172,0.0344082148984191,0.2800172329723202,0.11817681025394673,0.3675224438891441,0.1911178322588491
200,0.6583409583635831,0.03447205778728946,0.4789298694976983,0.13652500266711123,0.33208360272104126,0.1570572941844206
201,0.47773177503154185,0.03298788021985828,0.7005575975224224,0.12973226675134417,0.24032511422264038,0.14350141537251668
202,0.3467046616086849,0.037129317710423534,0.8111464243895046,0.129074222799809,0.14956146273203516,0.15442679358168987
203,0.30290250399717916,0.06527706459953987,0.7432670149343853,0.12365043385481955,0.10015672468128851,0.2284769792065173
204,0.31861459779713747,0.12686139312843794,0.5690196286280833,0.11857059761567049,0.08778668302810559,0.41234560275744125
205,0.31433709538192234,0.23216792448072635,0.40545186210703865,0.08236562656200662,0.07779898811586894,0.6544722937424375
206,0.25416726650471344,0.3837195508544432,0.2841095807036216,0.03738070456206967,0.053617321569981086,0.7959945935859167
207,0.16940914838847293,0.5347842248663535,0.17681078906239114,0.01032940311935462,0.02626548652505742,0.745278715018428
208,0.10128015481965057,0.6215186192960102,0.0842450846019319,0.0011103511926621166,0.007020655995172235,0.6041704293931417
209,0.07384704838374705,0.6416910821519313,0.03190420530416792,1.395793348420995e-05,0.00013899328087056068,0.5337611828376835
210,0.07429119619118935,0.6512970163572562,0.019186903864441177,0.0,0.0005824593603841478,0.6205321354578753
211,0.07811267079344149,0.7000507465048593,0.019464693245531642,3.686540503841623e-18,0.002427295384570447,0.7542472922675107
212,0.07699969884172557,0.7809670487388828,0.017905673408576257,2.3040900435689833e-05,0.004706018397430221,0.7629236045679301
213,0.07015313104130914,0.8581752155911898,0.015080109697382903,2.4686679038249617e-05,0.0055627762066941125,0.6195574734063265
214,0.06410958390323379,0.9033854962132627,0.012772140067256518,3.079957187056042e-05,0.004606415389598639,0.4132745259102757
215,0.060091697508623344,0.9168961088271641,0.009452871827188038,1.6909569514280143e-05,0.0015381706540067892,0.22454510421353926
216,0.06776720593200734,0.9065310621800841,0.007444241905006853,0.0,1.5890129316435935e-05,0.13185908836696808
217,0.06965412959573976,0.902975856248511,0.00676918014851006,0.0,8.137065829128663e-06,0.09326785979083888
218,0.24269177244524406,0.7602651721065989,0.008535463721374346,0.019728393292302714,9.531650275221218e-05,0.04416135058891477
219,0.29289022143560495,0.7096930898536485,0.010170878575884909,0.04215175980725546,0.00015093232295470695,0.06750446676964873
220,0.4157424882890426,0.5896866868533759,0.01430929165716935,0.07331490930286848,0.00032979807198845504,0.11042218871300212
221,0.5792527724738481,0.41491357140364427,0.02995161945545534,0.10628960375083416,0.004707552555480508,0.16454772881439672
222,0.7377830365490619,0.22910136896292851,0.06411853180802665,0.14614195274720118,0.04824215685175773,0.22742254115368582
223,0.8292685059471332,0.11785658238851887,0.09940147922107428,0.22850778953999368,0.11707777009461,0.26736959413621686
224,0.8641796350649636,0.074916867557977,0.12183365218578304,0.23767468881257453,0.19796198844831647,0.27334228126991894
225,0.883093265080111,0.04980170725662949,0.14136652524808124,0.20292076435934095,0.302520364659587,0.26959913400788943
226,0.8794677091125324,0.03717115870785586,0.17926772819214945,0.138402400196068,0.4085160062265912,0.2606586363292537
227,0.8329333116649525,0.035548006075686714,0.25740856872876744,0.1288371979493405,0.4717450900764532,0.23845256519037233
228,0.7311472325944461,0.03829477294616644,0.39028938535221586,0.14737594455255915,0.4499952359303512,0.20428346058203076
229,0.6013602934704805,0.0395207774872093,0.5514063857279351,0.14782425324307363,0.3535495345047524,0.18886342907892015
230,0.4903872623716369,0.04468616970673446,0.6526105407735521,0.16896545300481094,0.24394284292867305,0.2046653223428523
231,0.4295277629766056,0.07278948554572243,0.6184066734618432,0.18982629131341316,0.17232159850469447,0.29297609442128775
232,0.40124380407597526,0.14133151288627668,0.48123006611206154,0.18352182519437452,0.13287310799411406,0.48646517614407364
233,0.35316763439226606,0.25231222277593646,0.3472822534019641,0.12524862237386702,0.09945257478301743,0.7144030864692926
234,0.2650823164138843,0.39748010784631477,0.25764983213752285,0.04846614846213971,0.05903635473120261,0.8146557793836005
235,0.17206222221077708,0.5423046752498349,0.1783094467889081,0.01176166823993523,0.024164626290604604,0.7134575862134486
236,0.10764683837911312,0.646873056063572,0.09628009834970537,0.001187234963930204,0.005527253365414297,0.5293321860276834
237,0.08102082340050476,0.6956769759045407,0.040084817065823924,1.3957933484209018e-05,0.00014824798640918256,0.4225994625067623
238,0.08518778434978078,0.6985145449445295,0.025426755815224963,0.0,0.0020189937164383034,0.5006044338200228
239,0.10129206624171297,0.6965709857144579,0.032336498189541166,2.3040900435690155e-05,0.007833197283940668,0.6883059656232519
240,0.11209101483386784,0.7286457547744608,0.03776940869295462,0.000139685422025956,0.013468123302741195,0.7946035841231326
241,0.10523705250094775,0.8003980813538201,0.03412924525855652,0.00017157237981712064,0.01427703857778401,0.714116527233355
242,0.08087137173932721,0.875595534190094,0.022917617107807677,0.00015614320179749812,0.009536885783185444,0.4825449416009765
243,0.062286786163911596,0.9075991397333207,0.013001618910965825,2.6949624616742967e-05,0.0029833837576538403,0.2720216727691497
244,0.05886236495471839,0.908968894152697,0.007654904370697597,0.0,3.041269529964226e-05,0.132927951171691
245,0.06358397971304743,0.9044870403334452,0.005748120274374843,0.0,1.7655722781248562e-06,0.06361020993544067
246,0.8513378433640653,0.09104250952246663,0.10466011513069431,0.2343568142897558,0.18239583564257555,0.26877083078473396
247,0.8736479924191023,0.06556270032124879,0.1210179084494918,0.23583758162349633,0.2678088167084851,0.26445915410198856
248,0.8784934926243377,0.05121471757890853,0.1507577880599771,0.18450811055132363,0.37189754890067206,0.26296052907098516
249,0.8677805328139285,0.04316622405589316,0.19656087168962605,0.12855362718411933,0.4733016202920188,0.2686353818882557
250,0.8417040809651783,0.04361176669858927,0.24397794830692696,0.11639422514745908,0.5370029781681104,0.2626698943927519
251,0.7891424961277599,0.04796995628087353,0.3046732023302458,0.13875182398191957,0.524017086214774,0.24307422173527254
252,0.7113625705821249,0.05048717523559648,0.3956770232228412,0.1529002146494759,0.43537387247477316,0.24024259231963388
253,0.6258636754137871,0.0555658907920699,0.481099967432842,0.2038639754916941,0.32802139699223165,0.2686928166022358
254,0.544696269804262,0.08415899102511704,0.48882161498261206,0.2518968946953695,0.24396398985495973,0.3621050536769742
255,0.468986986553802,0.1630885602866452,0.4067280876626697,0.2413056045501877,0.18172283193909985,0.5420650047027474
256,0.3749988651711128,0.295420197839865,0.30234319270879045,0.1532849830140802,0.12310661813658287,0.7267348132604738
257,0.26187371795121067,0.4533270944417991,0.22047912797554337,0.05054045863189191,0.06350631594806894,0.7705726534565247
258,0.16965027277752598,0.6020849689307932,0.1486902849476717,0.010133157681623093,0.01999905174683561,0.6250551473778017
259,0.11583765313716389,0.7152101165749141,0.0821896164343236,0.0009476917115849586,0.0034018099913218068,0.4291535652209784
260,0.08955899547011296,0.7877948181923979,0.03704522715138684,4.0705847521476906e-06,0.00010216908517271836,0.32024723995395726
261,0.09284866497687044,0.795973643094658,0.027993628413298725,5.830403915699691e-07,0.003330020857091345,0.39074860832327096
262,0.11427772621401158,0.7571282470985058,0.042214836858407975,2.985054475949851e-05,0.011685644519591093,0.5890209897101248
263,0.1302421121850112,0.737522019734452,0.05361861020799903,0.00016706729921077204,0.018807756245490373,0.7476346067561425
264,0.12345929355223137,0.778190492061822,0.049488337686476765,0.00019284278967549254,0.01944744180627001,0.7356885293245541
265,0.09171055692822154,0.8542859936123356,0.03134704304364778,0.0001719838261135268,0.012779655895531131,0.5367261829180011
266,0.06138129008517839,0.9037551027225293,0.01521975503082449,2.365806741165028e-05,0.0039042959634241316,0.29949613594134505
267,0.04729683643021125,0.9157148198247799,0.006843330677392281,0.0,4.123289305988395e-05,0.12177427758273365
268,0.04508372610002957,0.9143607925707302,0.0038719772575845925,0.0,1.5867801486970998e-06,0.04488376629196374
269,0.8815186372656402,0.05928336816414408,0.1297716900289676,0.22321591504090102,0.39629165037244446,0.22482186032035767
270,0.8786223506315248,0.05239780870461876,0.15699855257686868,0.1729670707036733,0.47433268076899604,0.233224223530108
271,0.8660567030819178,0.04730433570746257,0.20217847249579202,0.1216035329067961,0.5453230482717839,0.2530158399054371
272,0.8536915949976894,0.04786415836851725,0.2293825245207373,0.09718760110988006,0.5807523696478931,0.2606719482449284
273,0.8305432852175583,0.051687203297232025,0.24705902229565993,0.1029796627449838,0.554816735046125,0.2588664700653242
274,0.7815419043218409,0.054517131325416475,0.29559138380358324,0.11626812608707093,0.4732274503169722,0.2795320453595153
275,0.7079960814481353,0.06074418090263893,0.36973821709194976,0.18264783606471963,0.37984516604008883,0.3333581241565575
276,0.6104520659769742,0.0893491721166797,0.41530391796845895,0.24587348916543453,0.29337860776339475,0.43179510408330124
277,0.5007867016479113,0.17500120434045632,0.3825787725039374,0.23887296984748566,0.21406337945588885,0.5798366521592996
278,0.3777707597890406,0.3281521302050245,0.2934622422139363,0.1471228679472733,0.13747888164601335,0.7191176953917173
279,0.25741627737094036,0.5121253012242226,0.19246541486521052,0.04634725891656326,0.06597010854525713,0.7348719724508359
280,0.17212820543932963,0.670911306882878,0.10680432208178454,0.00707913689763744,0.017361062672947257,0.5864187794412633
281,0.12493223770604918,0.7814941064785323,0.05160197585099274,0.0003937005919244784,0.0017271007976186264,0.38590592746226765
282,0.09564790846264935,0.8532224996953739,0.024673256701796546,5.830403915697874e-07,3.8729632738999414e-05,0.2613194193202018
283,0.09202785908054104,0.8674161799512513,0.024474084874583395,9.930567674102829e-06,0.0033285943980930757,0.3148116383538013
284,0.10955729249982867,0.8251516487413924,0.042461021454610864,6.551040717209617e-05,0.011072690452060099,0.4990793797073327
285,0.12410854039718332,0.7898296322728222,0.05548732476368075,0.00018659023189575202,0.01750978058294278,0.6464356687851044
286,0.11613846696756773,0.8118473018674413,0.049794600603484805,0.0002086689356671186,0.01783059701997239,0.6303149512092053
287,0.08023374845423975,0.8761082013135586,0.028970983123085842,0.00016424737888562693,0.011380023345880048,0.4489326600539559
288,0.048572335636547365,0.9199017990972158,0.012540882528706186,2.756679159270499e-05,0.0034440667791476383,0.25633649313190143
289,0.035520238922640654,0.9272710427620191,0.00571438020680299,0.0,0.0002125168596213463,0.1157848033194191
290,0.03653464369104087,0.9225896391027082,0.004224149418084688,0.0,2.141042614890198e-05,0.07096100881740779
291,0.8776088569348633,0.05510114079329055,0.15800084346447454,0.167214467169336,0.5417445135311565,0.17632868420547815
292,0.8794897773849903,0.05141209422880225,0.1703225540058576,0.13814822465278181,0.5848554429002976,0.1968265102586619
293,0.871257807122632,0.047195380761810776,0.19694131292135705,0.09892479905454221,0.614885496440507,0.2262493920845067
294,0.8670258153906445,0.04573099775085488,0.20948228946953765,0.07489884571503545,0.6079961192993476,0.23794375030894394
295,0.8548381082311312,0.04480415805255206,0.21960820919737728,0.07879033205609501,0.5595957826978107,0.24745490566393272
296,0.8159780424011289,0.0452022843518518,0.2584939667159582,0.09778655659185473,0.485844874376261,0.29466839298884057
297,0.747554916147466,0.052469421338885866,0.33086651109866366,0.15787062933884793,0.41321679965410035,0.38573732965919744
298,0.6409560579583903,0.08007060544275103,0.4018649758717448,0.2070463599826152,0.3293998072985617,0.49816551624718014
299,0.5100270856845313,0.16626359447292624,0.40357198657640714,0.1947689201134971,0.233520441934172,0.6124917266241053
300,0.372993537886321,0.33451568585218705,0.31620396461180184,0.11774818871145504,0.14052284714845836,0.7115854110669634
301,0.25346989554862276,0.5407358344013913,0.18636305651283075,0.038056654519650776,0.06181149342786316,0.7256862142119116
302,0.1764265956614746,0.7127506549831369,0.07830283596094041,0.004767124487670141,0.014734951706290692,0.6014733479994242
303,0.13026773124860494,0.818017926940759,0.027596864485982694,0.0001039082283167752,0.00087474724389598,0.39501083323958625
304,0.09551404044137923,0.8797988927895611,0.013355585903725351,5.830403915692214e-07,1.2972381967629606e-05,0.23779943442522242
305,0.08327640261435194,0.8941764033746846,0.018552991017263605,1.0513608065672725e-05,0.002062318821779784,0.2770724135748833
306,0.09367761019473331,0.8644826688101679,0.03543836259863583,4.969059571085342e-05,0.006578495288093486,0.45472446108049974
307,0.10245157923486672,0.8433533409646778,0.04582813528022015,7.907044630964412e-05,0.01021731965377141,0.5577528421273268
308,0.08924944862244735,0.8681214115991819,0.03864090913640435,7.349764882159333e-05,0.01007393569197628,0.47867285766483364
309,0.054236084975746474,0.9193069299802631,0.019752140697638806,3.469450447270316e-05,0.006050561156076239,0.2939247213435122
310,0.031857412916331304,0.9435438854839058,0.008355782127688102,1.9176899333050905e-05,0.002166639504292361,0.18537657734930932
311,0.8718247047570716,0.050941741785007766,0.1884216060666271,0.1271329516463729,0.6386413274971156,0.15577315508230538
312,0.8784588193050318,0.04885413966241406,0.18934293097442612,0.11057249773097512,0.6673791818122979,0.17630916936696553
313,0.8780476968342589,0.04667683986615796,0.19172904211823977,0.0901820182199113,0.6699807302528024,0.1997796002935416
314,0.8775359335054842,0.04207725028105681,0.19463044858866416,0.07042712399647119,0.634688938675295,0.2087027498543312
315,0.8692909859613881,0.03484944790765528,0.21032313527954064,0.07005229083273874,0.5792854843809707,0.2283026130862989
316,0.8356418373601078,0.031185922373503126,0.25212754840215557,0.09773704035686812,0.5183079765769372,0.30553718785377654
317,0.7726459696027246,0.03777668370750269,0.32288961087254475,0.15602923880574396,0.45808619222412494,0.43617120455437797
318,0.6637149760216008,0.061823392792383726,0.40935681242002697,0.19583914350953968,0.36677343210262703,0.5637621271888299
319,0.519387783455617,0.14520195317761384,0.43498904588691334,0.1702803968836999,0.24883980710114725,0.6483742566503794
320,0.3714742383016319,0.3214140163238098,0.34940816581287265,0.10024622090567889,0.1379052722134229,0.7022996653463204
321,0.24902160979520077,0.5439290269852196,0.19816538273720471,0.03233703280330521,0.05346205938880332,0.7033563821130908
322,0.17494637366833676,0.7268830682449906,0.07197938486409614,0.003512404493570946,0.010483849889273627,0.5977105386379277
323,0.12881778360463406,0.8328964439852019,0.02060093011276265,8.708697812068898e-06,0.00047081152596732293,0.4004376799853424
324,0.09159322949324222,0.8899912663479136,0.010914774993429414,5.830403915691282e-07,1.4346322852656635e-05,0.22792853767304017
325,0.07762765511166454,0.9039520748645313,0.015363171676640681,9.930567674105471e-06,0.0012058162000717746,0.2505700512664907
326,0.08631835955783142,0.8804733195612414,0.028749376900243036,5.963426935413379e-05,0.0035487455180021428,0.4108038458398344
327,0.09011193585095283,0.8685289980083013,0.03629722472345941,6.670048180938812e-05,0.004822542480632611,0.4863556753672919
328,0.07151798326915602,0.9000530176180102,0.02872762563920163,6.475480190558174e-05,0.004147691280577974,0.3711157296354473
329,0.04197796356317301,0.9417239210309667,0.01498557820824638,8.742003503285336e-06,0.002380365374229938,0.20849890725600234
330,0.8710385879536781,0.0498620426428736,0.18270247269801274,0.16630759497938216,0.6481836626774068,0.14838555373961768
331,0.8713723384216568,0.04825172265893982,0.19509490404145055,0.1318416192541615,0.6725005519789836,0.16077514052960895
332,0.8815528736832355,0.04827101103050113,0.1924487485340473,0.1195805906806393,0.7032031375861222,0.1798778509730151
333,0.8853822866383105,0.048045458371881136,0.18424102361844402,0.10189085064017252,0.7026318693300009,0.1924283137342518
334,0.8874838061081266,0.04210046601670781,0.18430403276619833,0.08461267739825909,0.6753046136632768,0.20089200257261589
335,0.8807487556881679,0.03200817536323048,0.20512451577009153,0.07600652996751815,0.6393252905414087,0.24351199189933878
336,0.8506145323205643,0.026922993026819112,0.24728036529205089,0.10958263770041829,0.5971476651539612,0.35687393166960374
337,0.7968721453485154,0.03201016299788602,0.31137915772315955,0.1736799991330572,0.5358206407079953,0.5176547908733896
338,0.6918984726233288,0.05239980898111863,0.398451047864276,0.21575122736898555,0.41975575996763725,0.6472315764784711
339,0.5396759160177963,0.13481456356044189,0.43515613327669284,0.17691779265949872,0.26776655318647813,0.7012394764609561
340,0.37746448399127364,0.3157779574315998,0.3592198355914802,0.09764020079509327,0.1333718433189715,0.7061072081822669
341,0.24281800495862307,0.547391847336135,0.20582769009203097,0.02733746963749475,0.04214342857766919,0.6678739212000232
342,0.16447456121882842,0.7358540754967061,0.07436931214268705,0.0026011892265984863,0.005390374460187273,0.5584603499678883
343,0.11982584934379453,0.8413666679420244,0.02160134516162654,8.708697812052272e-06,0.00026777242924489115,0.37690401647566946
344,0.08356557451448324,0.8950177174895372,0.012039602404895116,9.328639748183903e-20,1.4669025351826739e-05,0.21108489137976635
345,0.07392372448249063,0.9079345661967024,0.01480886803844677,1.75420806839766e-05,0.0015375870419234415,0.20673186202936825
346,0.08731279882631417,0.884089489403566,0.025950783495090352,0.00012514146244426002,0.004103746473601424,0.3340396976891724
347,0.09250514606379938,0.8723126707883659,0.03246998921790701,0.00014515618567224385,0.005378528418548864,0.3993204932730538
348,0.0734745254283408,0.9035537439546789,0.025680663020270476,0.00014100086121295765,0.004586038385057128,0.30217036654282736
349,0.042195554979078224,0.9483647546337575,0.01353486371251335,2.287397005695265e-05,0.0023910156778999903,0.1495413781177552
350,0.8792872688685072,0.049442126047951174,0.15542064923239646,0.22087743595010537,0.6430805009127782,0.1539928312185135
351,0.8796403785435826,0.048236891754925376,0.16845046500212885,0.1925610459150554,0.6704934628872208,0.1740680412565442
352,0.8899537721769171,0.04871496348001648,0.17108511049921857,0.16674489422248492,0.707222578586511,0.1955079801577102
353,0.8970929452294024,0.04767053959185968,0.16808781057300137,0.12835827159104532,0.7228710728252473,0.20435178723113306
354,0.9000836333097036,0.04265509377337579,0.17008535978701866,0.103022036777644,0.7243461525995548,0.22496131417978368
355,0.8930433811761491,0.036083044993261607,0.18940804558522403,0.09116657521014859,0.7192187266359814,0.30450092899970777
356,0.8659722615940292,0.03364454988727106,0.2279015012880594,0.12973357197999633,0.6965175116128343,0.4565194731507898
357,0.8191216524960879,0.03806743878064346,0.2861956736225922,0.19911238967275424,0.6275279381468443,0.6317820983961577
358,0.7166381947670672,0.06335063161917101,0.36271895008028054,0.2426473057422782,0.4803201526216898,0.7510556227222319
359,0.558998212954841,0.1545842467521104,0.39395138499703003,0.19181290191497527,0.2905263376608725,0.7919240690318893
360,0.3877073477879821,0.33765051926537093,0.3278092466185222,0.0984961245855553,0.13031977875228823,0.7786178695690118
361,0.24627897731915102,0.560844759949178,0.19299770095759575,0.0231569272637879,0.033533751413041823,0.7156329312651589
362,0.16354487528768144,0.7422307800279287,0.07417404491390954,0.0017649401303291156,0.0024245237069745714,0.5806993402349618
363,0.11492735046503635,0.8463383971843467,0.02370542414567925,1.393391047789371e-18,0.00010474970162557637,0.38739462857430496
364,0.07616791025265564,0.9021267662641257,0.01157178794002393,0.0,1.2200168989365978e-05,0.2058319943673867
365,0.06810100118281276,0.9135431794104463,0.01415227035100899,3.333092146755424e-05,0.0020416323687043486,0.16228147661935188
366,0.08594493732002527,0.8862795112996777,0.025908779116259006,0.0002181159455458342,0.005188259571608302,0.24140064567088082
367,0.09478927914318606,0.8699959558862795,0.03275782410795019,0.0002544496527311904,0.006628806617778526,0.29876639966743934
368,0.07862438138953573,0.8971939149222342,0.026739372081310032,0.00023380443053454397,0.00559392086772533,0.23738194435035856
369,0.0421489103718742,0.9479653317035015,0.013355104948191398,3.633370718535486e-05,0.0023859344551733544,0.10874990894311093
370,0.01983898795654035,0.9731202515545901,0.007252194331822038,4.429249124589819e-18,0.00013107148154773408,0.04122071526202881
371,0.8822966827890317,0.05572798790390982,0.12010885138926677,0.2913071724252796,0.6299094969431772,0.1500172104948664
372,0.8884435389361306,0.05272878545086388,0.13354466282915364,0.2515765961123892,0.6692108413578177,0.17797170501318776
373,0.9045428686249749,0.04869503155697057,0.14440941224811055,0.20606893812352217,0.7201899783631225,0.20905115277237127
374,0.9167721628250568,0.044281092300042145,0.14855081836401612,0.14653846185514557,0.7581843378396396,0.226868805100753
375,0.9195609345791619,0.041316879839790495,0.15228638072667777,0.11195213243603934,0.7882664065188763,0.2728912216662534
376,0.9082969010436897,0.040125940261205195,0.17038835077518388,0.10519206713955184,0.8075728489861363,0.3903005925609084
377,0.8780197666147433,0.04004288160408614,0.20990851688455206,0.13558718988018859,0.7944467508774644,0.5602333252952131
378,0.8246025101843357,0.046198143737842076,0.2679364671200721,0.18892843510076499,0.7082656449632515,0.7193438433247993
379,0.715763241305649,0.0865474113369773,0.3284459601472836,0.21397051834279973,0.5251446490051113,0.8185725447585326
380,0.5577901498838406,0.1990745375730256,0.33785177562994484,0.1651667816981612,0.3037687158676599,0.8706612782350006
381,0.3912581267650195,0.380532042164167,0.2733240946682584,0.08208832561206304,0.12364664133265614,0.8891027354240225
382,0.25794801753119656,0.5785080176831169,0.1646972202176161,0.017425255118310303,0.02693903668383877,0.8400354758405456
383,0.17718029251458572,0.7341795987317395,0.07367458578786491,0.0013020983830668788,0.0016360192084251468,0.7054053968511178
384,0.12346016845149922,0.8364473615733167,0.02936788631183347,0.0,0.0002701349592625771,0.49577454405951993
385,0.07764794821072542,0.9014433505542476,0.012339058674992708,0.0,0.00019048962060108526,0.2807669338649437
386,0.06536060445221116,0.9168008508485757,0.013559229426775751,3.450235124511562e-05,0.0019226387834315347,0.17337100426293267
387,0.08405932310947488,0.8858574779838851,0.027205560044238113,0.00030466074771781063,0.004876152585209108,0.19780000176060303
388,0.09585477673729102,0.8633687432503638,0.03577731068756815,0.00033978476294932995,0.006149107435198089,0.24228097624644648
389,0.08246595054838934,0.8850932346176893,0.03048580944852407,0.00031015018838656875,0.005046865226749081,0.21345730317075914
390,0.04652497631728337,0.9347114926864206,0.0172490264147496,3.512401523152929e-05,0.0019478149913633495,0.12102709957795624
391,0.02572530813728635,0.9600368534977395,0.011266760115497333,3.526170568488406e-18,8.750649644988272e-05,0.06895834028662184
392,0.8731878973000934,0.06387295079688776,0.11503113481104885,0.32287884223105423,0.6251286079640813,0.14274592098128733
393,0.8825204871785391,0.05804745384394068,0.13528872231685146,0.28208661498283133,0.672757657372721,0.17274825652753628
394,0.9062568293376562,0.0477735712594712,0.14675045055901428,0.22046865572976934,0.7382431501008758,0.21267846462439607
395,0.9277222535570365,0.04039709642312138,0.1443366863057783,0.15032206793859357,0.7977705080260403,0.25648211200326976
396,0.934196779971955,0.03903346948213913,0.14312295405085101,0.11112683871574,0.8493845140310573,0.33825298056145126
397,0.9206360847818574,0.03946448102554101,0.16043439185459918,0.1119942158158165,0.8840875051730871,0.4727964490759268
398,0.8867154722543378,0.03806008240242475,0.20267980010813583,0.1332414816256295,0.8750891625160698,0.6151235744605807
399,0.8204773420275846,0.047193724696979085,0.26066565675451425,0.17319991342194194,0.7661742832594507,0.7157261831384343
400,0.6975705203932316,0.10871252872558886,0.30198115416948584,0.17602167549068684,0.5456706830493692,0.7776011240918238
401,0.5370465270482327,0.24727727486800108,0.28417292956481843,0.1294031632216997,0.295392870161892,0.8443158567928385
402,0.38137295915041786,0.4310445554303287,0.21191298527966393,0.057686414938746676,0.10757800593929392,0.9069828382104766
403,0.26612776862001214,0.598652971607191,0.127965554720077,0.00931789741367657,0.019732820007695655,0.9069017881105038
404,0.19716672907372546,0.7194638998087567,0.06860640848858775,0.0003137745265910738,0.0016674963891621913,0.8190966767337824
405,0.14121696545045304,0.8100833187151664,0.03668245221493391,1.6859495506286212e-05,0.0011111227542848691,0.639681885916243
406,0.08851929062116003,0.8850962942577235,0.01596446191708426,2.697515216291967e-18,0.000851794351508114,0.40778569252350866
407,0.06994018126178925,0.9107805782904138,0.01358069333533042,9.881812522845906e-05,0.001595493806551603,0.24117232631723243
408,0.0848884790134563,0.8831058415530336,0.026407419120475784,0.0006402774691701084,0.0036214573513751753,0.20857351035644703
409,0.09614933131321736,0.8579203961025944,0.03584738396155391,0.0007390955943985888,0.004587076338045253,0.23691329660059235
410,0.0837821439173389,0.8766762169156538,0.031788827685678214,0.0006469361412587867,0.0036767186998088405,0.21774271800281683
411,0.04828703603373523,0.9258057015899614,0.019609864205454203,9.88181252284734e-05,0.0013238390008065435,0.13758940983321086
412,0.028673242523193428,0.95097252954896,0.014038854321397875,9.920550441544929e-18,5.010278462154006e-05,0.09004072352858132
413,0.8622683176779841,0.05453922779894838,0.18503923083097676,0.22382121830706228,0.6728145943547506,0.16005745223573584
414,0.8947625985413158,0.04282763248698098,0.17679944050758062,0.19397141421046454,0.7408751750530649,0.20885837302660007
415,0.92435997078399,0.03584087657814821,0.15765257232440524,0.14268503926809376,0.8138865680967754,0.28535794233614553
416,0.936575936857411,0.03492877940702255,0.14787623480600393,0.11368922394009036,0.8826215599947733,0.3992101186302941
417,0.9235550641114889,0.03309285564028439,0.16351643760242204,0.10870877623709511,0.928494284922184,0.5215032989928553
418,0.8872926810741079,0.02903689586627042,0.20749589523620726,0.1089927690659953,0.9154039303845237,0.6053245492191853
419,0.8091393501925022,0.044799547393530245,0.26176496603372484,0.12767410847793317,0.7815731208200132,0.6354569220549817
420,0.6684316674976013,0.12491092122899164,0.2842809398227767,0.11325769857362479,0.5305824665249378,0.6514872295402581
421,0.49770881050904453,0.2787065233206471,0.240445689855031,0.0803622576791964,0.26421013978241564,0.7062963854002124
422,0.3498673638435158,0.4583435268864075,0.15840914386586213,0.03128538093680135,0.08401779391819948,0.7810516265996602
423,0.2560001235209878,0.6040101569990026,0.09020691487111412,0.003993264339549458,0.0129595855471473,0.8261814269231869
424,0.20515133110461384,0.7010573184275046,0.05683625587239663,0.00020327267285975855,0.0020446963684787375,0.8068252280238343
425,0.1554128769892024,0.7837573224317057,0.037748009267628654,0.00010115694606252852,0.0020703372105578123,0.6880371055796874
426,0.09989633280324277,0.8649403520261532,0.0189342275750015,1.685949550628258e-05,0.0015896549550762213,0.4732384734586578
427,0.07703331265906721,0.9017886876621314,0.01307389913648393,0.00011168464989163385,0.0017097724276189678,0.2843615770561721
428,0.08876632129001631,0.8815774317072993,0.02204377546849928,0.0008607092411023758,0.0030701181965477977,0.22452211756392518
429,0.09997285527337613,0.857220756340227,0.030375535446785853,0.0009875961263535404,0.004028716965102054,0.2406676180467286
430,0.08779564554921232,0.8769777389191856,0.0275027084210926,0.0009380155819442856,0.003365949313361099,0.21415715214553888
431,0.04735773008225721,0.9298489746910124,0.017237917834055552,0.00011772165799390736,0.0012383169041514119,0.12290311632279734
432,0.02375289712382248,0.9565072334834777,0.012625425043885165,1.1818314135088352e-17,4.054247497818583e-05,0.07024560161327127
433,0.8319983872698951,0.052804787342383364,0.20780782755654054,0.197996281316006,0.6224221892566805,0.12116356748819355
434,0.8601941534332382,0.04374454708806458,0.21108756819940175,0.18466079737494506,0.6627792510443807,0.15338281689769676
435,0.8965867453786238,0.03271380940588197,0.19604542348139573,0.17096930108139374,0.7322794269213239,0.21958437970493994
436,0.9220589014294432,0.028956498755583693,0.17383003464103913,0.13441488709461927,0.8093648909671555,0.3246850314539159
437,0.9336192549099455,0.028701589195684878,0.16223890821536566,0.11305025613389383,0.8896149462796024,0.4524375615366076
438,0.9197587100201452,0.024931990411813244,0.17821224454526668,0.09911783354352166,0.9422830063202007,0.5454025921560388
439,0.8787400687821251,0.020560403417063042,0.2269646202478561,0.08968313688600657,0.9134484079742604,0.5745903108801397
440,0.7872650676510278,0.04678668881804442,0.28152984465359554,0.09989347811522792,0.7523290735223348,0.5591565557820686
441,0.6284431515442446,0.14278934195337178,0.2873121556053475,0.08354575795348383,0.48489397368464543,0.5443472660515348
442,0.4486755603778995,0.29985033293962177,0.21797167572197187,0.05928237925277971,0.22229781733029436,0.5615052005193703
443,0.30588364266792534,0.46493455473614087,0.12439224129177835,0.019486348309700353,0.06093327868316114,0.6121868077889788
444,0.22888550390187123,0.5907276683448522,0.06838449615114348,0.0020267141114029756,0.009391726796020607,0.6815691431263627
445,0.19309891128769358,0.6831592361012858,0.05005707973874423,0.00014882820062525653,0.0037563161596393655,0.7080973231062058
446,0.15467644024899285,0.7717406192135188,0.037243780354519196,0.00014071211790477465,0.0035961903076413464,0.6264515177072167
447,0.10280563983218365,0.8590845706375047,0.018966725564412666,2.792972086397031e-05,0.002146832017846594,0.43840119249649734
448,0.08040815696696407,0.8997272498602806,0.011435837980703127,0.00021337218968569657,0.002084402494900201,0.2690126128573308
449,0.09217253668073086,0.8816324594141406,0.0175030680390275,0.0012603830079914136,0.0038044220065026947,0.21669951060705195
450,0.10673613178419594,0.8556868874455917,0.02478378171290192,0.0015633495740686328,0.005263439952478894,0.2251125495021877
451,0.09629819749148802,0.8749517866733996,0.02334634103365805,0.0015468245983758897,0.004755406795447566,0.18878863414959227
452,0.05107334710377867,0.931529509823786,0.014906817247773803,0.00026664804253331473,0.00204358534903667,0.09346206239490011
453,0.022309359682917907,0.9593099247843758,0.009626473617746456,6.971603315313498e-06,0.00012290557726437018,0.04247553061281868
454,0.8759420661448144,0.039900857744288844,0.17579119248827355,0.2031412539349687,0.6457342879017387,0.13507689613831986
455,0.896908545276947,0.030536856116579487,0.1833519774155706,0.17879470751749324,0.6679944835316042,0.17603922822324933
456,0.9170160171863396,0.02206909238071248,0.18504143487084906,0.1758230869988603,0.7247881447732301,0.2655336438543747
457,0.9272652009921323,0.02153291938464431,0.1800408028884142,0.13599220697704612,0.7978755194030619,0.39430745751965757
458,0.9283712449276298,0.023060065045977438,0.17964722304195863,0.10981985066622885,0.8701227919942397,0.5210528145439365
459,0.9049085458221704,0.020733936441180087,0.2052633207843528,0.09597745712956356,0.9091590250672074,0.5784724985510281
460,0.8476244229585476,0.020134965396713948,0.26878633385367356,0.08922229329456255,0.8516459221991733,0.5592884608587062
461,0.7359619459688674,0.062478021067121664,0.32933523709486084,0.0880801473565776,0.6678366430497931,0.5164249667541243
462,0.5644391116731065,0.1824678574216275,0.3167727626561264,0.06262039661219262,0.40811128894622106,0.48969130981052794
463,0.38530669765370346,0.35136774030279955,0.2170057126700268,0.03845908610222066,0.17426150856862477,0.48128053711705965
464,0.25693514489395625,0.5022489251455544,0.11113272467457821,0.010243332688194202,0.043549675258003046,0.5125093792078494
465,0.19670502259257122,0.6018768069671722,0.06555341270364533,0.0009888697292704505,0.008131845340930992,0.5995401689045992
466,0.17480278064915714,0.6811662258166444,0.05810625522431489,0.0002174612880068238,0.00619739376411629,0.6475157729070837
467,0.14642775918601805,0.7719525964826627,0.04448042505165391,0.0002414122505061881,0.005718389747958606,0.5689642850802854
468,0.09944074127339787,0.8615194808266394,0.021997466500668854,0.00010714258705910138,0.003021499021989468,0.3813722635771669
469,0.07650198377162919,0.903526517620387,0.010181161648173509,0.00018453328439389758,0.002155273822097295,0.22881559178823793
470,0.09198601335551192,0.8826904844537926,0.01477409203320129,0.0009361375091172245,0.004212516894455203,0.1899586646328525
471,0.11426105298883307,0.8479759406828137,0.022411065322279128,0.0011988932081295105,0.006022593952246673,0.19544003669072135
472,0.11072982971646926,0.8586277501289967,0.02291306604548013,0.001304733930088913,0.0056095686435778825,0.15946415229104202
473,0.06983372022443211,0.9130019709779649,0.015732536074315934,0.00027268465073296364,0.002763286584467485,0.07536120309603969
474,0.04360978791178245,0.9291631798791004,0.003594597537694419,1.1154557511964701e-18,3.620113084553513e-06,0.0625673245318197
475,0.059767545082390724,0.8985883419476995,0.004109146216169309,0.0,0.0,0.1052348763073413
476,0.06564270221707764,0.8857452197568937,0.004695300531356945,0.0,0.0,0.12544826848138046
477,0.9383613597152489,0.029211346309342783,0.12524707261122658,0.25189980385348415,0.6848883638051876,0.15867736717960193
478,0.9461845669861466,0.022253606624505453,0.13557075300328764,0.23361712189654463,0.6911963576609809,0.21202089314832226
479,0.9488914711808287,0.015800014369296705,0.15309148620861185,0.20198575042105227,0.7337699466555461,0.3358347439393486
480,0.9416061419655547,0.016447064857126853,0.17042270694152536,0.14869928535805094,0.7913083932016021,0.5030801942690645
481,0.9225961636893508,0.01955928059954134,0.19245633673169757,0.1181337984617617,0.8376749801570437,0.6369149363916332
482,0.875414105417435,0.02098425919184178,0.2451843072035816,0.10990924725358284,0.8387082741065678,0.6536754228821181
483,0.7861785159085823,0.031802309012782574,0.33357927778608987,0.10010061711187583,0.7390983606784548,0.56746813818016
484,0.643843760468515,0.1014687230762916,0.3945387027996111,0.08744825470164955,0.5395885255861586,0.4761502665137081
485,0.46452236620915366,0.2578074574165571,0.3530379733468469,0.051389939322773553,0.3075714543178272,0.43594684128795336
486,0.3022938068106172,0.45165087644321905,0.22155835720304226,0.025054917689827,0.12132327850900436,0.42460919151607185
487,0.20350591546135577,0.5966582611144472,0.10509099817886654,0.005593085428478232,0.028334952903182276,0.4571385667542839
488,0.16807298478473975,0.6645366396589523,0.06747620290440659,0.0005210946304988142,0.00678839861784566,0.5540763807549631
489,0.16167795755018388,0.7088172335766547,0.06784580288153752,0.00013725843732191403,0.0074257162750579735,0.6231511992280898
490,0.14067373442637182,0.7764823628914688,0.056839737292556036,0.00019496952180233972,0.006852500501006847,0.5592153413647998
491,0.09765767618143224,0.85794274808171,0.030728268670865033,0.00011534628257667734,0.003711670871942549,0.37631740291689747
492,0.07366785357218048,0.904282680668066,0.012494759282871056,0.000175110706988194,0.0019178610876420064,0.22004274030399334
493,0.08984364509326717,0.8872565799185422,0.012549915759370776,0.0006197088669514275,0.0033487992724741036,0.17830579658788295
494,0.11831248672238487,0.84555741819058,0.019577314711687166,0.0008266514162338876,0.004820561815726968,0.186532778013186
495,0.1262052217063028,0.8407982203747115,0.021933270773877415,0.0008848823315340705,0.004535237094374494,0.17358611871008073
496,0.09154772730231264,0.8915007555651628,0.015280582883427343,0.0002065119909166751,0.002142688923685534,0.1056600098308965
497,0.05255323632379522,0.9381634463761828,0.005667366299493334,2.341074696295267e-05,0.00018290482256316454,0.055688672207324326
498,0.04755816775068638,0.9316124198600717,0.0024058254672235067,1.909867525876581e-18,1.2644138856253094e-05,0.06587460690619765
499,0.05738321547776073,0.9033799028353131,0.0037792533039613073,0.0,0.0,0.10149002415805135
500,0.06578541751335916,0.883210948730798,0.004944445402409203,0.0,0.0,0.13064984534962126
501,0.0667040635612288,0.87988111450878,0.005508804192099055,0.0,0.0,0.13479766129534773
502,0.9742728976134608,0.02878846499120546,0.08408451124180319,0.33687002536068533,0.6826663964822095,0.16747608322191496
503,0.9802158402202948,0.019941102626879946,0.0985545960821074,0.28870528066767603,0.7079799811708051,0.23423487914258279
504,0.9762826088195393,0.013262094821927056,0.1232209275866301,0.2303593027081965,0.7469889522586485,0.40166789854295964
505,0.9582355696909519,0.013261141709512099,0.1536742579791179,0.1810996225132607,0.7912318566363805,0.6273930856438482
506,0.9217641732237424,0.01617270929163576,0.20094889997041357,0.15279259122331038,0.8126193360826416,0.7825495087698869
507,0.8482277277801239,0.0220195486602559,0.291400695586893,0.14294253629229195,0.7704606878790666,0.7556391634380335
508,0.7205535905137936,0.05451760791809594,0.40144313621212385,0.11598772656051819,0.6290313929747093,0.5848492157155596
509,0.545372126586386,0.16496540009377178,0.443281256878101,0.08869355347377682,0.4178111384277833,0.4222611132931593
510,0.36152309698521495,0.36299498787569445,0.3599331880688143,0.040550879218656855,0.21334667938277674,0.35633554783113164
511,0.22648488059301594,0.5759525774830178,0.2054121504405481,0.012986683477651011,0.0739344411612277,0.3532713872769347
512,0.1625436147504728,0.7134187426950714,0.09023699574576041,0.0016875811543975486,0.014546706951969508,0.38809132110931727
513,0.15102540805449444,0.7558676693002424,0.0574381408175474,7.558309025182602e-05,0.004922066789701535,0.4679388012598641
514,0.15507561761870933,0.7626854630160477,0.06311624272814438,0.00010877349083734457,0.006685083974669542,0.5450252644590572
515,0.1407872476592801,0.7894336472305674,0.06225943240344118,0.00015832955191794537,0.006464626358351519,0.5361445265385204
516,0.1056189512677942,0.8448356549169783,0.04374248171241147,0.00012410905872228855,0.003804288933033328,0.41465845341202645
517,0.08402737142790298,0.8897765586385523,0.023048848174372465,0.00010435062406694869,0.0017057142861077884,0.293261213729883
518,0.09490662708180594,0.885109260091702,0.015657387937696537,0.00017050418822421896,0.001997659867788673,0.2535531105572849
519,0.12192355756037747,0.849176440250814,0.01797504019554589,0.0002273118777939124,0.002794656174304999,0.2669341923655103
520,0.13415559155256526,0.8367351838433693,0.019755073622384937,0.0003140043565759706,0.00261122973537791,0.2646205566084422
521,0.10611645869227165,0.8765341438922788,0.015066148375350528,0.0001651339265978822,0.0012588773337484087,0.20275141675806313
522,0.07020611864714427,0.920472853006382,0.007926372294438586,0.00010043916514975705,0.00024647230579774874,0.13300304101518773
523,0.05874312488663591,0.9241197334310196,0.0047369802641242876,2.9557538892569245e-05,3.649833701075665e-05,0.1041281707309968
524,0.061368664058274236,0.9033521552500308,0.0050795713796658115,1.9843323616839445e-05,1.9040571990146623e-18,0.11061438557077033
525,0.06469150232811972,0.8860395545264718,0.005961445667472798,3.174926141578401e-18,0.0,0.12788409122723882
526,0.0637364766705446,0.8821989771472237,0.006324711308612019,0.0,0.0,0.1289798880222025
527,0.9622802138871487,0.039599398586847065,0.06308356229187799,0.4811956248137621,0.5923332070908889,0.13790378525085364
528,0.9766872067290134,0.03062630794036918,0.06901769064789062,0.42893395928923755,0.6342515358148231,0.15666251314929797
529,0.988182412854363,0.019163525115278923,0.08454117746189796,0.34726331137503674,0.6833019934880841,0.23176553418860296
530,0.9839029274230889,0.012970178006356884,0.10995809266185427,0.26156192390085536,0.7326046152790078,0.418455514728776
531,0.9639303440833265,0.012072523441549935,0.14474557752591097,0.21578372208212912,0.7775249685102471,0.6761762932432565
532,0.9221318304111281,0.013530659329996935,0.20896038912974602,0.18777802810726915,0.789003804430451,0.8429489407207054
533,0.837047652396353,0.02280268986936223,0.32185165536970156,0.1610290514287611,0.7244009802860717,0.7929554220635072
534,0.6879030106772404,0.07843033460886462,0.43310366572677994,0.1135800062239614,0.5633210932438043,0.5815940657444223
535,0.4912855900929408,0.2282479600347694,0.44531439012958635,0.0770757595344008,0.34579670737485313,0.38489214890515083
536,0.30469164006744,0.4543819963909632,0.3312715858137303,0.030286723549168452,0.1548773361145419,0.2992062416362743
537,0.18508893610591312,0.6669173322947926,0.17403197766651154,0.006406910508237674,0.042536611775073556,0.29237051548580306
538,0.1406976768403478,0.7886723522953782,0.07095619664672911,0.00040321976937085616,0.004407541247650385,0.31109757628821316
539,0.13739617829423653,0.822362642515498,0.039261761516210116,1.5706732786395987e-05,0.0023535230632275197,0.34697996531594644
540,0.14060198422427886,0.8187375788912974,0.04395766904074401,2.212017616078687e-05,0.004037160884519487,0.40308197542962987
541,0.13098220574112435,0.8184743516796394,0.05343411846000921,5.768772335571897e-05,0.004300912865045079,0.4446989713617779
542,0.10909628719322521,0.8411658305592773,0.04989467473597923,0.0001364929877529524,0.0029867811876586495,0.43155978177398885
543,0.0963453070016435,0.8691136360490074,0.036016861323718175,0.00019547312859175594,0.0014629093868234221,0.4026983746361243
544,0.1026887160448459,0.8729210887504322,0.02424690447715186,0.000220873788359915,0.0009932046679251335,0.3915625755227515
545,0.12187830455940682,0.8534201134964495,0.020007239752898694,0.0001895443793045753,0.0012211146769677925,0.3877288440466895
546,0.13033511186293054,0.8460450186119431,0.018512106361669143,0.00019336893530549828,0.0011405290509888684,0.36429140046240976
547,0.11108319895059446,0.8702418528417798,0.015742979148011177,0.00016012278739464982,0.0006603154392656104,0.30276295318133306
548,0.0855942874221939,0.8980266458601611,0.012028171915877213,0.00018402521006343777,0.00023140672112883368,0.24080364942670157
549,0.07293625894318898,0.9038211332744298,0.009454297211302178,0.00013553070481799292,4.3498553498267946e-05,0.1933693821709879
550,0.06918787540231836,0.8947979309903612,0.008284616106912591,0.00011874241677386907,1.5556022867780057e-18,0.16691371318009643
551,0.06552822014898467,0.8885324905526025,0.0076595294933205615,1.9843323616838086e-05,0.0,0.15003104080812568
552,0.06043752256372581,0.8881874388227422,0.007361849126522575,2.418994762205355e-18,0.0,0.12991280131275804
553,0.9529830059156051,0.03485628395235649,0.08037873357806952,0.5173294514329859,0.5271242945124507,0.13166381968523824
554,0.9652894423546649,0.0276318498912318,0.08085246113801874,0.46935157833028984,0.5632639442394237,0.1446244254616131
555,0.9817064289811055,0.018089762885931462,0.08943549686255693,0.395218575682391,0.6271732536232948,0.2100533697882379
556,0.979718862733059,0.013476226927288466,0.11213249037257944,0.3064333282751524,0.6910376263761092,0.3733924430533918
557,0.9584951294023528,0.012186746668359035,0.1493385140766152,0.2589075477608983,0.744669150486726,0.6014266110826171
558,0.9167917857644007,0.01277792124210717,0.2173246166192309,0.22338449134957802,0.7595406167805435,0.7522507701446628
559,0.839136185445258,0.02337810297726284,0.321984051320061,0.17432056804128088,0.6982490836874031,0.728239386046932
560,0.6992678119987477,0.08956508047864115,0.4084656438098749,0.11646566258234328,0.5414189794373969,0.580283713513997
561,0.5079789147788332,0.25530774359172653,0.39901173704856235,0.07271416931610092,0.32665158670990463,0.43437953130981366
562,0.3218337513023468,0.4879705344335766,0.2868193127151516,0.03190747831139632,0.141400135555869,0.34878062314217023
563,0.1937187579722772,0.6922506792161522,0.15040664207586368,0.006684949576006532,0.03673446629939448,0.3055900799769086
564,0.13901396282649356,0.8064214240967384,0.06177327733177402,0.000438501843532301,0.0023972982953422515,0.2738462062254112
565,0.12500575818273474,0.8490739169002767,0.02719958849542985,5.830403915691121e-07,0.000577480139427578,0.25361491626296406
566,0.11719584209355399,0.8617572159000761,0.02526539029164694,1.1660807831382531e-06,0.0013425189186234766,0.26335320335573376
567,0.10784186551811649,0.861670808323727,0.03583317330639247,1.9833001503291067e-05,0.0018546945408043202,0.3114146827621262
568,0.09734809545086279,0.8634043229278089,0.04236083926586215,0.00013073297792577602,0.0016974199510841814,0.3758489078057187
569,0.09302232440614992,0.8695290420629882,0.03783810384999556,0.00020722173748515896,0.0010385360913767936,0.4355192037891994
570,0.09815500674666695,0.8710288968648401,0.02820381290647513,0.00025130338495775716,0.0006312121067120462,0.45505733984254204
571,0.10991109289532137,0.8652999786268393,0.02069579285069693,0.00018896138255764826,0.0005929508033843965,0.4244228103550784
572,0.11316019168598879,0.8669686201171085,0.01664299723282474,0.00016822365695660926,0.0005354945062390606,0.36650514132392087
573,0.10206495845168086,0.8804775734005557,0.014541226640791641,0.00013199110847251263,0.0003677032912397124,0.3156770794283983
574,0.08887989204696742,0.8895970081273509,0.01336188069917978,0.0001889736168438576,0.00015310662290291967,0.2934806216946359
575,0.08121753501889273,0.8875400176460899,0.012152201675346377,0.00015553277502378064,3.159818769092359e-05,0.27645295708699597
576,0.07636669443436793,0.8844397912378426,0.010327388343788256,0.00014938050539037957,1.5556027047279046e-18,0.24927613371695362
577,0.06990824794385939,0.8878985304073806,0.008753377987144277,2.4855180920514784e-05,0.0,0.21894634286782905
578,0.9407332726357723,0.024930791365307774,0.11572295778754789,0.5713394716769319,0.4528888705058495,0.12969737844292595
579,0.9604229940713785,0.020847978477239702,0.10241335889909474,0.5286418368358389,0.4988467511314453,0.1408673363294611
580,0.9774411285710791,0.015640517148718305,0.10027409980769364,0.4668239732694169,0.5695419520446895,0.1922827373503838
581,0.9756227819744392,0.012642582174395288,0.11857582068588403,0.38932249966338917,0.6438186575237499,0.3092785002120087
582,0.951283957235424,0.011578010435538213,0.15871136974219954,0.3335897824906243,0.7018193158197071,0.4686380084112506
583,0.9080686558321053,0.013930467947061913,0.22329312915588656,0.26429561554212955,0.7193725082685367,0.5854516649276098
584,0.8385932481235899,0.026250084476294254,0.3004472911157122,0.1798270315428187,0.6603054270425547,0.6158769824454956
585,0.718787173387219,0.08556185408908118,0.3479347491143109,0.12194591467223603,0.5120468897399408,0.590212379438075
586,0.5501575199674712,0.23593693986646866,0.3265325607707115,0.08283784522937154,0.31465495560740875,0.5440436609126595
587,0.370802569864618,0.4573388081799196,0.2392771897089284,0.04952995016233234,0.14206848885263124,0.47292106570859554
588,0.2264582510339494,0.6668259645905855,0.13596956215201417,0.015014078393310447,0.04072914023348176,0.3758490299992132
589,0.14650264617496433,0.7950927919789634,0.06038405395677629,0.0013524908315605763,0.0048492588578361775,0.2824796309030801
590,0.1153062049654763,0.8535632406501549,0.02344675780219304,1.9051049839297946e-05,0.0003046735825098267,0.2173067129726348
591,0.09615391958222523,0.8828936918912402,0.014949095865450858,2.1557766923416833e-05,0.00039702689491775213,0.1844442947817934
592,0.08325297762667908,0.8994885119464404,0.019359956752290224,4.4206958088407956e-05,0.0006345966292769678,0.19191749348058815
593,0.07561506293606392,0.9034371050830666,0.025011474357131927,0.00011636628823965026,0.0006939021808655425,0.2511222625793972
594,0.07313499290639663,0.9002622916831342,0.02534417923202002,0.0001843316593833572,0.0005909312843985804,0.3295838256427153
595,0.07823916342284892,0.8951790074107163,0.02118867132043504,0.00020093629593278476,0.0004760366978304014,0.36032544306314546
596,0.08523592398650776,0.8913529873367672,0.016126791247422313,0.00011481156475201632,0.0003839715183516757,0.32169515872568366
597,0.0850369985145547,0.8959503901737015,0.012557221596977704,5.907995586572495e-05,0.00029454878619296755,0.26034493307530104
598,0.0812163832597495,0.9037553954503367,0.010644293947899158,3.870093743368226e-05,0.00016355343293497594,0.22828358226479709
599,0.0774714877009568,0.9031483373102904,0.010060023370529506,0.00011616362096795256,5.130202361181278e-05,0.24434552192042983
600,0.0763338814835974,0.8937410556055418,0.009730138028792516,0.00013255337280513896,9.722521084440367e-06,0.26918830059667764
601,0.07580174484264915,0.8905806118575995,0.00857531480848331,0.0001395382117965065,0.0,0.2737530297738065
602,0.0705729957868769,0.8972588714481675,0.007311045687432504,4.8831689700206296e-05,0.0,0.2620917664324546
603,0.9194995801416127,0.01862743417688841,0.1573967449651398,0.5920851346355559,0.38391208504366614,0.13990765995369725
604,0.9364226936670251,0.01727831521992008,0.13660862982985897,0.5987814444776972,0.40736358859830807,0.14358744887215757
605,0.9624360393370875,0.014685162227623968,0.11184752619750114,0.5742876948344157,0.45877053749124663,0.15884236056190673
606,0.9794497844854172,0.012197059476323689,0.10322155491636906,0.5256358832134418,0.5306892197184576,0.19906592372704682
607,0.9770844184367348,0.009668192075654865,0.11753956392039866,0.46191144694384006,0.6058865512945719,0.2781437503366524
608,0.9516904333390829,0.009542671661288292,0.15796440224381642,0.40463913891764414,0.6567207696215526,0.3787944315107625
609,0.9035188668029461,0.016379755673774636,0.21642220649292299,0.31457391880948776,0.6562543893637318,0.4659622862988766
610,0.8233993629691972,0.03140265463500222,0.2662453059297728,0.2088892582630357,0.5792148237172758,0.5235599899050887
611,0.7016177227045185,0.0733439620224298,0.2770507774507362,0.14093663697580938,0.4349670803299894,0.5657135281269557
612,0.5410801423460778,0.186971714384626,0.24376542902253673,0.09522352662780065,0.26322611312884225,0.5766447261118051
613,0.36996369550261193,0.38812132238776914,0.1803937105415339,0.05937249711131293,0.11825283097254273,0.52335285754024
614,0.22797950198705652,0.6135149777382679,0.11028061122964827,0.021113394828262706,0.03495960443755853,0.40610183603673505
615,0.1410062767532075,0.772983983526044,0.05252453138412509,0.0024023750523555474,0.0060637835711830216,0.2843028017844321
616,0.1008326557360004,0.8454894700209441,0.02000970411902066,0.00011982104613916042,0.0003455398185786139,0.20603840919493688
617,0.08236423354078257,0.8796892343641493,0.0101365790889724,0.00016143254572479276,0.0002164117687850123,0.1605282265872601
618,0.06920377791832454,0.9099383702451947,0.009811787256839805,0.0001769741844270058,0.0002714261997154385,0.1334521597429994
619,0.06062106705186673,0.9273415793182311,0.012125947311099939,5.251523195413352e-05,0.0003254374945566622,0.1561020324732757
620,0.04949050815871842,0.9346268261979006,0.011608188614347323,4.0371783505497335e-05,0.0002756852325813558,0.1898724715870564
621,0.048770335886155564,0.9326061637633056,0.00926342338001492,3.995789579431908e-05,0.00020233622746983876,0.18961541876538457
622,0.056156744666440495,0.9233338055287742,0.008588543018433443,1.9845505565233324e-05,0.0001342298332598259,0.1669617263260712
623,0.05791071232661356,0.9214678857188618,0.007842134579619593,6.5030279164776905e-06,7.218238393151799e-05,0.13477944635099504
624,0.05807112519045593,0.9270215662569892,0.0063291139918994115,3.661481559031439e-18,1.7735771114741154e-05,0.12077108929632692
625,0.05775801185216046,0.9291119848344038,0.004934663385180609,1.7620871371759542e-05,1.5556022867778855e-18,0.13724053260731736
626,0.05926428587217819,0.9223702593750394,0.00445067190036759,1.8097111138561268e-05,0.0,0.16729128777203023
627,0.06320559956468487,0.9169279570661802,0.0042669667313133455,2.4923214462755567e-05,0.0,0.1984242184824203
628,0.06195967222434824,0.9179477237650419,0.004234020993906487,1.8989117047086156e-05,0.0,0.22314097960934295
629,0.9279141839156468,0.018639707069956674,0.14351949947165824,0.5905751325032395,0.38368327227161975,0.16059019366941069
630,0.9425145943320096,0.01644601985554779,0.12462948333762304,0.620226507074243,0.40053191226167995,0.17038307060649968
631,0.9653957800698929,0.013843019583191141,0.10223005368505435,0.6093331516298603,0.4500680527019425,0.19088628839560512
632,0.9804597976972013,0.011386362647485434,0.09654997684689025,0.57788650221905,0.5204423772068654,0.23149215550301475
633,0.9779714695134075,0.008066937321009233,0.11201138902738819,0.5341327596709262,0.5832949275879741,0.2965729192769083
634,0.9547919437507029,0.009132566904140195,0.14745753631808878,0.46784460139398615,0.6117553602986017,0.3768370111163852
635,0.9046301249512275,0.01978975285519144,0.19375630313679346,0.3516441200918025,0.5814154500341095,0.4492785310459686
636,0.803943047490033,0.036063940817958856,0.22225693030952293,0.22138103253865882,0.48135959802423917,0.4898067182502859
637,0.6548881401791595,0.05985690484568081,0.2096710550944917,0.1398358076071479,0.3355660202342036,0.49573816008544425
638,0.47951528603930826,0.1348791202695626,0.16652640889532747,0.08836830724486046,0.18615079385654545,0.4767084184410489
639,0.30877135491096525,0.3121918464551845,0.11434004825077121,0.051608249750396455,0.07445081424987741,0.43262223924989746
640,0.1881556404277481,0.552483573020903,0.06892567758000974,0.020157586373428734,0.021287115619231356,0.3507653974140485
641,0.12072563259308522,0.7433189130660262,0.03395065787363121,0.002433147603282871,0.004751897387543833,0.25436592511342204
642,0.08815212543646785,0.8332113780926217,0.013630478731958866,0.0001619338883394332,0.00034953235601562833,0.18767933065041012
643,0.07830828976025087,0.8650152112725826,0.008274174721065609,0.00026019718520251586,0.00027650399606513255,0.15495892175359485
644,0.07036033837261128,0.893400158693341,0.007763454853934828,0.00027656711743799815,0.0002721542403372492,0.13102045381446029
645,0.030653905466337728,0.9515467764806166,0.003905988072100727,4.344598255637922e-06,3.3991203698634105e-05,0.08775752155744371
646,0.03774574062303364,0.9406978599198677,0.005604326096572869,1.2396174091017222e-06,1.6169110814407195e-05,0.07813305817681038
647,0.04305704604326557,0.9340098549188388,0.006443395953386534,1.9833869974636764e-19,3.263996204913923e-06,0.06979902354107645
648,0.043960216519491356,0.9397305264961661,0.0050438488231938595,0.0,0.0,0.06188001869929071
649,0.04080653272522822,0.9508097445235627,0.0025685173821645263,0.0,0.0,0.05591112238613081
650,0.03966106122551083,0.9535380216237445,0.0013012937204853344,0.0,0.0,0.05885260012637434
651,0.044223044528960385,0.9475749277502892,0.0015275412911273372,0.0,0.0,0.08520943056094925
652,0.9284870033726749,0.02450799363099249,0.11752990138386257,0.5406132212837214,0.37481918396214503,0.18462174668935852
653,0.9369948475178459,0.02396970267515935,0.1022534821049445,0.557701112112965,0.39226982254579396,0.19436086200940486
654,0.9534206369289879,0.02151971602213232,0.08946607274572196,0.5646984483286742,0.446417163217296,0.21767822410173837
655,0.9615470038790487,0.0195031882787555,0.09318779216384801,0.5386475468509779,0.509338711939444,0.26023787119959724
656,0.9585867965786697,0.016494323769062354,0.11299919899433528,0.4864567702256978,0.5511823570526247,0.3243672927497468
657,0.9427368267002891,0.01768831027167545,0.1403621069856755,0.4037372031312871,0.5543378276738109,0.40658426294160294
658,0.9023436261151109,0.026747397775471547,0.16693508727326545,0.31226312793775346,0.5049933995695699,0.48108312999969266
659,0.7956480788161161,0.038739280971704516,0.1750063329289664,0.2135722194041054,0.40207103642057296,0.4939017283174334
660,0.6165932658746858,0.047648557396964504,0.15088464795489523,0.1382432268870223,0.26265536574803916,0.422211510926701
661,0.405622268513252,0.09042977064152963,0.10587956124311744,0.06754150128291604,0.12423369908405467,0.3219579193988352
662,0.22536201824777166,0.24191685267959176,0.061356780879826815,0.027567650330313866,0.03666985837023615,0.2723235899165663
663,0.13398398079635485,0.4833158759075992,0.03221690390429449,0.010534296567607336,0.008491866369403285,0.25150424625621715
664,0.09965956643955257,0.6967640866104419,0.01680038842201146,0.0013162291035281517,0.0024771055495534117,0.21156035096359152
665,0.08279011101583524,0.812614212964822,0.007998336583411302,0.00016544328824644728,0.0009904741558672272,0.16782450018673764
666,0.079996599981462,0.8528018099859559,0.006711835725484555,0.00026871999658840186,0.0011664043052479636,0.15003614916151017
667,0.03452418141513744,0.9427137253779857,0.0059506029724653835,1.5111516961592228e-19,5.06517201399085e-06,0.05723057424014869
668,0.03792904192898659,0.9385942259421817,0.006763106433609299,0.0,5.966443252443458e-19,0.0468983331385277
669,0.03853522205624687,0.9450858850800843,0.005226906776720805,0.0,0.0,0.04210344591445169
670,0.030427369685573212,0.9632316513328492,0.0024690344165565177,0.0,0.0,0.026401004131723325
671,0.025457740764442748,0.9725924963157492,0.0009483567454822472,0.0,0.0,0.01632649274518112
672,0.030787079682990107,0.965594688886513,0.0010367262256678143,0.0,0.0,0.036849344690138446
673,0.9115875365479439,0.032034885524770455,0.10806929897565146,0.4668847618981545,0.3458035362848462,0.20687393145967434
674,0.9151299070215909,0.032832998038853756,0.09990067029490626,0.4613238780224732,0.36624641376428796,0.2169680797047042
675,0.9175941303113035,0.032331014800695536,0.09899736726339653,0.48489639780981986,0.4200247585483769,0.23293920816123387
676,0.9110357491302052,0.03351710860621262,0.11157233385955125,0.4560318512881616,0.47402162391565045,0.2645936717412698
677,0.9062064544236353,0.03290625992158296,0.1343053983165491,0.39307344553884943,0.5024337596214163,0.3278669625558345
678,0.9035750392424972,0.03183672210585233,0.15181857155039022,0.3011779357112701,0.49535941274681694,0.42765296707062533
679,0.8920126453282208,0.03437266003857977,0.15550102277762745,0.24814852177864768,0.45143348007441353,0.5264514500546132
680,0.8111990995211661,0.040513986534737007,0.14311713250988164,0.19348205120216178,0.3719096048768613,0.5478189434367579
681,0.6354279886716606,0.04196682439173352,0.11391518816100968,0.14123506030485325,0.25656771521245,0.43982912427850035
682,0.3932474964037543,0.07072409032564984,0.07603562821434849,0.05022268596967836,0.12326811699018374,0.2773693624539958
683,0.17159184436061994,0.21818368466680418,0.03419578602709007,0.009311222153782241,0.021987553111640794,0.1836795380244708
684,0.09645930561943925,0.42746052109462107,0.012228952398933795,0.0018843929328590118,0.002168772862941127,0.19214133280011797
685,0.09024849622814282,0.6253252461841043,0.008165614380642713,0.00011063525910851593,0.0017095935521185522,0.1916638446628117
686,0.08316962713454022,0.765349715110589,0.0062567497104261205,2.4565827424356376e-05,0.0020351549509913026,0.16703354130909145
687,0.08114292054294232,0.8186804960417343,0.006106696684095956,7.911394551495396e-05,0.0024957664325605347,0.14875741487921032
688,0.022976458169810858,0.9746056629817433,0.001233289980517668,0.0,0.0,0.014697653924621874
689,0.8887735132090093,0.0331670497756278,0.13521269166517036,0.329623336044172,0.31188043606464455,0.26853205305663447
690,0.8736016830599406,0.037224987826597805,0.1390483996635367,0.34357483385567533,0.3688516057551781,0.25208002412943586
691,0.8522310663723848,0.0427280343065971,0.15951751628421412,0.3090885960395808,0.42594417923850114,0.25463222353645454
692,0.8462220373694864,0.043755700715570625,0.18143892341280154,0.2568712128164276,0.45957277411186537,0.3126020419470072
693,0.8580220206704909,0.03938478971542009,0.18474465473019777,0.19154488651463297,0.4607383292764443,0.4345045456490228
694,0.8813059023496839,0.03574047966419917,0.16624019148868924,0.18317545453264616,0.44680007068467514,0.5656376165537977
695,0.8389492119663369,0.04038092330368204,0.13829447379811272,0.18574589930647178,0.39526539709091435,0.6062964025833759
696,0.7049730966988121,0.04440217462464312,0.10844637877304451,0.1689653842895847,0.3035366309775586,0.532209995223592
697,0.0919248930028299,0.42621935257331045,0.006343215315943356,0.0002776473609074375,0.0017154083104259047,0.19647016106711993
698,0.09213510979167978,0.5606474196256501,0.006655149963563162,1.770164815427845e-17,0.0025833906765216977,0.19991421075001461
699,0.08581474235088682,0.6792560808388682,0.0068941874715220935,0.0,0.0032560863227121943,0.17742972107554436
700,0.08305038754294707,0.7423364149466648,0.00703240163694615,4.529782362460614e-18,0.0038268318828749365,0.1595475339573382
701,0.8867805347636822,0.01725976941283722,0.19132106076549166,0.30412277854474556,0.19751282481031543,0.38378339849241255
702,0.880124536574421,0.024924113812636206,0.17457737312091134,0.2748988765835573,0.245729574255133,0.3422121030881082
703,0.854865657538624,0.0341112680372718,0.17709349561348403,0.2747775940126486,0.31374227807069216,0.2866436925453564
704,0.8273444060861651,0.040822114277143565,0.20452656848464973,0.25351420095016475,0.3846706019688837,0.2507339272599016
705,0.8197027321328834,0.04040049377636742,0.22547633895644126,0.23454009005648588,0.4387931977795736,0.2860992460270452
706,0.842564617761711,0.03290624830273588,0.21371599848995088,0.19951588460539357,0.46652709368754247,0.4147524649139772
707,0.8828816428208248,0.027402242546770282,0.18166293178355866,0.1903162821538444,0.48601883745325336,0.5427912852664187
708,0.09625534839472036,0.5283159379497099,0.0077399111448782365,0.0,0.004024964687253746,0.21249912290758527
709,0.08348980079559248,0.6023461939190698,0.007475036156476396,0.0,0.004155261273071465,0.17452381184578558
710,0.07820705254455834,0.6440202353088142,0.006789782635398948,0.0,0.003798167255573569,0.15263034625294064
711,0.9055875448573127,0.012318870879761109,0.1862410604965438,0.3369631366862759,0.18214951579965163,0.4340882199047508
712,0.8955765574213866,0.019732362257371162,0.17251502974474084,0.3036388419825768,0.2139739408223497,0.3924536951940699
713,0.8712898835513988,0.02861074840835599,0.17651131691393832,0.2758265693399078,0.278813655450382,0.31868614084529956
714,0.84729509911528,0.03218410544475953,0.20339072280652093,0.2556689397653081,0.3647805092273958,0.2543095587520524
715,0.842391414867307,0.027801276962716618,0.2241380622496834,0.25842376679801715,0.4477998632046794,0.2561062560739016
716,0.8670095005136442,0.02068471411366541,0.2119364742553058,0.2546038513579065,0.5041539698879156,0.35623563261715985
717,0.9002379830230609,0.015109817978432392,0.1866452145059838,0.2362590144391135,0.5397006356702754,0.4737791183690834
718,0.07475184866066208,0.6014717292325046,0.006568183452677446,0.0,0.0037123320090631366,0.14565468351507302
719,0.9266480870204565,0.0113652182020202,0.15743462820114135,0.405274796401177,0.1906599120646703,0.450821833426396
720,0.9158169948519364,0.018283373502685375,0.14420643094690785,0.36331555592706866,0.2117693869962731,0.4060491892803216
721,0.9020719316883317,0.02494586083406244,0.14105871652700427,0.3430341627828372,0.2743916035768299,0.3257081455340949
722,0.8930791345796463,0.025148626370581878,0.1550962886902015,0.3312909248416822,0.3683984966675583,0.2529373152493302
723,0.8946109005843654,0.019236569548196924,0.17492402217242714,0.3337317095539701,0.46534028811496503,0.22468115672603356
724,0.8998545665915737,0.0133751300663352,0.18865097471684159,0.3128313014123144,0.5293247241603871,0.2802793812836992
725,0.930773907884656,0.012354928558858282,0.13413047955484542,0.47554088469202865,0.20267439210114288,0.4187475548930971
726,0.9205770546197373,0.018470182704970004,0.12126444675490959,0.47402380725373056,0.22300868463242485,0.3650617236497019
727,0.9184075378549895,0.023596212019231063,0.11067934441626139,0.4446895841170982,0.2811350313493074,0.29554649385352727
728,0.9254251779237288,0.023548653852873226,0.10592556623300042,0.40174540862589936,0.37592282416351636,0.2329981778968914
729,0.9343368780322631,0.019633822205540465,0.11629921509932016,0.38813242586568,0.4563049621604607,0.1999759676066811
730,0.919783651188256,0.019666736447958133,0.11663062349166757,0.5577871576526697,0.22033549364049193,0.2764335969704642
731,0.9180965643604164,0.02487491248185373,0.10666764831896282,0.5371334109218656,0.2694601956411611,0.2408514045007959
732,0.9245005225151197,0.026827669007766987,0.0936247810019089,0.48408824887130064,0.34863317535770716,0.2018147994506369
733,0.9400690528015125,0.024248319263645075,0.08653681931213225,0.4614879777612268,0.4240374188475804,0.18127940877192802
734,0.9488771488907021,0.011603262295984093,0.11628759621957578,0.8111601993527725,0.1619433616781532,0.19986574136859805
735,0.9287695752852754,0.01892125833689922,0.1162916878060345,0.7086455800503086,0.1907722235735828,0.20300530039711767
736,0.9138014735758397,0.02761587822801726,0.11046953268373642,0.6601629213822025,0.23523404867713962,0.1918477596840547
737,0.9050227711528606,0.0325374565031503,0.10276555444967289,0.5637892044964489,0.28171295660890244,0.17473430759318484
738,0.9598693896685594,0.012209498512440025,0.1017294332276425,0.8943254277301738,0.14415293261567244,0.16092403467884886
739,0.9372576718936214,0.01948694075026784,0.10308517347478006,0.8052241293820591,0.16019137575584702,0.16106257865231685
740,0.9158957911959209,0.02894982755630623,0.10392529632557271,0.7414167879182069,0.19263950838962343,0.1563908135611322
741,0.896471545699593,0.03571728903859551,0.10465413200425389,0.6426460811781237,0.21997328797443372,0.1532444782710905
742,0.9581579487201761,0.016545402286676097,0.08525378041183718,0.9274516067979715,0.1389189455787562,0.13078272133346755
743,0.9373521001171689,0.023288716959017578,0.08602272340730695,0.8657199139990842,0.15074274546958308,0.1267787177046031
744,0.9228757331400615,0.028977190326571603,0.0891039607207454,0.8353501637661135,0.1659470077956621,0.1251253506119381
745,0.9176557032138385,0.02867978996461503,0.07756854401975688,0.8102233640253648,0.16791172853971925,0.11779547401252123
746,0.9130446534309367,0.030917127243067694,0.07982476238204078,0.8039920648197072,0.17120215204496825,0.1139182663144629
747,0.900595925543671,0.032647465236104886,0.0708977994106801,0.6605039562101269,0.1903115378517759,0.1309547905495665
748,0.8921372099233196,0.03456627157676995,0.06751707677334089,0.5976273129891774,0.20245559798479984,0.14001083196996714
