fid,X,Y,I,BUILT_AREA_BLOCK,NAT_AREA,INDUSTRIAL_AREA_SURR,ROADS_SURR
1,8.481,45.309,0.8934372229428177,0.07371326790173686,0.081934063,0.03959870294714681,0.39680193511007955
2,8.547,45.177,0.902973135599739,0.05054711287593816,0.084290042,0.024787974896780855,0.4012346837940466
3,8.547,45.243,0.9000359729422482,0.07332752299783828,0.059548283,0.04874505266452755,0.4041784697575748
4,8.547,45.309,0.9061104949697276,0.07825567252157122,0.031261267,0.04132998199733206,0.37156450097164834
5,8.547,45.375,0.9351635627340228,0.098471028268474,0.039646036,0.06636075486902668,0.3941540513010002
6,8.547,45.771,0.605889252375763,0.2758375039470284,0.181390203,0.13753769047318082,0.43646266079297374
7,8.547,45.837,0.554603241491203,0.24654925262993893,0.0,0.09702646493799508,0.36552981619148694
8,8.547,45.903,0.4144970649379325,0.23962243319263857,0.0,0.1089870928697137,0.3360045213292075
9,8.613,45.045,0.8969467681559683,0.05912828683977411,0.30536027,0.03581187936202383,0.3446437968823063
10,8.613,45.111,0.8908135619006682,0.061042480058022534,0.076245213,0.036877985343161224,0.36723481832599375
11,8.613,45.177,0.8881383500938219,0.058972213046709875,0.04942713,0.03620083570499736,0.36241135884961767
12,8.613,45.243,0.8812102595214276,0.07335716992265554,0.042786537,0.0457740549936657,0.3896536106212116
13,8.613,45.309,0.9379489650419328,0.0757802756204338,0.012837739,0.04055932632564046,0.36771526624338396
14,8.613,45.375,0.9809144511488675,0.09481292779930957,0.030247261,0.05964360224075433,0.3954606578886763
15,8.613,45.705,0.8339800895831511,0.31799955762378107,0.236224644,0.2053015891762102,0.5311482915663536
16,8.613,45.771,0.7232266233215974,0.33805206062472504,0.489839019,0.20916169107514526,0.5533923586285218
17,8.613,45.837,0.5888742966411292,0.2863387874766246,0.236199988,0.13355228859175408,0.46161894803098985
18,8.613,45.903,0.4190458044573118,0.27768508808549414,0.345114207,0.13685873322026912,0.43958542016583024
19,8.613,45.969,0.365350685152256,0.22534490684141767,0.004301202,0.07944405901288408,0.3752565575493133
20,8.679,44.979,0.8474747035117981,0.05862535551962705,1.0,0.03321273804281259,0.3074651322327063
21,8.679,45.045,0.8593996589434629,0.06923185181031176,0.068179794,0.03721182767680273,0.35957034594641263
22,8.679,45.111,0.8621608430699145,0.0648063190038384,0.0300387339999999,0.0326756238232839,0.3760637642182384
23,8.679,45.177,0.8915886920121879,0.08445335701383522,0.045922948,0.06117236477827058,0.40223600924451164
24,8.679,45.243,0.9203434297469548,0.10071436167129787,0.03527941,0.07470698307757596,0.42063084805956624
25,8.679,45.309,0.9934681153169512,0.11678048971821171,0.016256328,0.09782224872440189,0.42759393386947403
26,8.679,45.573,1.0550118533775807,0.4738027072864026,0.609258539,0.5751153290761154,0.5864624959199599
27,8.679,45.639,0.9985893041291716,0.45600016501017376,0.626525243,0.4626361474077572,0.6161284265718582
28,8.679,45.705,0.9522248933942052,0.39772420447057516,0.543564436,0.34282266227441394,0.5180928718702713
29,8.679,45.771,0.893115505238972,0.32923730485147434,0.478363383,0.18000334998653159,0.49804142389844125
30,8.679,45.837,0.7243807316382561,0.27616926351018806,0.449565004,0.11937886202623525,0.39804430973453464
31,8.679,45.903,0.4754804220126175,0.267685942889284,0.725253433,0.11473863698595332,0.43110332012417063
32,8.679,45.969,0.3325379115594752,0.22329120356438187,0.305525446,0.07928519985619459,0.44140743217040845
33,8.679,46.035,0.2051693787518042,0.19026803002939763,0.0,0.05456362186181991,0.4405007304488558
34,8.679,46.101,0.13108710361745,0.11038905015419666,0.0,0.011932240419960166,0.3630866770452064
35,8.745,44.979,0.7916299202849822,0.07407543913419647,0.427614387,0.053048201815041524,0.3686581246725588
36,8.745,45.045,0.8325335834308304,0.0813449132261228,0.097185933,0.06223962702400192,0.40732197590262376
37,8.745,45.111,0.8566630192691326,0.07295382705236961,0.035198964,0.044088130982583414,0.36444631068434297
38,8.745,45.177,0.8719188422346991,0.09108935614617113,0.026881709,0.07633908522057607,0.41248968318473456
39,8.745,45.243,0.9733187811397468,0.1183181459844039,0.028086956,0.07774791634379721,0.41163825617572153
40,8.745,45.309,1.054311973145253,0.14727752108740097,0.039115861,0.11925458757961933,0.44040064535710444
41,8.745,45.375,1.1233498962084378,0.16334713104499915,0.020582411,0.13319928053787328,0.4662473594057773
42,8.745,45.507,1.2630107058919653,0.3613268522449617,0.409404487,0.3291256922168684,0.6381495128232878
43,8.745,45.573,1.2621112073360417,0.5259878220762483,0.420758075,0.5383496617307953,0.6980650669096646
44,8.745,45.639,1.1970185194645055,0.5550856978009195,0.300874284,0.38706506619621933,0.7740393273155155
45,8.745,45.705,1.115395476775262,0.5252138156562252,0.557162154,0.42370612919593387,0.7170407112831662
46,8.745,45.771,0.9956357537861256,0.43880091744819966,0.464089161,0.24225603400180537,0.6567512545431873
47,8.745,45.837,0.824294952589527,0.3294191470164823,0.481159615,0.16419996164625336,0.5651667354263264
48,8.745,45.903,0.5341212150515002,0.285849091420709,0.802809005,0.11968575192275026,0.5142181014819439
49,8.745,45.969,0.3754057537553729,0.18439388066141402,0.641200631,0.04682017563044613,0.4003468569864099
50,8.745,46.035,0.311389225173095,0.16408777740596261,0.514326742,0.04644799497312793,0.4143589490050542
51,8.745,46.101,0.1880452854805179,0.08339519503280446,0.605383509,0.009350499983295962,0.33165951761565077
52,8.811,45.045,0.8326121553385872,0.12379180235141671,0.118285563,0.13296420265742445,0.404351355625848
53,8.811,45.111,0.838366946947166,0.10100508474350023,0.03866662,0.09571384471692357,0.3870722304697797
54,8.811,45.177,0.8941931624071807,0.12094883323355915,0.110466954,0.11704616015298139,0.44390090645423474
55,8.811,45.243,0.9768495339459686,0.1694549836982932,0.065380854,0.1308663417090576,0.49588049340639107
56,8.811,45.309,1.0655005653523129,0.19443196264646231,0.055457888,0.13977243452315363,0.472113836984456
57,8.811,45.375,1.168796314773103,0.24498245059280307,0.147558629,0.19481272523095142,0.5054413492018611
58,8.811,45.441,1.2963528091434229,0.284202331618785,0.367596199,0.2512906150786895,0.5100996114599664
59,8.811,45.507,1.367553283819542,0.44283729610817213,0.09580181,0.3795219160993192,0.6756129066431424
60,8.811,45.573,1.3724188692285544,0.6210735152677122,0.260904662,0.5523826028581954,0.7611305581357286
61,8.811,45.639,1.3486903755431805,0.6457803371575525,0.19984599,0.5084759043089896,0.7450080100686005
62,8.811,45.705,1.2296356493035814,0.6280997872946193,0.312840751,0.47428683681061967,0.7508899519568285
63,8.811,45.771,1.067954506327952,0.4757425083439795,0.337627145,0.2635056117609524,0.6363709121795053
64,8.811,45.837,0.8912680569337228,0.3563612484605671,0.423973363,0.16033727073623397,0.5282743546729018
65,8.811,45.903,0.5730151102374367,0.27980843836266683,0.847999614,0.12051889749492081,0.509413415226574
66,8.811,45.969,0.3772008059582993,0.1737270728628522,0.814699056,0.04890502461175864,0.4243392033648323
67,8.811,46.035,0.3246813140031515,0.16281124151404885,0.930074069,0.04474532239272218,0.45680818328862455
68,8.811,46.101,0.1363428345865545,0.08239736545271473,0.952823147,0.010103118926836078,0.3164425121949846
69,8.877,44.979,0.8367919161071139,0.13867733668133722,0.0,0.1513802831516653,0.5889197483363214
70,8.877,45.045,0.883683895380702,0.13999191496993535,0.152762283,0.16175094141912508,0.4982851310788945
71,8.877,45.111,0.8802972059025196,0.13207422028304872,0.04517935,0.09828366026919659,0.44048300300455745
72,8.877,45.177,0.920912831375197,0.12152256162804995,0.03639857,0.11262771920827253,0.43141788109057577
73,8.877,45.243,1.0078883294545329,0.1563376745369756,0.047356893,0.11215156923690259,0.4400499171909211
74,8.877,45.309,1.125176344547401,0.172841192732036,0.136002101,0.10338118575971991,0.4200876132615075
75,8.877,45.375,1.2326435385424412,0.23452688036567076,0.310866585,0.19401061749414944,0.5010530688024117
76,8.877,45.441,1.3687777776164225,0.30938568954674794,0.055445823,0.25244884811679286,0.540565998220162
77,8.877,45.507,1.4687205769116434,0.49282688692686827,0.037210066,0.38848294093155206,0.6712958200835024
78,8.877,45.573,1.4890533938451278,0.6531206840308956,0.097383198,0.5310207813153928,0.8138072640631501
79,8.877,45.639,1.440553749249981,0.6652580171588655,0.112090613,0.4595486535333131,0.7471802101372826
80,8.877,45.705,1.3146898729250045,0.5930992210018241,0.371365394,0.41008659810000037,0.7930254362372938
81,8.877,45.771,1.1248525357452173,0.49548422960436683,0.3557342029999999,0.25396049118469005,0.6828783796726786
82,8.877,45.837,0.9046240206612334,0.401429097046683,0.48606412,0.1775899619448261,0.6314793071754521
83,8.877,45.903,0.6136105365899996,0.3175171871323783,0.732800693,0.1353413989906306,0.5820525702416346
84,8.877,45.969,0.4031991498131618,0.1522070078584826,0.6104240959999999,0.032103602690570957,0.3859616425380052
85,8.877,46.035,0.2961361606776757,0.1341417602663941,1.0,0.01894394403016834,0.37836817430230346
86,8.877,46.101,0.1791369062441058,0.04354488972626446,0.997207736,0.005733517562497309,0.25723738092562476
87,8.943,44.913,0.5481838662038001,0.3237432008192539,0.093658178,0.22905968090489176,0.8715981794416321
88,8.943,44.979,0.7317523871765066,0.21060390780242902,0.019429403,0.16492380813370094,0.6529381393908603
89,8.943,45.045,0.8738827543360257,0.17534792927607784,0.102239036,0.17770078164672354,0.568559062554677
90,8.943,45.111,0.9122184004181884,0.13702800351492417,0.075535304,0.13828795424640675,0.48824266193581733
91,8.943,45.177,0.9686253479967296,0.1290364106546273,0.083105249,0.10440752926601239,0.43912502214484267
92,8.943,45.243,1.0600934003042903,0.1668243187166281,0.2862862679999999,0.11497102938063623,0.4772647071979947
93,8.943,45.309,1.163282043964827,0.18040391870623124,0.42323362,0.13355856851859899,0.4766687820447137
94,8.943,45.375,1.2680337317261854,0.23642541463299227,0.069195127,0.16128644136281867,0.48235619890359127
95,8.943,45.441,1.4236164311025703,0.3444461536467986,0.076829159,0.3119737727034399,0.6149356587980592
96,8.943,45.507,1.509583708342901,0.5335951578910224,0.077198114,0.43279958890019476,0.6952871643963989
97,8.943,45.573,1.5327324932131907,0.684819161940231,0.077777841,0.5749783235490111,0.7961474063861333
98,8.943,45.639,1.4874920997414969,0.6397861352606573,0.405009685,0.4946652909862356,0.737780234376966
99,8.943,45.705,1.365590439513112,0.5469560544455876,0.5362732509999999,0.4243901117160603,0.7564042303545125
100,8.943,45.771,1.1570572149752647,0.45308084722866737,0.55497311,0.28183995012018626,0.6820205925035201
101,8.943,45.837,0.9561123045261446,0.4081981862836917,0.445635374,0.22001857499521685,0.6388564359670061
102,8.943,45.903,0.6721949255880788,0.30249271882243595,0.745821719,0.12490630722427896,0.5241599071431977
103,8.943,45.969,0.4099280076545612,0.1567272492442613,0.148166431,0.03651309746670381,0.33566719888230584
104,9.009,44.913,0.4225056527163488,0.1993729137679925,0.215677693,0.14939325834100192,0.6874639433680545
105,9.009,44.979,0.6308028352602619,0.180148206134501,0.041379839,0.11266857974708487,0.6395683343498618
106,9.009,45.045,0.8278920569841417,0.15795418142847303,0.0370406859999999,0.140936466312022,0.5934311901044983
107,9.009,45.111,0.9385565106767342,0.12182691384286622,0.120279444,0.10422703003242408,0.5080061239940314
108,9.009,45.177,1.0289844714337435,0.1137947847152433,0.081087953,0.07875055243626762,0.42762132196585645
109,9.009,45.243,1.131293830488956,0.1375656530480042,0.280068251,0.1017285536175728,0.4745854783964418
110,9.009,45.309,1.2120086691277772,0.15221362699065155,0.035632942,0.11087276309974972,0.47229524057945066
111,9.009,45.375,1.3044870037117124,0.24223297901177898,0.0254697739999999,0.21239663643353715,0.5322286190623815
112,9.009,45.441,1.425752243351653,0.4075861078275619,0.037670652,0.44471427791535634,0.721559265641555
113,9.009,45.507,1.502613202584364,0.5945643929762792,0.07674976,0.558773992191644,0.7704128178225799
114,9.009,45.573,1.5305316492888503,0.6734099108485518,0.098019668,0.6071030568469835,0.7797065655830834
115,9.009,45.639,1.5110273670421663,0.6057893235218911,0.050293138,0.4653368911519153,0.7038781886163132
116,9.009,45.705,1.4026379393582102,0.5227881907080416,0.172646116,0.39673800286199307,0.6883825721660418
117,9.009,45.771,1.1989246223366063,0.47070903312145185,0.302827737,0.27709800824925307,0.7253418798494653
118,9.009,45.837,1.007083464221259,0.4192376548040509,0.457255504,0.24407294887658657,0.6853287251840111
119,9.009,45.903,0.7107996263230407,0.263160248131045,0.939022568,0.07885156352792608,0.5244113183737108
120,9.009,45.969,0.4648288008714574,0.09457336618549526,0.839394715,0.015418087285281391,0.2618642820912901
121,9.009,46.035,0.3445763498597991,0.08920806342930043,0.737305504,0.012786585304267475,0.2726230642711234
122,9.075,44.781,0.3333404484066565,0.0535471328569223,0.977647388,0.01591806994758285,0.45524698045787476
123,9.075,44.847,0.3986300257926094,0.07781572011650857,0.541790747,0.025511939335647237,0.4952026884974051
124,9.075,44.913,0.3873654125211547,0.14907086541747455,0.560557662,0.1004226861383641,0.6383150816640473
125,9.075,44.979,0.5426536081330551,0.1728279930817302,0.134432516,0.11498358791263621,0.6837926051716613
126,9.075,45.045,0.7615066847472343,0.17695378448255203,0.041672726,0.13083833326488659,0.6377667054145294
127,9.075,45.111,0.9535363679836482,0.17459869039039272,0.08397579,0.14808027447302236,0.6045480650585855
128,9.075,45.177,1.0766702931828784,0.16838488778584512,0.139438836,0.133628953202186,0.527996692588768
129,9.075,45.243,1.1777044678446238,0.19998531180126417,0.074535808,0.16480446845180463,0.5402468232577267
130,9.075,45.309,1.2541376862386169,0.20910928076041294,0.039416711,0.17762102098796623,0.5617489370807681
131,9.075,45.375,1.3378538738725605,0.3713094291334526,0.0260435129999999,0.39175444660241143,0.6832525746117223
132,9.075,45.441,1.429306843577217,0.5806968785405504,0.042795612,0.60154390900069,0.8142672382664637
133,9.075,45.507,1.5021781948081594,0.75191727879483,0.083781391,0.7227699669351599,0.8732582209252737
134,9.075,45.573,1.5345225327123002,0.7885301838815785,0.175164372,0.7413655381586917,0.9177261464708689
135,9.075,45.639,1.5307228883886106,0.6958127427361847,0.172184299,0.5458952981807873,0.8659218195599157
136,9.075,45.705,1.4346514981323748,0.6273693321845952,0.239037518,0.4490741462371451,0.8471460441950137
137,9.075,45.771,1.2340201337900498,0.4866227541679197,0.301747537,0.27092605088355304,0.7663768339108992
138,9.075,45.837,0.983054697712865,0.3507028134838766,0.452990371,0.21391734724523054,0.6005006372900064
139,9.075,45.903,0.6770430703471247,0.15250793344922228,0.885261208,0.03939364296240464,0.4137910811258667
140,9.075,45.969,0.5346342904989831,0.07833446752526181,0.679976953,0.01105195997256224,0.2301676481896424
141,9.075,46.035,0.3116232502211142,0.073489090598995,0.702368793,0.014093784560960687,0.2607058368114545
142,9.075,46.101,0.1749279590817578,0.04745778990176757,0.960014584,0.011260307913837572,0.1748929825197772
143,9.141,44.781,0.3564852587070559,0.05221058906461424,0.930340352,0.01983366327204784,0.4789677881069426
144,9.141,44.847,0.4305488474307321,0.053412299492987224,0.624203742,0.01783867491570015,0.454871703988761
145,9.141,44.913,0.3332831434139097,0.08106846106506833,0.541029141,0.04284497152316737,0.543743813800882
146,9.141,44.979,0.4693457067555028,0.11944682826425507,0.255515638,0.07930398678648834,0.6033414386045893
147,9.141,45.045,0.721616166161301,0.14548885527228417,0.061823828,0.08124034893508139,0.597563148415024
148,9.141,45.111,0.9408616425692412,0.19565569403564742,0.074953047,0.15495141675350768,0.5991871480941817
149,9.141,45.177,1.1001658741065832,0.19218200910345767,0.108574244,0.1034091538272783,0.4886547181846105
150,9.141,45.243,1.2100504333944568,0.2209131219686408,0.029275784,0.1996520064552992,0.5450752257279619
151,9.141,45.309,1.2995137934754828,0.23519197157020338,0.074860579,0.23410347168366766,0.6048722386465974
152,9.141,45.375,1.3683218291958703,0.47944575063870054,0.07395506,0.4794898246735451,0.6786176187089418
153,9.141,45.441,1.45339511740533,0.7487168562868869,0.019562563,0.7755747711879444,0.8580334345205117
154,9.141,45.507,1.5327717198451305,0.9364715066900715,0.01201918,0.8816689619448326,0.93944146018601
155,9.141,45.573,1.5660821155203737,0.9136320440192223,0.075648387,0.8311087142074296,0.939808650494542
156,9.141,45.639,1.547103462726441,0.7948777861847705,0.160784951,0.6026658693081037,0.9088856367775943
157,9.141,45.705,1.4225479243434005,0.6898063644929896,0.272704578,0.49463184673831956,0.9245425240810325
158,9.141,45.771,1.2077845170110264,0.49073191142169703,0.399552992,0.33207753057349343,0.7717965228740304
159,9.141,45.837,0.9152675332349028,0.29051751752501465,0.816512539,0.18820253839871928,0.5997141069707168
160,9.141,45.903,0.6736491065162142,0.13183860403355135,0.647375346,0.032708320445918676,0.3484786050206795
161,9.141,45.969,0.5556177059642524,0.08243833830282976,0.710537275,0.01456941824326066,0.26247182522126095
162,9.141,46.035,0.3693200643729409,0.07574026239908443,0.7520103979999999,0.009584539125431498,0.21415904732834534
163,9.141,46.101,0.1439679134467668,0.04654359533458993,0.93940381,0.012310770379825652,0.13912323064918433
164,9.141,46.167,0.1045368284452815,0.01062172743630272,0.998735116,0.0008901346631668858,0.05372048110622045
165,9.207,44.715,0.0257001075539968,0.028634948332423176,0.895719713,0.009620415930481322,0.4590764698543542
166,9.207,44.781,0.236291150822071,0.043881128666706876,0.792813828,0.013438958157168961,0.4614938490160803
167,9.207,44.847,0.3799905980896704,0.04940333192176982,0.594234122,0.012676107607691502,0.4435207318007445
168,9.207,44.913,0.3978518109402791,0.07020593976385041,0.486695938,0.0240935779957621,0.5463186136462252
169,9.207,44.979,0.4848001024954965,0.1308441118445613,0.240848789,0.07614608006807652,0.6823966434117006
170,9.207,45.045,0.7100843223866607,0.15987876763462933,0.104396403,0.10221400530654563,0.6523100976775207
171,9.207,45.111,0.9415966117282872,0.22258926008266086,0.065050393,0.1863073506194189,0.6269303721771854
172,9.207,45.177,1.1040724017332562,0.19758164645827603,0.06033811,0.14470668971859632,0.5125955781977972
173,9.207,45.243,1.2379377101277984,0.21929518837696987,0.033449741,0.19590890274468856,0.5362358813226845
174,9.207,45.309,1.334132727304205,0.2600273729315886,0.037156204,0.26689983526617317,0.615205806012775
175,9.207,45.375,1.411404060878091,0.512304971105035,0.055493208,0.5861230103798972,0.72609216992051
176,9.207,45.441,1.4972257620809462,0.8075792155887933,0.026855772,0.8948069114187068,0.8744569785261284
177,9.207,45.507,1.5846962572469585,1.0,0.002733228,1.0,0.9803078361177872
178,9.207,45.573,1.6250797856346222,0.9811408813124594,0.014212462,0.8738456892709876,1.0
179,9.207,45.639,1.6056025393614823,0.833833606195244,0.044350187,0.6142335478607215,0.9912444413844
180,9.207,45.705,1.463762315803957,0.6721778644100941,0.205956592,0.44151309812879264,0.9362380275358371
181,9.207,45.771,1.2497746762939437,0.45016860215025895,0.274117465,0.2894196023144666,0.7486392670546673
182,9.207,45.837,0.9630649247201756,0.25773426585142284,0.786472597,0.15522698619282818,0.5525481972639317
183,9.207,45.903,0.7205711063983864,0.12080374450075675,0.899372739,0.03925712895931548,0.3306773185581156
184,9.207,45.969,0.5542402802095028,0.08685668698500343,0.483829022,0.014113681051320298,0.28541150905803775
185,9.207,46.035,0.4547744441316043,0.07970510932803797,0.806227532,0.012811458301030663,0.24539110434991662
186,9.207,46.101,0.1786342306739945,0.06508467023526696,0.980529901,0.015728596009065135,0.23362802710586938
187,9.207,46.167,0.1283433749714496,0.039159841588576154,0.970067704,0.007710573682277794,0.1327036073073732
188,9.207,46.233,0.0,0.02509613543830804,1.0,0.004378105498519805,0.05928559496915149
189,9.273,44.649,0.0,0.02016458678948022,0.986165307,0.002771101441557438,0.48370428903434537
190,9.273,44.715,0.0291174664744674,0.0301583769527113,0.865320034,0.010722228643818922,0.49848134452530934
191,9.273,44.781,0.2042087415228476,0.04235468813247072,0.708118152,0.013765135774282178,0.4713863447026036
192,9.273,44.847,0.3776542628574276,0.05016194812173718,0.65211746,0.017303867169300442,0.4900002696664874
193,9.273,44.913,0.4019902873471182,0.06563811297328948,0.407671556,0.018036944575735753,0.5183816022735065
194,9.273,44.979,0.487538840683407,0.12323272346176635,0.203720129,0.05677891625382278,0.630062577758217
195,9.273,45.045,0.7036509767827032,0.14296053553321234,0.188375968,0.08079952954356133,0.5688305487658339
196,9.273,45.111,0.948166308808258,0.17667918254068665,0.073189153,0.12501821656545506,0.5730870549882228
197,9.273,45.177,1.1008021612206664,0.15918670500200638,0.035125448,0.13234444420474611,0.4668293333748695
198,9.273,45.243,1.2475014596044367,0.184640603432113,0.032602831,0.16503730457854507,0.5109535822907636
199,9.273,45.309,1.362997596218097,0.2486256516255273,0.032946133,0.25520200316206,0.6137136208704237
200,9.273,45.375,1.455604600086988,0.42687884359118666,0.029553602,0.47068787646369964,0.6985021392867559
201,9.273,45.441,1.538382982023118,0.6782212971071425,0.0455979,0.693828120889328,0.7790716037235687
202,9.273,45.507,1.6316754360627574,0.8536044572823402,0.045632023,0.8502969678844203,0.8870176807878013
203,9.273,45.573,1.67758598947551,0.8756161042071474,0.034733237,0.7939410440464331,0.9275569243453525
204,9.273,45.639,1.653545729341501,0.7478948655914979,0.138129644,0.5996399598377786,0.976533187167891
205,9.273,45.705,1.4843803674490104,0.6059924197256836,0.17820662,0.42585633029106573,0.9340293447512605
206,9.273,45.771,1.2392962863365384,0.4448366022177928,0.229378534,0.27234214334472073,0.7726329561316574
207,9.273,45.837,0.9772691476790905,0.28336414442547964,0.586473169,0.18797355539986105,0.5871279606110249
208,9.273,45.903,0.7319268381676255,0.15146009213648465,0.727276405,0.07783772243242718,0.36274202319041554
209,9.273,45.969,0.593224285420266,0.08941823147025801,0.287999176,0.022743043537034078,0.3101375009250762
210,9.273,46.035,0.4857003944823498,0.08165338283877786,0.221797761,0.018349804354374673,0.31744973051465486
211,9.273,46.101,0.2339645147267994,0.07120434177801004,0.461442087,0.01614709397666785,0.2822393931922714
212,9.273,46.167,0.1415805910082444,0.04877863609322299,0.796411913,0.009995732228978359,0.16576148403241062
213,9.273,46.233,0.0009580540551376,0.03081390358606817,0.9984747,0.007161167203532021,0.10334448371398335
214,9.273,46.299,0.0,0.011021518931325908,0.993384821,0.003151038321457544,0.06517391121681275
215,9.273,46.365,0.0,0.027085809142341665,0.983030264,0.008157599544187136,0.16109592841089773
216,9.273,46.431,0.0,0.023327617850555798,0.988647424,0.008059040794520996,0.19255075047898237
217,9.273,46.497,0.0,0.02732376399425929,0.996796276,0.008881889084048694,0.19258562184670688
218,9.339,44.715,0.0779966973246242,0.031199472063966012,0.793341827,0.006615961329843954,0.5084707292320501
219,9.339,44.781,0.231361720176574,0.03670081249053617,0.69370958,0.00757948008828339,0.45225862700384867
220,9.339,44.847,0.3748321550999706,0.04565877126965978,0.673605066,0.01278060918966741,0.48905830925579713
221,9.339,44.913,0.3612358781989427,0.06696990256899242,0.288248075,0.019019983264399205,0.5458709892234082
222,9.339,44.979,0.5069182057577551,0.1511526316558471,0.102188191,0.07770249317548769,0.7157960897278691
223,9.339,45.045,0.7209025677306574,0.15515714907464703,0.102721356,0.117162158047681,0.5743444280576054
224,9.339,45.111,0.9540411680206876,0.16807793050800746,0.091125363,0.12739681459845506,0.5348817707847144
225,9.339,45.177,1.1092686921198218,0.15567951422592316,0.027034016,0.1278630731558625,0.46995260694463625
226,9.339,45.243,1.2652897657924305,0.18657196787777863,0.024420957,0.17118450860234835,0.555848467775897
227,9.339,45.309,1.3927977348169247,0.2385489991099006,0.028672891,0.24297418970059229,0.6236738165647676
228,9.339,45.375,1.502453151993855,0.3406214161578202,0.044057516,0.39594270492240846,0.6858741453974834
229,9.339,45.441,1.5676844752360426,0.5127884011709231,0.0422729539999999,0.6399019119739007,0.780707103205227
230,9.339,45.507,1.679774998673087,0.6623808126657456,0.041965923,0.7372640692382313,0.8907881494602404
231,9.339,45.573,1.725903827159144,0.7063994098202961,0.032279004,0.64841085680228,0.8602824167256404
232,9.339,45.639,1.662352768168573,0.6199367460094922,0.12486021,0.4738816343978581,0.8913589297523323
233,9.339,45.705,1.4559323537980924,0.5053670685042908,0.320449948,0.3410539811659676,0.8260696566005697
234,9.339,45.771,1.188809935185135,0.42176891871388933,0.3029554,0.2670810969297039,0.7508358765575178
235,9.339,45.837,0.9773182959052716,0.29908046841603586,0.553135499,0.19680551818817438,0.6066479756802966
236,9.339,45.903,0.7331868472676581,0.18141918839715696,0.567687167,0.1068932323583583,0.3996924503163333
237,9.339,45.969,0.5507624425725669,0.08261311841018198,0.914247649,0.028759918675760644,0.3147110672772249
238,9.339,46.035,0.356178178691575,0.0725218917303743,0.851126949,0.02014336819439379,0.27942588863315887
239,9.339,46.101,0.2039830586224524,0.0926888537322479,0.652490903,0.04139764686592224,0.3248564266822446
240,9.339,46.167,0.1508555242112669,0.08146697364432419,0.499811037,0.04411538739680446,0.25902369788392104
241,9.339,46.233,0.0477063815466362,0.0813262797967737,0.997984625,0.05551524970937043,0.22825351478455524
242,9.339,46.299,0.0,0.041459091117496794,0.946026043,0.02492970761967377,0.11287921712489604
243,9.339,46.365,0.0,0.04098940523170421,0.923926509,0.019667192934498784,0.1293363983609321
244,9.339,46.431,0.0,0.015572994181579947,0.765413506,0.0014162857951809345,0.059480150611051795
245,9.339,46.497,0.0,0.018797547637465124,0.931008169,0.006065582029534708,0.13020436603754057
246,9.405,45.045,0.7604939109494366,0.12611151154597058,0.054270875,0.08864580371292587,0.5020671832390322
247,9.405,45.111,0.9792157377743274,0.1619550156408123,0.056604524,0.1296402787039261,0.516657349365452
248,9.405,45.177,1.1281654732231587,0.17677928448882763,0.045529301,0.14858354523067752,0.5102781538414104
249,9.405,45.243,1.280371389885118,0.23480426281247554,0.046685417,0.2201608827862266,0.6014580927022973
250,9.405,45.309,1.477442429434798,0.24969971334070445,0.0316778969999999,0.23741063827007372,0.6356508490725423
251,9.405,45.375,1.552541868190411,0.26523587295858597,0.036397594,0.28934384085490183,0.6673480983540215
252,9.405,45.441,1.6463281921998925,0.34215049303335604,0.031467456,0.34883652981391844,0.6531646139661583
253,9.405,45.507,1.7241607113135156,0.45016093225398707,0.022140952,0.4569274888008762,0.7608567325221277
254,9.405,45.573,1.7642666130282447,0.5362168214675557,0.078921242,0.5004314535647295,0.7874718089421948
255,9.405,45.639,1.6678667720281246,0.5205913358292501,0.078730574,0.41419610272115587,0.8090727013505135
256,9.405,45.705,1.4313667237448122,0.4479975978532073,0.196450396,0.2760371131069464,0.7170696663870014
257,9.405,45.771,1.1632539253659016,0.36864319376803956,0.5746768259999999,0.22759231563525256,0.6812226204685764
258,9.405,45.837,0.8910363454413113,0.2398552233493377,0.399263172,0.12769904930380266,0.4872434643916317
259,9.405,45.903,0.6640112565229456,0.14570225359336245,0.85629938,0.0919516747801086,0.33457447497865545
260,9.405,45.969,0.4551425960829373,0.06933061675488153,0.831622778,0.02596366510637889,0.2715232039715241
261,9.405,46.035,0.2807140286570713,0.05429209033944773,0.879579509,0.021342883786585866,0.2213714765730915
262,9.405,46.101,0.154066049777352,0.08150589595607842,0.924886184,0.05623228458046873,0.33076296177858205
263,9.405,46.167,0.1582998565396202,0.08223720932686461,0.3711688,0.037167066634613104,0.2122205205758058
264,9.405,46.233,0.0165464358088407,0.09062457706608762,0.655608426,0.06317195373160854,0.21812905002243158
265,9.405,46.299,0.0,0.045000081809223796,0.6779339,0.014650373244004223,0.09069437359104705
266,9.405,46.365,0.0,0.040196902696276945,0.988559214,0.01892323713281442,0.15342546888729425
267,9.405,46.431,0.0,0.01547809014668555,0.95801891,0.005112972516378267,0.13183087194539375
268,9.405,46.497,0.0,0.020429877429874243,0.989708448,0.006282621258585952,0.16500963408903854
269,9.471,45.111,0.9866336792552188,0.1493659801145937,0.0253970239999999,0.12162416752040119,0.46732631076690695
270,9.471,45.177,1.1348292845588168,0.16391720209137453,0.121849193,0.1399742149615906,0.49864355788578674
271,9.471,45.243,1.3382882291074398,0.23183834536604825,0.026296848,0.229618778866706,0.5789366452647735
272,9.471,45.309,1.5440094751088564,0.2259833953647425,0.079721617,0.21024939583977337,0.569617553557712
273,9.471,45.375,1.5875838119332428,0.23275127451644187,0.11549701,0.25673425308666975,0.5904504892279281
274,9.471,45.441,1.6893254452049806,0.26416780329799355,0.149336569,0.3003800706707738,0.6308563349881393
275,9.471,45.507,1.7691943678289743,0.36702610250037354,0.053212235,0.37634718206547707,0.6615504777873839
276,9.471,45.573,1.7846423345538664,0.4553589536973175,0.058159693,0.4277040082198738,0.6951687094852924
277,9.471,45.639,1.6724729722603402,0.4882493804917563,0.132551177,0.39936588341284857,0.7057106964863383
278,9.471,45.705,1.403473429542318,0.41343133740320853,0.372513312,0.27653276342612887,0.6493350591928263
279,9.471,45.771,1.0961726771275258,0.3292546527920409,0.593202745,0.1992552160777851,0.5867953123685159
280,9.471,45.837,0.855056937101812,0.18094972075639632,0.893508968,0.1007809327316123,0.4790352170721614
281,9.471,45.903,0.618080148058447,0.11400579750302377,0.827623822,0.05719130034162744,0.28931126345246555
282,9.471,45.969,0.3691560392125418,0.04716326970729783,0.789136581,0.013471746852709025,0.1665819398253442
283,9.471,46.035,0.1968821632427373,0.04126662499975573,0.973958326,0.0182983947408825,0.14153445460630007
284,9.471,46.101,0.2153370997164393,0.07909931568064929,0.961698003,0.059363726790888444,0.2803292305993022
285,9.471,46.167,0.1625189218001309,0.08574248838157648,0.6451074880000001,0.05160157251125669,0.22499986870266556
286,9.471,46.233,0.0,0.09796931893984134,0.869757792,0.07545497860256231,0.26453876767660595
287,9.471,46.299,0.0,0.045719889402368714,0.950361393,0.029567343336524866,0.1001425592267958
288,9.471,46.365,0.0,0.03595873353985789,0.978141838,0.01986534863132191,0.0886627790430577
289,9.471,46.431,0.0,0.0024081585348189466,0.849250804,0.00010468293690967349,0.02752700071920755
290,9.471,46.497,0.0,0.0013790731921689361,0.882289853,0.0,0.0385745624027864
291,9.537,45.111,1.01461686102527,0.16781493210148915,0.110049866,0.16582930691488307,0.47944607294976466
292,9.537,45.177,1.16271996859601,0.16604374333919736,0.039346939,0.15076067328353188,0.48028331530770335
293,9.537,45.243,1.3980802051498809,0.21185716594167878,0.020850931,0.22039654557950175,0.5370875483607078
294,9.537,45.309,1.5691899770563618,0.21313116224049133,0.053607925,0.2102225188286228,0.5424346698021988
295,9.537,45.375,1.6080212282750723,0.20706943696866056,0.008473676,0.20174818665668257,0.4982322438272485
296,9.537,45.441,1.7305544298624478,0.2473781609755664,0.010009651,0.2528107238910283,0.556902859039291
297,9.537,45.507,1.7986861509906404,0.3246100191291502,0.073749045,0.3094620678217979,0.5511165519983833
298,9.537,45.573,1.783309281609235,0.4541747442568161,0.12562279,0.43821248287260006,0.662225877164752
299,9.537,45.639,1.6740503945160448,0.5174278054194495,0.123445313,0.43663173459496696,0.6569473151076447
300,9.537,45.705,1.3521748127457924,0.44786239223379065,0.264539372,0.33496595529858597,0.6417307287086421
301,9.537,45.771,0.9569498413171362,0.2997290027853401,0.679965219,0.1906907830514598,0.5328498015569566
302,9.537,45.837,0.7287941059088522,0.1244236294225266,0.692950252,0.04694063763235455,0.35798340435628107
303,9.537,45.903,0.5270908534568539,0.05713871933442359,0.795010937,0.013218185212164406,0.23375772002055997
304,9.537,45.969,0.2762992899818856,0.029084403182828265,0.926152598,0.007761004146291028,0.1552580642326848
305,9.537,46.035,0.2099899833008268,0.030908205973991718,0.961868401,0.011309285496557863,0.15607554412800057
306,9.537,46.101,0.1503696107964486,0.06467745576499628,0.877882347,0.04528032839838194,0.24157711452638259
307,9.537,46.167,0.0686544263059787,0.06982976062907666,0.722522352,0.04249150282711886,0.20689550743754248
308,9.537,46.233,0.0,0.06628968258887488,0.994925471,0.05260016547931485,0.22413586478991263
309,9.537,46.299,0.0,0.014858027288607965,0.987008928,0.007880341074907569,0.0418388772800395
310,9.537,46.365,0.0,0.007878164014563418,0.873905429,0.0010753230585330645,0.029700765127326095
311,9.603,45.111,1.058757974482113,0.2007815464302307,0.081096109,0.23676930838160515,0.5090999808782718
312,9.603,45.177,1.232216687532803,0.18049225676886882,0.031898791,0.17997870936424362,0.4467366964306335
313,9.603,45.243,1.4253722418430723,0.19063010149560558,0.037596923,0.2052213489551644,0.4788602682186521
314,9.603,45.309,1.5769810831924034,0.20673600614879342,0.078421485,0.20816766167940928,0.5120238640558298
315,9.603,45.375,1.6385636622923716,0.213662318743085,0.018752581,0.18083189039508604,0.46022185778316543
316,9.603,45.441,1.7476710040780088,0.2828240649991032,0.011589853,0.2851355276268589,0.5679373888742065
317,9.603,45.507,1.748777002302413,0.320275344431361,0.015046803,0.2823644082166823,0.5072130729666195
318,9.603,45.573,1.7762059836910038,0.4604038942902702,0.028645574,0.44434388373731704,0.6421005987378919
319,9.603,45.639,1.6632813048134714,0.5572119133023885,0.049934375,0.4498281793280787,0.6333081966308778
320,9.603,45.705,1.2952164677473932,0.48417412797488923,0.149451763,0.35473685692551765,0.6187583039583007
321,9.603,45.771,0.904563764402038,0.32500487187017235,0.64050846,0.20070875206993224,0.5211893430528844
322,9.603,45.837,0.6572328945237328,0.11497071434650587,0.804725448,0.04295149535711489,0.3656964778527274
323,9.603,45.903,0.475536470121789,0.05900608159838823,0.902217891,0.01999751885303571,0.2954477943043609
324,9.603,45.969,0.285435402433198,0.025849353422308496,0.916171422,0.00981099822884355,0.16554666370186383
325,9.603,46.035,0.1447461876210358,0.02448857351382021,0.990616701,0.008357835679148178,0.17580965646418756
326,9.603,46.101,0.0751475535936224,0.05904615971984697,0.887289898,0.03635152110079986,0.2604077530561986
327,9.603,46.167,0.0,0.059272042663866174,0.76196089,0.02289393127863405,0.20781366770053633
328,9.603,46.233,0.0,0.05713930902882692,0.981990015,0.04060928367096496,0.22598136195254842
329,9.603,46.299,0.0,0.00474486092006429,0.99976192,0.0018027771316552076,0.025847674256288363
330,9.669,45.045,0.9439084469998628,0.15561961996914228,0.119063545,0.1728640088393008,0.44518412528014056
331,9.669,45.111,1.117875252455188,0.21372499375905143,0.061930973,0.22130903765009796,0.47716411523879576
332,9.669,45.177,1.2512281824350266,0.18399963320757165,0.028880279,0.17039655270766138,0.43441136298988664
333,9.669,45.243,1.440815403490932,0.18037366509737507,0.087747655,0.18666513162500728,0.45329236990719185
334,9.669,45.309,1.5726795307761838,0.20098055247493754,0.05236821,0.19325971319879287,0.456247142465664
335,9.669,45.375,1.643518467897131,0.20985602904626052,0.023756705,0.18067779531424832,0.45370856981439567
336,9.669,45.441,1.7525038437768805,0.28910911154729024,0.017971697,0.2881314066121644,0.5734847605676624
337,9.669,45.507,1.7348674907347672,0.30565206266743683,0.012810249,0.28585680876638686,0.4978458179485336
338,9.669,45.573,1.7521165308393594,0.440861072297122,0.015029514,0.4720284437643582,0.6462120383340545
339,9.669,45.639,1.6290485123139815,0.5677390881409924,0.0074665669999999,0.4885693089509175,0.6549555013633004
340,9.669,45.705,1.2375156790256765,0.5122838356452335,0.204476951,0.40460487430943404,0.6337367590070406
341,9.669,45.771,0.8841177463791027,0.3552241644065315,0.714731376,0.23633297481696663,0.5514471076177375
342,9.669,45.837,0.6624337971910291,0.11094521223447022,0.785726438,0.03863455664921472,0.3293639695684472
343,9.669,45.903,0.4485653057948175,0.056730429251212355,0.757736063,0.015269199121586932,0.25330569850516677
344,9.669,45.969,0.2717320939243395,0.03279980787918673,0.886299301,0.011447390877839326,0.16479347594014723
345,9.669,46.035,0.103165067935674,0.02351256584959386,0.957824349,0.009049455437957874,0.1646081351910865
346,9.669,46.101,0.0309450270997803,0.05179085286639699,0.948449188,0.03783959238570267,0.26856691915190395
347,9.669,46.167,0.0,0.049324122290206836,0.681309513,0.02743940447558554,0.1899511350170283
348,9.669,46.233,0.0,0.053018456160662406,0.971630993,0.041080275081109285,0.23646381886899404
349,9.669,46.299,0.0,0.003923737369102412,1.0,0.001723595647796891,0.02279500946548239
350,9.735,45.045,1.034599589537744,0.14986433779040445,0.108421299,0.14695344469872942,0.4360671996898363
351,9.735,45.111,1.1671298428722252,0.1921726115945405,0.039397947,0.198897468065277,0.4669426547184297
352,9.735,45.177,1.3224902036225072,0.170639943431618,0.03281411,0.17889071309904145,0.42290773195671977
353,9.735,45.243,1.4569759453430249,0.17220192881729035,0.090222061,0.1874347524135544,0.43186337643372813
354,9.735,45.309,1.5544280685520908,0.17874937987804143,0.046657087,0.16653594070585886,0.4170845658785873
355,9.735,45.375,1.6135267194364262,0.1866702100156624,0.036346825,0.17518552331084808,0.4279242684674834
356,9.735,45.441,1.748932737221884,0.24157659778179824,0.020961974,0.24849981268167398,0.5261151949954823
357,9.735,45.507,1.7527662247115796,0.25796810372725143,0.082617416,0.24366052270004615,0.4993186930615224
358,9.735,45.573,1.7169837058864983,0.36849716742270644,0.097934144,0.3952546507617614,0.6262659758274564
359,9.735,45.639,1.5890597714281096,0.4778382494805044,0.097375938,0.3937666937148203,0.6142110278799272
360,9.735,45.705,1.1928595473278591,0.44984901921007897,0.115324094,0.33501922597862377,0.5683195741131045
361,9.735,45.771,0.8612674695041574,0.3129731237497992,0.724170475,0.20097798383294896,0.46549772812069545
362,9.735,45.837,0.6261352368215316,0.1103545140160195,0.811501998,0.050150070388648375,0.29794512363707676
363,9.735,45.903,0.4261746256396519,0.048930493359307985,0.887629884,0.01643533987627032,0.23898681129584295
364,9.735,45.969,0.2500817219027,0.0334765308852739,0.911631506,0.013000460671025116,0.16397997072220166
365,9.735,46.035,0.0770719572838002,0.0177037723484316,0.914351952,0.005114949637124632,0.09837161241895061
366,9.735,46.101,0.0210477251925336,0.043492430325511554,0.976062686,0.034973076685484855,0.2269226106450808
367,9.735,46.167,0.0,0.03929113184025369,0.678475601,0.022732506531088825,0.12783305306506848
368,9.735,46.233,0.0,0.043225089205084125,0.986377706,0.03767050655699923,0.2064642783642088
369,9.735,46.299,0.0,0.003884910489448322,0.997320477,0.003631164285807186,0.016392404283150936
370,9.735,46.365,0.0,0.004064501645871852,1.0,0.0061416137153834875,0.01889805206877117
371,9.801,45.045,1.0546367904203937,0.11724307501756406,0.021479732,0.10360272377804652,0.36626659845047665
372,9.801,45.111,1.2509636065885965,0.1405011654430134,0.040618018,0.14502004730578427,0.3945457284818361
373,9.801,45.177,1.4129932956148312,0.1293911617070534,0.078216976,0.11931347968129173,0.3731313892694792
374,9.801,45.243,1.4767334432848858,0.14645791733263802,0.0383686169999999,0.1496411030482991,0.39921994800680033
375,9.801,45.309,1.5549464829740534,0.15018489427260528,0.010530219,0.1533844012526552,0.3994422397585274
376,9.801,45.375,1.6074834600706216,0.16082937858267135,0.044584675,0.16712791459474252,0.42149965619164054
377,9.801,45.441,1.693929732304674,0.2039576366077122,0.051277052,0.21960710595059552,0.4970313636060906
378,9.801,45.507,1.7172294173564338,0.2532258177524898,0.009432114,0.24052166080629672,0.5062889821385683
379,9.801,45.573,1.6846910373909314,0.35704905322127406,0.025312669,0.37730536707082324,0.6134973175800907
380,9.801,45.639,1.5401885564549145,0.4113153047909663,0.030943921,0.35027216912787185,0.5529760851275286
381,9.801,45.705,1.147436531267996,0.3801419732437536,0.440829928,0.31439603612956646,0.5534900095607022
382,9.801,45.771,0.8424455675178958,0.26899582188651533,0.550702473,0.1605049051210186,0.417277844093948
383,9.801,45.837,0.6104613424932481,0.12533821118140873,0.890679968,0.06817619899222775,0.32077182389685915
384,9.801,45.903,0.414296742166315,0.05474157826729766,0.845853598,0.027149522754885396,0.16501080215164332
385,9.801,45.969,0.2330009188161521,0.021747884940348003,0.969736049,0.007206808317628652,0.10219406699608244
386,9.801,46.035,0.0536281050906083,0.010516896601028666,0.954794069,0.004174067344872569,0.0600572784469667
387,9.801,46.101,0.0074568762488929,0.05460113858529578,0.98162268,0.04345641521928469,0.24184248531172423
388,9.801,46.167,0.0,0.05586842434740021,0.698694926,0.02769911725196404,0.1925750369308788
389,9.801,46.233,0.0,0.06429877619703495,0.982882638,0.0489018539038642,0.279058862822658
390,9.801,46.299,0.0,0.01859836225040282,0.96404845,0.007822154558946056,0.08589874948200672
391,9.801,46.365,0.0,0.018933732772195407,0.999359809,0.015003118709637608,0.07305467455513835
392,9.867,45.045,1.0857497531827691,0.0773901959561923,0.019551199,0.06489057739335462,0.2700312222329533
393,9.867,45.111,1.2806907792028712,0.12877828582532114,0.077905751,0.1477505122248344,0.3656861114816209
394,9.867,45.177,1.446125666152151,0.12593684587488221,0.053541912,0.13239374698390088,0.36991926974665185
395,9.867,45.243,1.4952126127705307,0.13849060183325487,0.022987474,0.15260144101296794,0.3935020872812702
396,9.867,45.309,1.5377465021127343,0.13718103386301161,0.041758169,0.12505597618853723,0.37158292417164657
397,9.867,45.375,1.5799768410948072,0.15212848586298341,0.077694757,0.14635789678988703,0.3999185556073745
398,9.867,45.441,1.67334162340816,0.20283706197346388,0.0845498619999999,0.21850740722375991,0.5082872998167769
399,9.867,45.507,1.687440193994319,0.2550784562791694,0.045946635,0.2545791709244444,0.5389055448617602
400,9.867,45.573,1.653597502563467,0.3619622554354822,0.050290398,0.3444125060310854,0.6245062724720026
401,9.867,45.639,1.475521763026756,0.35174843259712796,0.225765733,0.26663830118962795,0.503795619643477
402,9.867,45.705,1.097678208608815,0.3159787929461845,0.59046363,0.23690754440773365,0.49318594203435484
403,9.867,45.771,0.8171909131470629,0.18850005682187854,0.609095949,0.11092528689488403,0.30663034250993204
404,9.867,45.837,0.6367754570276053,0.1309519113868663,0.582216435,0.0567366238535025,0.24002505404528252
405,9.867,45.903,0.4103356680170429,0.07065481350589975,0.867364318,0.03873577003750524,0.18917867638787064
406,9.867,45.969,0.2199490245157356,0.03994449172673945,0.9470524,0.01610792230874905,0.1371730179657769
407,9.867,46.035,0.0528767037545529,0.01265507200891461,0.981276701,0.0033661023674693372,0.07571559585985335
408,9.867,46.101,0.0,0.054820371585484626,0.959343143,0.03960311995650187,0.24029478034295673
409,9.867,46.167,0.0,0.058667485775215765,0.625523183,0.022491222579359954,0.17671033946837578
410,9.867,46.233,0.0,0.06791248411049897,0.902077634,0.04796934794966493,0.2621544078361376
411,9.867,46.299,0.0,0.01941825249439383,0.870855853,0.007438142192031884,0.06416713181011748
412,9.867,46.365,0.0,0.020198767124903427,0.994485504,0.020048401612615493,0.08768185334776132
413,9.933,45.111,1.298160852850916,0.2074866263113056,0.219225632,0.23726182137351465,0.4245248333229154
414,9.933,45.177,1.4490967461280713,0.1688602264659297,0.028020698,0.1692065927739394,0.37798170102382445
415,9.933,45.243,1.507923109313951,0.15499556171705664,0.017658517,0.17310202026963556,0.3933044856486853
416,9.933,45.309,1.5365460040400425,0.14544436150711013,0.089304036,0.14348322500529898,0.4270744316235745
417,9.933,45.375,1.576907286700708,0.16347313880465641,0.017269502,0.1589140160551816,0.434311219709998
418,9.933,45.441,1.6612064458563636,0.21140299011718322,0.006800437,0.19582629134555368,0.5407939423144627
419,9.933,45.507,1.6645502307424094,0.28013633227670076,0.010018837,0.2537641275315464,0.5578382423398589
420,9.933,45.573,1.6220633836975644,0.36076386078727274,0.060729399,0.3138697910042925,0.6107176264514819
421,9.933,45.639,1.4045617201680316,0.31531981767700323,0.200446841,0.22703661591443178,0.44586723822833224
422,9.933,45.705,1.0384409816757665,0.23203479079597067,0.600810264,0.16481654550116204,0.3619576653734114
423,9.933,45.771,0.7936029679648625,0.13664975866478066,0.603496114,0.07328713311003812,0.24623457771286714
424,9.933,45.837,0.6333544498079069,0.12526605236831875,0.810248671,0.06959550336215113,0.26758331144182546
425,9.933,45.903,0.4116962166802436,0.08922359320216412,0.668455915,0.03707586497455011,0.16689334309359816
426,9.933,45.969,0.2078528066471551,0.05284447652089477,0.772302461,0.019125914292979287,0.1001462536917854
427,9.933,46.035,0.0593105535949892,0.014010132779779822,0.971587951,0.0030226086988954914,0.06874206882067906
428,9.933,46.101,0.0,0.05744831241814817,0.968410498,0.03348633829730938,0.2579634173851358
429,9.933,46.167,0.0,0.05988905512407806,0.651965066,0.02641618444918956,0.2123916445904616
430,9.933,46.233,0.0,0.07152431744349061,0.989945918,0.04367328448249317,0.3391240795197521
431,9.933,46.299,0.0,0.01910757711105046,0.948934836,0.00766376703151393,0.09707663534600854
432,9.933,46.365,0.0,0.02019368615598575,0.990538991,0.019287448723428836,0.09069558301865199
433,9.999,45.045,1.1580743489355538,0.24498254551790616,0.0,0.22739206420397298,0.5323461430330779
434,9.999,45.111,1.3021252193677837,0.23217175152402322,0.083923331,0.21636961933258778,0.49928958068311663
435,9.999,45.177,1.4390229317923375,0.2011917095175872,0.026652728,0.18356352765591574,0.455798980805771
436,9.999,45.243,1.504607428196346,0.16764415794983606,0.013524244,0.186905482512875,0.4260313982375224
437,9.999,45.309,1.5347688077406532,0.15280820663944567,0.046920405,0.1438030959985894,0.434435561791514
438,9.999,45.375,1.5752258656712883,0.17817716663751107,0.018945304,0.17706262004546175,0.44149662455836414
439,9.999,45.441,1.6510061793931303,0.228894533861514,0.005854111,0.22866822430649986,0.582187416948501
440,9.999,45.507,1.641542335476441,0.31034361331258914,0.002924515,0.30487633369651385,0.6379208516965861
441,9.999,45.573,1.585015186819687,0.3574238326209389,0.074477002,0.2988535214373759,0.6653176371670523
442,9.999,45.639,1.3214309510857682,0.28867894179093195,0.229053081,0.23149898967032204,0.5418829462752018
443,9.999,45.705,0.9874076229279656,0.1812780858456731,0.681573214,0.12156016440652427,0.39810779423448045
444,9.999,45.771,0.7636735816921754,0.0968829771907371,0.658977118,0.038799341655801,0.2539671018388071
445,9.999,45.837,0.6244493221552578,0.10943330489037913,0.759785771,0.0442921580970835,0.24102086315987678
446,9.999,45.903,0.4081223516550992,0.08851573110116592,0.692132844,0.027748422139459942,0.19576833761171128
447,9.999,45.969,0.1880357643093627,0.06363268912915117,0.949187825,0.02199298093830502,0.17398045151944044
448,9.999,46.035,0.0461645524541286,0.016460529508214916,0.934802989,0.003912346366345742,0.07941747117567846
449,9.999,46.101,0.0,0.04386234154396822,0.989041275,0.022163367943180523,0.23486218178790821
450,9.999,46.167,0.0,0.042039951135920114,0.660214983,0.014583793439390317,0.16553797060746975
451,9.999,46.233,0.0,0.05271865753014881,0.98823238,0.03148181798325388,0.28908178856989475
452,9.999,46.299,0.0,0.0037794847761375154,0.996429351,0.005553208623324805,0.03645602987790475
453,9.999,46.365,0.0,0.006635336606834073,0.98631505,0.009522586860614284,0.04679107893478665
454,10.065,45.045,1.1545021597551772,0.19342964262787993,0.073223017,0.19404683469072906,0.5094489839777211
455,10.065,45.111,1.2932575386889145,0.2021254821273915,0.0320910519999999,0.1910861340364371,0.4775352933530695
456,10.065,45.177,1.4436322464263325,0.20146510798753844,0.00754031,0.20252249543570722,0.4996535857977064
457,10.065,45.243,1.5067745179375875,0.18128967103789673,0.025213219,0.2005072091915066,0.4890219325644737
458,10.065,45.309,1.538552153361696,0.1783274051008933,0.04687951,0.1739861389477076,0.49718490818760464
459,10.065,45.375,1.576982862850563,0.19017708390811902,0.025437861,0.18989326867850498,0.509595483555138
460,10.065,45.441,1.644131515641743,0.2512082518867987,0.005188958,0.26273008566509665,0.6186887690960967
461,10.065,45.507,1.6246099558804237,0.3472375282455383,0.01370392,0.3457026936674723,0.6610570544359918
462,10.065,45.573,1.5297287861710067,0.3621298916911502,0.027810015,0.329194706238682,0.6270405623034145
463,10.065,45.639,1.2233258712978556,0.2644671568494049,0.416174891,0.22372202602957064,0.4825960923194756
464,10.065,45.705,0.924233554857588,0.12367339696320268,0.255248931,0.07751690680687497,0.3285533978139693
465,10.065,45.771,0.7457852142241442,0.11186815913064378,0.362574346,0.07310334555840411,0.3021554326933129
466,10.065,45.837,0.5661389560223405,0.11694698591697754,0.6311707169999999,0.06920593455909592,0.2803894588738251
467,10.065,45.903,0.4042983556755891,0.09974067027918798,0.82069634,0.061479427584786465,0.25982448390225504
468,10.065,45.969,0.1727559307891227,0.04455543674563157,0.884057755,0.012141356853020679,0.1365412896516326
469,10.065,46.035,0.0398074874480473,0.012868348978229444,0.962101183,0.00418415824434621,0.09016521112031126
470,10.065,46.101,0.0,0.04223236690242296,0.982880066,0.019914484122718516,0.2235972783069776
471,10.065,46.167,0.0,0.04960140864087992,0.6747817930000001,0.021815319072022502,0.18913716080975207
472,10.065,46.233,0.0,0.06617090787798537,0.981981398,0.03611424466016037,0.32309587415441127
473,10.065,46.299,0.0,0.021190571864598728,1.0,0.013998951866073866,0.07071501673755673
474,10.065,46.431,0.0,0.008198190607075313,0.964053841,0.0032187739163606587,0.05037343459311587
475,10.065,46.497,0.0,0.017685266033263772,0.937629271,0.00624020130218147,0.089050841675724
476,10.065,46.563,0.0,0.022070609445137907,0.974210694,0.006917242741089043,0.09425126046874668
477,10.131,45.045,1.1521291042429027,0.12882442006096562,0.05241086,0.12436223827570982,0.46040024737334284
478,10.131,45.111,1.2914721856229592,0.139041094038371,0.009178941,0.13287886213940575,0.4633353595528375
479,10.131,45.177,1.4342667360382166,0.15910159325773374,0.006024645,0.147478813049091,0.5029855816174024
480,10.131,45.243,1.5099955212410892,0.16591833101990988,0.018210487,0.16915882551495165,0.49162968022258424
481,10.131,45.309,1.5515389121734622,0.18803782978100086,0.012994099,0.1954447954789847,0.5377128406118367
482,10.131,45.375,1.5974526096489634,0.21814341903516896,0.023462507,0.21937678052843176,0.5378169362744787
483,10.131,45.441,1.6416227315338117,0.3332200359788057,0.038874053,0.3776396161407751,0.7195301712571688
484,10.131,45.507,1.622158654731055,0.44533285606072964,0.027381661,0.41432661597762666,0.7441311144718232
485,10.131,45.573,1.4754635682049295,0.44175191874672626,0.084812449,0.3982124451242131,0.7347542585627452
486,10.131,45.639,1.1483495848869034,0.2985714706458425,0.68384436,0.24582560466058564,0.5254716334872177
487,10.131,45.705,0.832369973524002,0.1261029311487982,0.674602883,0.08068647412955275,0.34069648698989574
488,10.131,45.771,0.7359706960822995,0.10819661853155409,0.797459133,0.07205761161567904,0.31650067355689
489,10.131,45.837,0.5418542746705612,0.11292071552045307,0.479861108,0.038420300097852515,0.2504479651390411
490,10.131,45.903,0.4049086004585995,0.11209509091247619,0.868003188,0.07119915454360481,0.28744565588236953
491,10.131,45.969,0.1818805941062733,0.05716427010592472,0.889522455,0.023923372574296574,0.16092301429480688
492,10.131,46.035,0.0467589212033048,0.017204229391282546,0.928679645,0.0052846136169238354,0.10590327578654501
493,10.131,46.101,0.0,0.02946039859024549,0.957485914,0.012086621685691393,0.18055610131451258
494,10.131,46.167,0.0,0.04680527702340112,0.698456552,0.018497832358273295,0.1941258371884175
495,10.131,46.233,0.0,0.058124763733638195,0.710978989,0.018505216876555725,0.2790042246332651
496,10.131,46.299,0.0,0.030170635333826384,0.991853965,0.016418450186912816,0.14582391629304797
497,10.131,46.365,0.0,0.0005141223303884066,0.969395258,0.00010084320234370379,0.01957447010719219
498,10.131,46.431,0.0,0.005365808643536489,0.996436931,0.0019010468881981767,0.05061854416108833
499,10.131,46.497,0.0,0.011602029196561722,0.818064909,0.002149565012375173,0.06705909637140098
500,10.131,46.563,0.0,0.014640563099435677,0.786283059,0.002631681814703211,0.07676017901651835
501,10.131,46.629,0.0,0.017224834708644284,1.0,0.004560345967369769,0.10781415431655941
502,10.197,45.045,1.1702353760221218,0.0844856724436059,0.073366085,0.0729563878022519,0.3484813136384787
503,10.197,45.111,1.2882673772087123,0.10094804458250535,0.008791579,0.0908132320373338,0.3665432787110866
504,10.197,45.177,1.4155469271083911,0.12851768349434925,0.006590646,0.12478738141061274,0.46170825962253376
505,10.197,45.243,1.5058423329934616,0.14878037261465882,0.028819588,0.157841985690442,0.46222129337964135
506,10.197,45.309,1.5553420120000787,0.1881402619578851,0.035039932,0.19136003386046788,0.5549445957251757
507,10.197,45.375,1.6195380635992311,0.24869520444684878,0.017702163,0.27739905483641425,0.5428926417875056
508,10.197,45.441,1.6202250561403846,0.40293876724010913,0.020134403,0.44918258228443236,0.705187743647628
509,10.197,45.507,1.5346274583913075,0.49400315964408276,0.021621829,0.4609057893151007,0.6621709926153679
510,10.197,45.573,1.3800056409468762,0.45102598506255537,0.230967736,0.3941121930549553,0.6214226287042843
511,10.197,45.639,1.0132473250883622,0.2702439760699898,0.719237493,0.19178014649634667,0.38769069633043424
512,10.197,45.705,0.8154525578870119,0.11310139883377435,0.824659047,0.061176939198861,0.2879860255807194
513,10.197,45.771,0.6302078065545181,0.08869244416992542,0.878224882,0.06701274644477696,0.2696243592665696
514,10.197,45.837,0.517933044006476,0.10139287453850014,0.790775771,0.08376787902807457,0.29168215049840907
515,10.197,45.903,0.3447565995704219,0.1087752923009191,0.657912159,0.07681377323524233,0.2804423612190055
516,10.197,45.969,0.1565871135265865,0.06947337125082237,0.831122238,0.047526637526547975,0.22576064040600702
517,10.197,46.035,0.0285938317219028,0.02779099209593535,0.98226526,0.01476226455004311,0.14271910670143984
518,10.197,46.101,0.0,0.02217355023877285,0.99005323,0.0072243763809252855,0.16784036112862466
519,10.197,46.167,0.0,0.042135476565245605,0.806647949,0.0190304027440644,0.2396572710879117
520,10.197,46.233,0.0,0.05319528468865324,0.761147546,0.022063210989965363,0.28019452875827183
521,10.197,46.299,0.0,0.03577146048225016,0.937053474,0.020467281837791697,0.23094015176726335
522,10.197,46.365,0.0,0.009643805135845892,0.989400568,0.005173666275071876,0.08121813029253008
523,10.197,46.431,0.0,0.0071591246715093,0.971234231,0.0017649424412175623,0.06456869165903609
524,10.197,46.497,0.0,0.013436063971914167,0.941107745,0.005305976500469296,0.0868917683724246
525,10.197,46.563,0.0,0.017248925180573988,0.90872554,0.007214138334280853,0.11348125267271601
526,10.197,46.629,0.0,0.016941022457923574,0.864541172,0.008913366333569083,0.1186949781421656
527,10.263,44.979,1.0672505180513718,0.07517561109137384,0.169551376,0.04900257730384491,0.26948409411479646
528,10.263,45.045,1.199640519492373,0.08498971155380747,0.058104972,0.0701656965370827,0.32606362176616066
529,10.263,45.111,1.288950528654338,0.0914474421878169,0.006416366,0.07819310580299259,0.33230366390650806
530,10.263,45.177,1.4004565530297508,0.11066635468049003,0.014535896,0.10176763565351897,0.42135857842499436
531,10.263,45.243,1.5036335992512797,0.13575250248475457,0.0106127569999999,0.13832253266326974,0.45154973562848777
532,10.263,45.309,1.5575418771124312,0.1806407035540223,0.008458664,0.1882801180320901,0.5393455721112287
533,10.263,45.375,1.6169013665610603,0.27681753602074927,0.010035495,0.3670915677950508,0.587806691438567
534,10.263,45.441,1.592651166086128,0.4283875506352838,0.043437072,0.47205123893744216,0.7202880572716422
535,10.263,45.507,1.4381950941383168,0.48622940800976616,0.1511294839999999,0.5086537760694516,0.6532622598738349
536,10.263,45.573,1.3070294826808035,0.3989176794437257,0.570450008,0.3705579658324342,0.5550120855179863
537,10.263,45.639,0.8923799280300544,0.21468168434654064,0.83534939,0.1559791296577257,0.3093513227780504
538,10.263,45.705,0.7527594572648171,0.09023377358938008,0.894327138,0.053561851834814746,0.2608397597675096
539,10.263,45.771,0.5706426479445488,0.044204136505079324,0.742955827,0.02175546105512244,0.1523251194028854
540,10.263,45.837,0.420575583781029,0.05977800863206801,0.895145452,0.042684097185691224,0.2257246725736813
541,10.263,45.903,0.2592269847630509,0.08452329692964951,0.757789106,0.04819083800540009,0.2134887660740037
542,10.263,45.969,0.1198305581296532,0.08964597154447922,0.767511464,0.06167520072310552,0.22720485190028553
543,10.263,46.035,0.0055219577450877,0.061538674308615565,0.989606449,0.047049896120665846,0.25273299228572976
544,10.263,46.101,0.0,0.042327729135529346,0.966501889,0.030846026414809494,0.24027143869685164
545,10.263,46.167,0.0,0.043047214635989504,0.834687317,0.022656495772477844,0.26402856901587535
546,10.263,46.233,0.0,0.04295732870985615,0.834095771,0.019071114215350776,0.2535402021335429
547,10.263,46.299,0.0,0.031421146787382614,0.758832269,0.0138628572782629,0.19081935174520048
548,10.263,46.365,0.0,0.02309253203662916,0.911691096,0.015640736763784028,0.14064831774981534
549,10.263,46.431,0.0,0.019647615606762363,0.966645177,0.01231107722877581,0.14010902589089244
550,10.263,46.497,0.0,0.01792493665144413,0.865243507,0.00981642162837031,0.12802745236963428
551,10.263,46.563,0.0,0.015356936930165144,0.878684819,0.0050720119947663045,0.14186327198078652
552,10.263,46.629,0.0,0.005164162479728893,0.997952821,0.007340191899780022,0.10621768464009754
553,10.329,44.979,1.1157021118762027,0.10832701344887104,0.097711507,0.07962867481287918,0.2915251803438407
554,10.329,45.045,1.2324600854471308,0.1021168521061252,0.013348841,0.07885918422090353,0.2995732695714045
555,10.329,45.111,1.299804782415102,0.09583822832521344,0.006834054,0.08361679361431062,0.3199648530919416
556,10.329,45.177,1.401979228551313,0.12303878965934653,0.025301628,0.11791619104895987,0.3767136590301091
557,10.329,45.243,1.5126867203104046,0.1494629379362194,0.013566047,0.15408472623338038,0.43130658449284404
558,10.329,45.309,1.5662489139814046,0.18950089063319078,0.005227742,0.18852871863607537,0.4859991505448008
559,10.329,45.375,1.6063493580777766,0.2777729673397286,0.011836187,0.3404383932781011,0.5890436056698087
560,10.329,45.441,1.5702017572116875,0.3869944372307008,0.01176834,0.4010921788073583,0.6550433670228019
561,10.329,45.507,1.3935816149143976,0.40643338526848927,0.171838492,0.43751802487885477,0.5965841320353511
562,10.329,45.573,1.2286554729110784,0.3068307055315609,0.756988961,0.2883415769873092,0.5196787811053392
563,10.329,45.639,0.8493638106484722,0.16037896881303976,0.840805914,0.1415290892258112,0.31936756705836117
564,10.329,45.705,0.7136787276330665,0.07509352468076752,0.820056721,0.047899074973452166,0.2828101808632937
565,10.329,45.771,0.51819766434436,0.03540902235846625,0.882014812,0.022326989240906963,0.19703756565454245
566,10.329,45.837,0.322747418802788,0.03163227343264265,0.87068839,0.02351772730867597,0.19789647404099173
567,10.329,45.903,0.1705319142324929,0.05045068914504779,0.908740191,0.04293545106916595,0.19067798130738264
568,10.329,45.969,0.0464958284053414,0.06158640887970736,0.731607255,0.0412267754342461,0.2026245354977919
569,10.329,46.035,0.0,0.05919193904544804,0.746988475,0.03260264620403249,0.2226154134128169
570,10.329,46.101,0.0,0.04361112845292617,0.777987047,0.023426093279617807,0.18203246695457728
571,10.329,46.167,0.0,0.03837534901432844,0.758850029,0.013753081332473101,0.20880086822244584
572,10.329,46.233,0.0,0.0355417269030976,0.871661269,0.019548361576828495,0.21566352315114268
573,10.329,46.299,0.0,0.02754047059373942,0.872355067,0.014534887985651317,0.18126700815079316
574,10.329,46.365,0.0,0.0274985499507725,0.87945625,0.011442745441725952,0.1393540412815846
575,10.329,46.431,0.0,0.030174676065933943,0.857837796,0.010567906428991993,0.15098398826899345
576,10.329,46.497,0.0,0.03135031732355462,0.800913976,0.010111572200540877,0.14429982420114137
577,10.329,46.563,0.0,0.030199237418479772,0.982840221,0.010183138573175609,0.18373121320859642
578,10.395,44.979,1.1474406689732175,0.1520934690228046,0.077255841,0.11342713876965527,0.35583740904204403
579,10.395,45.045,1.246681096514687,0.13239304631252324,0.014319005,0.11434072340055175,0.40372891512139064
580,10.395,45.111,1.3019425077967064,0.11175293704231916,0.024688404,0.09432329391478593,0.3937860497102783
581,10.395,45.177,1.3978938452795755,0.13126554277838512,0.029796824,0.11616669920244901,0.42175890612326566
582,10.395,45.243,1.5079918041189206,0.16360353451163248,0.016080616,0.14525355877265092,0.47948911934618754
583,10.395,45.309,1.5669899636391635,0.22355915301247578,0.026669512,0.2375884897858337,0.520862963257423
584,10.395,45.375,1.5993332337484087,0.28658734902542876,0.0306405,0.33382959630829606,0.6323480505554979
585,10.395,45.441,1.5436552193216548,0.34320579353349345,0.029688825,0.39668465771037215,0.629085364482915
586,10.395,45.507,1.3556377012541856,0.33337659851254164,0.040384432,0.3626528282828451,0.6011944092289476
587,10.395,45.573,1.1823825217750432,0.25305101228032917,0.585490178,0.23792923993575657,0.5097450929156537
588,10.395,45.639,0.8410571672044937,0.15048749112005264,0.634670987,0.13558385574976656,0.3590908435338394
589,10.395,45.705,0.6841106861192512,0.06480956932155925,0.807052798,0.044573224696056915,0.2800645625569717
590,10.395,45.771,0.4749924286223247,0.03417904022804989,0.900905231,0.021083204992385942,0.2172670595854128
591,10.395,45.837,0.2588711569444749,0.01563338340507554,0.933181668,0.005457203901897669,0.157562792742921
592,10.395,45.903,0.1125123664886212,0.027185847128093618,0.961083865,0.019871840904847442,0.14293622870913333
593,10.395,45.969,0.0038845239331846,0.036440530797062796,0.981861282,0.031409963236406026,0.17705779021988663
594,10.395,46.035,0.0,0.048863551369407704,0.945416204,0.03831261740220498,0.19790087401682752
595,10.395,46.101,0.0,0.04159895480598029,0.8921666460000001,0.03127693468270349,0.18990693327384736
596,10.395,46.167,0.0,0.03631933738270532,0.979994097,0.02103682365678489,0.1921166127799672
597,10.395,46.233,0.0,0.025963906830875027,0.858983802,0.013190785092371631,0.11402933706610142
598,10.395,46.299,0.0,0.02082340711946516,0.979183728,0.01196403892976682,0.12934346830263405
599,10.395,46.365,0.0,0.020657206167965132,0.927593872,0.012975316027956959,0.12123224611549727
600,10.395,46.431,0.0,0.02934463446374504,0.803991906,0.0131121713364793,0.16181888161494767
601,10.395,46.497,0.0,0.03279911532420464,0.892426565,0.011508782511904701,0.17252040960376616
602,10.395,46.563,0.0,0.03211623172963622,0.992369519,0.008193665822296569,0.19771619788591135
603,10.461,44.913,1.0696099443482388,0.23435431900603731,0.087138096,0.19532343743788375,0.48606945522997025
604,10.461,44.979,1.1852909726142216,0.172041384114841,0.01201705,0.1282380844997348,0.41105074625387483
605,10.461,45.045,1.2514537689372716,0.1373987299143492,0.006242132,0.11947227820220625,0.4129757961355164
606,10.461,45.111,1.3364917976694402,0.11628080673565575,0.022192709,0.09689247422879528,0.37077886286575085
607,10.461,45.177,1.3901357221414306,0.1350550812836333,0.011152521,0.12410235925562164,0.41178099731523643
608,10.461,45.243,1.492161210889663,0.16660503890221587,0.002136974,0.15861592076961795,0.43773964223577455
609,10.461,45.309,1.5693944152874748,0.22407061267959363,0.006506774,0.23085542251957664,0.49355888406604964
610,10.461,45.375,1.602063466653364,0.278192347247637,0.012024631,0.25234552702653484,0.6054012645276186
611,10.461,45.441,1.5279609034159871,0.3094936238934371,0.051275429,0.2828322101405246,0.6275914170541042
612,10.461,45.507,1.323401878006341,0.3211898289096228,0.111803474,0.2526882741717177,0.6603188768424565
613,10.461,45.573,1.1590965845825678,0.26363963477131,0.319926864,0.18568233340002363,0.5252741604559046
614,10.461,45.639,0.8709851445811374,0.17910846505832953,0.787594783,0.12422017655327022,0.431289970489398
615,10.461,45.705,0.6621347404677523,0.07512762988640619,0.819347335,0.05142345747888543,0.29896508131944804
616,10.461,45.771,0.4430991747397657,0.03465750536004471,0.874132156,0.019599277913692807,0.2300725130413716
617,10.461,45.837,0.229801716325109,0.01951682189812695,0.853045312,0.006060486475606313,0.1969725208703329
618,10.461,45.903,0.073865510100998,0.014963671976787168,0.947236123,0.009303060864900807,0.1416982468573706
619,10.461,45.969,0.0,0.005554190330211683,0.974168865,0.002046753163138706,0.09924634414467132
620,10.461,46.035,0.0,0.008008098630901852,0.964121446,0.0017079930442979068,0.07864106862480352
621,10.461,46.101,0.0,0.006746850496285802,0.957890509,0.001848839671039743,0.06110856428719106
622,10.461,46.167,0.0,0.019866093652446817,0.957562265,0.006457139915063426,0.10504682722574209
623,10.461,46.233,0.0,0.01694925901836966,0.827707761,0.004034944806130264,0.07016503423680731
624,10.461,46.299,0.0,0.017584940699828723,0.991390793,0.005933481232688706,0.11149838503586677
625,10.461,46.365,0.0,0.007573391668190096,0.977921165,0.0023521500938505574,0.07837623500263075
626,10.461,46.431,0.0,0.01473667811249242,0.874256322,0.0028567663433301535,0.09666673401874251
627,10.461,46.497,0.0,0.020297663088578374,0.96315368,0.003931132359598716,0.1256658494792466
628,10.461,46.563,0.0,0.024498312460575152,0.993536929,0.0017997053393750712,0.1197081510231397
629,10.527,44.913,1.1025391669066122,0.1854119531516893,0.034036421,0.14026400532662633,0.41768466901761697
630,10.527,44.979,1.2022017738550506,0.1516064124802852,0.005948014,0.12993110336211727,0.43445721012796445
631,10.527,45.045,1.2852953480817737,0.1266348938694299,0.013361141,0.10613594623589474,0.45690758440416984
632,10.527,45.111,1.330919910428239,0.12060859974260792,0.023414683,0.09074693388569219,0.4438778078770473
633,10.527,45.177,1.3833101398790435,0.125882504551921,0.00270746,0.10348088948322012,0.4497670511816105
634,10.527,45.243,1.4685526216728084,0.15808621250753324,0.001804486,0.14801443617111332,0.44185988928915265
635,10.527,45.309,1.558614536407307,0.20748844020467916,0.001555899,0.19657114057197184,0.4883795009365296
636,10.527,45.375,1.5672421412004134,0.2666969437082585,0.080251396,0.2572738492314845,0.5606459179370161
637,10.527,45.441,1.4865996011743352,0.25310268522246904,0.0909373679999999,0.20257511585880478,0.4803022392756064
638,10.527,45.507,1.3082483112325418,0.24118932330069567,0.074582394,0.17915743806760162,0.48426724810479227
639,10.527,45.573,1.136171621386848,0.18903809269119887,0.152251029,0.09332347025682489,0.3535965274102618
640,10.527,45.639,0.8953972494571618,0.1341462106939958,0.70150157,0.06601366424903138,0.31505276854869707
641,10.527,45.705,0.66324656707263,0.06163157467022195,0.946984362,0.02996865241831732,0.2741319759906608
642,10.527,45.771,0.4583616417624627,0.02424673000199032,0.674636101,0.009284585468759697,0.21151317424689337
643,10.527,45.837,0.2730601934870928,0.023267024365575133,0.689080839,0.005512160121129493,0.20623023523527095
644,10.527,45.903,0.0738475133078566,0.022079284954359228,0.990310991,0.010807320788263224,0.14516535758803178
645,10.527,46.101,0.0,0.001754058794563861,0.995328333,0.0013339622005156895,0.0064414463174634045
646,10.527,46.167,0.0,0.02108629367256289,0.995477453,0.008425722802754334,0.09544090379963795
647,10.527,46.233,0.0,0.01993059039855573,0.887295251,0.006010550722702689,0.07282518545149004
648,10.527,46.299,0.0,0.019385491541337462,0.928674124,0.006847154798561338,0.09940719308997055
649,10.527,46.365,0.0,0.0036609983955184352,0.996488135,0.001203761736261169,0.057467906916519464
650,10.527,46.431,0.0,0.0027695557757080073,0.943974415,0.0001443214563358545,0.04885138929019378
651,10.527,46.497,0.0,0.003987634804315397,0.991191112,0.0007520950771670524,0.07053815803546822
652,10.593,44.913,1.1301187666974648,0.15416923847461975,0.047826316,0.11730900685263085,0.40479702113255417
653,10.593,44.979,1.2154772228813129,0.1242146173707415,0.002038451,0.09865214400096974,0.39253022962308054
654,10.593,45.045,1.287195073845468,0.10563439883390668,0.016663731,0.07967093605081868,0.37839989820256065
655,10.593,45.111,1.337005332861947,0.1193534418525013,0.007252968,0.08881439739581265,0.3844448067838235
656,10.593,45.177,1.3953638832395423,0.13656193152954405,0.002578513,0.10521520539489804,0.41678894335556804
657,10.593,45.243,1.470059992134196,0.1654388590800079,0.001678893,0.15391411075258085,0.45282146962941416
658,10.593,45.309,1.529427964620054,0.17570458623212146,0.002444713,0.14923845291405588,0.5016653410783006
659,10.593,45.375,1.539234592944057,0.22561784176650648,0.0744768939999999,0.20554643213211243,0.5672531993854092
660,10.593,45.441,1.484474822805844,0.2072317817738647,0.012589153,0.13511690957815953,0.4604676118474162
661,10.593,45.507,1.303249251461541,0.21666924185684344,0.000922952,0.13814445266580186,0.463626786715171
662,10.593,45.573,1.1453755388140503,0.15440003071745745,0.021096925,0.05247572084705654,0.3146215349246303
663,10.593,45.639,0.903671859054263,0.10575940123785192,0.451435722,0.03404065551899021,0.2549599652419692
664,10.593,45.705,0.6773139343190533,0.050815111106421035,0.957499051,0.013094709705365666,0.2419389949318368
665,10.593,45.771,0.4876798489316054,0.019588452578818513,0.91572717,0.004946843721414616,0.17480349869056985
666,10.593,45.837,0.3018580286102975,0.01700054649319333,1.0,0.005840069334134052,0.21165426239292096
667,10.593,46.167,0.0,0.02221788419069896,1.0,0.0071259705308180194,0.08463233913912044
668,10.593,46.233,0.0,0.021646031380205672,0.918594043,0.004904054738795829,0.11703087863928499
669,10.593,46.299,0.0,0.020775965221768857,0.993408348,0.0071200251708128754,0.13357770286652687
670,10.593,46.365,0.0,0.0042511279876116335,1.0,0.001837910823100598,0.07620992185024753
671,10.593,46.431,0.0,0.001995667957101475,0.998230571,0.0011026295639310969,0.06344888013075868
672,10.593,46.497,0.0,0.0028477694317522047,0.999026495,0.0012600728292905415,0.04502120000746241
673,10.659,44.913,1.159781397042476,0.1661086357927664,0.228115198,0.10847680618906777,0.3574365153031036
674,10.659,44.979,1.231236985715809,0.13111011348775053,0.061356465,0.0882887561757877,0.38436122015430546
675,10.659,45.045,1.2648853384756058,0.1358919985899063,0.085805697,0.09262675742840097,0.4274238816744985
676,10.659,45.111,1.350902579618774,0.1374501922403419,0.00218856,0.0984042932723197,0.42072211674486687
677,10.659,45.177,1.4223736958095516,0.16009562622404844,0.058797159,0.12411279684561895,0.44034535785392814
678,10.659,45.243,1.471789819865564,0.17530543867420362,0.0263965649999999,0.15271546338046874,0.4574918353728038
679,10.659,45.309,1.5112227735081172,0.17616759774849106,0.029945062,0.1476865034221962,0.49081856544242725
680,10.659,45.375,1.5232145995951378,0.19939832438995436,0.071520982,0.16242772300571245,0.543145572926047
681,10.659,45.441,1.4718074384813464,0.15493364607349785,0.056896549,0.09557001109139099,0.41320063272458746
682,10.659,45.507,1.3209707314856325,0.11605821752116692,0.0,0.06577245793573518,0.2537387120456245
683,10.659,45.573,1.119197360502136,0.05482269942580832,0.0,0.007054699701913936,0.10589326487023673
684,10.659,45.639,0.9379746588566156,0.04979842959321741,0.045581293,0.006103161743733248,0.18167877449418857
685,10.659,45.705,0.7322555855212023,0.04204473688748349,0.616268441,0.007244485565017844,0.21217564740325043
686,10.659,45.771,0.5394490666675321,0.022735631334648773,0.953030879,0.0063795982694301034,0.22662772664140177
687,10.659,45.837,0.3833503331619736,0.020022935984246187,0.951995803,0.007494983644199503,0.21408669569401031
688,10.659,46.431,0.0,0.0,1.0,7.471045296167874e-05,0.0
689,10.725,44.979,1.2342619151815488,0.1693550501419696,0.022674667,0.12385701437860344,0.4096324950888844
690,10.725,45.045,1.2781569019148855,0.18240518883718437,0.053335132,0.14052724642777847,0.44433092570716654
691,10.725,45.111,1.372486258950874,0.2029393387669684,0.00613096,0.1626780068757009,0.46100674818757714
692,10.725,45.177,1.45788113880506,0.22889546118155601,0.184687972,0.19317654868547482,0.5037999520414425
693,10.725,45.243,1.4742217227409904,0.22938807356826726,0.019440576,0.1997346663809854,0.5059205344652951
694,10.725,45.309,1.5345820326167776,0.1887979502786111,0.054630277,0.15887611309093205,0.5227747443460548
695,10.725,45.375,1.5500973297420495,0.18739241643470042,0.085083,0.13925593560527041,0.577389583062093
696,10.725,45.441,1.5081827614394718,0.16039882439691996,0.094226855,0.09661390399825713,0.5149828480137085
697,10.725,45.639,0.972530303592028,0.03818758910644508,0.0,0.0038220923434364846,0.23622678398833827
698,10.725,45.705,0.8022473608666101,0.03721742859285856,0.191133485,0.0074475844859539595,0.24491878244522167
699,10.725,45.771,0.6399229604491049,0.032878097269224214,0.745513214,0.00257192754033258,0.17207026130848319
700,10.725,45.837,0.4678486434809578,0.028727406987429656,0.976073902,0.007107396300041408,0.20146850537869537
701,10.791,44.913,1.1998932902730095,0.2643056786068525,0.03866285,0.23681820666293513,0.5353146931497412
702,10.791,44.979,1.2541997369864564,0.1954983723643078,0.0077153099999999,0.1500813587521173,0.509190748995894
703,10.791,45.045,1.2872925991126274,0.21930058800624716,0.043059911,0.20094300571914733,0.5342392252665417
704,10.791,45.111,1.3840627573148414,0.250677343898008,0.036402014,0.23217091386454838,0.5350594186698912
705,10.791,45.177,1.4696475266946825,0.26674658268889706,0.060188594,0.22804426666010877,0.4975177633622951
706,10.791,45.243,1.4695088320020924,0.25424579636922207,0.012533072,0.26513477378032263,0.511099640725626
707,10.791,45.309,1.541271411707998,0.17548122626695475,0.00472784,0.17007961576458966,0.44342520670367835
708,10.791,45.705,0.7840230680904237,0.04793278232081219,0.0,0.010622457667418242,0.32892513818330865
709,10.791,45.771,0.6989848317314702,0.03785288374384698,0.256317565,0.009209646525413496,0.20602566963432115
710,10.791,45.837,0.5382876320914491,0.04189516628279332,0.68444226,0.011735598280694648,0.26358219975383707
711,10.857,44.913,1.2024631166558235,0.2124632660007372,0.002278419,0.2062475036796095,0.5528953214904093
712,10.857,44.979,1.2664742840178953,0.17983768355318985,0.006816686,0.1551571306768335,0.5100469488249064
713,10.857,45.045,1.2988527839434627,0.19454927987393253,0.046497018,0.19077148783346928,0.5169857307588074
714,10.857,45.111,1.3852611049672563,0.24074848306602523,0.060515601,0.20589778981473858,0.5122629047394277
715,10.857,45.177,1.4663478031785775,0.2578499570899929,0.00997847,0.21031106170278954,0.49564808839529934
716,10.857,45.243,1.4674556403830803,0.25985258947117607,0.0042507,0.26853311347597775,0.5099229396992233
717,10.857,45.309,1.5361767842938137,0.1602115841550328,0.0,0.13849666809042804,0.42614734849141606
718,10.857,45.837,0.5925078840280209,0.03985026280702604,0.033890737,0.0017912261640196591,0.2300086378750545
719,10.923,44.913,1.1780936049317583,0.18330519735315448,0.018474022,0.17104491319074527,0.5257077558686061
720,10.923,44.979,1.2316307795751285,0.15855640855499675,0.008408429,0.1397987551607243,0.4924370989974808
721,10.923,45.045,1.2679981385629886,0.15790131629547727,0.049763919,0.14383376371163736,0.4682898845754303
722,10.923,45.111,1.3582975783398878,0.1732209443953654,0.022318093,0.1740817563243568,0.43358121123583315
723,10.923,45.177,1.4164762645994615,0.18463089156707654,0.015607113,0.203527828857094,0.47286159195416355
724,10.923,45.243,1.4529562314573856,0.19060288843331843,0.005924832,0.21113798891803914,0.4255243124260039
725,10.989,44.913,1.173132629845378,0.15684616373528498,0.002072362,0.13203033005857912,0.5058572694213953
726,10.989,44.979,1.2028605588143706,0.14509526767136613,0.009845005,0.1021409770263732,0.4281510201045412
727,10.989,45.045,1.248077356984962,0.12874274972743582,0.038562533,0.09919051686544286,0.4156920572278118
728,10.989,45.111,1.3374277050652168,0.12193439500298686,0.014827521,0.08497524596691937,0.3757691180755305
729,10.989,45.177,1.3801654245886612,0.11660844307724053,0.012768801,0.07470171518049806,0.36646900823418077
730,11.055,44.979,1.184195014627936,0.16444977371097913,0.001915897,0.1348842754617332,0.4338073567031777
731,11.055,45.045,1.2330127879496395,0.14721759567198725,0.0407888769999999,0.12046777588545352,0.4133060521735337
732,11.055,45.111,1.3058884251906502,0.13124725095886394,0.03099089,0.10012032162398703,0.3889233027447357
733,11.055,45.177,1.3563055476396364,0.10875086146945509,0.015021302,0.08031796136109227,0.35591108068576616
734,11.121,44.913,1.1079428467907384,0.14736913471142696,0.026169648,0.1242810050925143,0.4193659581391134
735,11.121,44.979,1.1517397558213616,0.1457033654513579,0.003259492,0.09808999996921518,0.4131112592628024
736,11.121,45.045,1.2008167548921522,0.1361306780677346,0.058773676,0.0963905301353916,0.3964642787238801
737,11.121,45.111,1.254932689199588,0.1263208129345426,0.047757227,0.09764555590259985,0.41420999418570253
738,11.187,44.913,1.078506425828328,0.12433013004764189,0.04064936,0.11154148383015355,0.39484841297342577
739,11.187,44.979,1.109282884893647,0.13961009066526758,0.004658154,0.1284809379104275,0.4338236325982009
740,11.187,45.045,1.1642630508644718,0.1344124483375826,0.037869382,0.12745787640294126,0.4199157227547106
741,11.187,45.111,1.239945742921004,0.13793231905460396,0.020363762,0.12574511270904704,0.4515450286358501
742,11.253,44.913,1.0521565698259274,0.09576493047968439,0.133005101,0.06947847608219,0.3907764478454647
743,11.253,44.979,1.0932923003958188,0.10047839712978134,0.006356177,0.07841377874784436,0.410822698816564
744,11.253,45.045,1.133786404877148,0.09930384413310747,0.091841144,0.06039846620607675,0.3863099941385536
745,11.319,44.979,1.07283028027993,0.11301338095547865,0.0313021189999999,0.08262180623926992,0.3527229484498516
746,11.319,45.045,1.1161207319668522,0.11350202562214454,0.347556922,0.0842672830562995,0.3924626739449014
747,11.385,44.979,1.05360610139712,0.12205291614804999,0.045972586,0.08860059160141993,0.4882257175026295
748,11.451,44.979,1.039463158000842,0.07388315435240105,0.073562387,0.03100118145040867,0.3140803442172114
