fid,BUILT_AREA_SURR,NAT_AREA_SURR,INDUSTRIAL_AREA_SURR
1,0.07969723985871609,0.03359571606961185,0.047075748634274196
2,0.06515334181699976,0.0436781603617747,0.039789269732437196
3,0.0714398717386034,0.03837935115601782,0.041148981255851175
4,0.08101628089051047,0.03183935986436231,0.05002129860139706
5,0.08737275818062279,0.028615327664422045,0.05341617180845367
6,0.30315866651846685,0.4001563689636287,0.15903571634161415
7,0.2823880207252482,0.3643214152357567,0.13258404959204448
8,0.26997812510039776,0.3878052462997605,0.11621650117355796
9,0.06461791107393257,0.05630732767723394,0.038715492523856934
10,0.06546081718664105,0.04862148073902189,0.03720955675760524
11,0.07065936709621953,0.042325766699759945,0.04336704445950256
12,0.07955276458288815,0.03609641696426682,0.051156478531957164
13,0.08759020469121226,0.030075692997463016,0.05739891352924826
14,0.09462567657728016,0.02598569999981645,0.06447045227469926
15,0.36085484963121955,0.4479746052898151,0.25050165967424165
16,0.32098884079217055,0.4324499167482863,0.17918243752194404
17,0.2918524382194927,0.4199121251109683,0.1379528580112263
18,0.26798040202567613,0.43114111324556104,0.11355155746742202
19,0.24672967200723864,0.46504967909978123,0.09452768663917555
20,0.07222097376784321,0.06777300897349449,0.047391760108438735
21,0.07018912581731566,0.0613019374825673,0.041979654270808235
22,0.07245333840985614,0.05032439063788874,0.045198844732614714
23,0.08326477329179222,0.04233099418247157,0.05552960156911098
24,0.09898090798859185,0.03679643264161478,0.07071415187919287
25,0.11332776037178517,0.0394491436429208,0.08292365150172906
26,0.4997635454358443,0.3762466002255477,0.46230094084387763
27,0.4805871195075289,0.4222270785752467,0.42784948793215904
28,0.42450847505717204,0.44694154543695036,0.3162356996369947
29,0.36623503361655674,0.4615303436078552,0.21778921850799066
30,0.3113512050316911,0.48790177928682277,0.14815233753853715
31,0.27003211755293155,0.5203413048703219,0.11218766209859649
32,0.22790658136332811,0.5583130412688956,0.08082640623188221
33,0.1765522192813391,0.5922613735488038,0.04849758965983938
34,0.1507848648724787,0.6166907022197747,0.03580845793595924
35,0.08152503462333563,0.07458774352086615,0.0670849467844853
36,0.08498352658802881,0.06365144758717008,0.0635404229882609
37,0.08842803679566903,0.05383426889198772,0.06620150117915632
38,0.10257355195341981,0.04661226250205217,0.07732011346435234
39,0.1267273439554956,0.04760072520125046,0.09584886096605531
40,0.15478838092496983,0.06708606682604587,0.11749402258968902
41,0.19721446129051567,0.09891902431864345,0.15244948526333382
42,0.46008349704279394,0.25984624127631784,0.41645898463208775
43,0.5277652734242914,0.3150139751191915,0.4751541775091547
44,0.5487706888300253,0.36694574796738105,0.46202897809014226
45,0.5132369605623136,0.40667528779752515,0.3743479017787251
46,0.4325878003414898,0.45871938747465313,0.25803139187343094
47,0.34449448293850926,0.5280241869675643,0.16348803918215407
48,0.2768398145094671,0.5948150879480828,0.11122200658824943
49,0.2126846519170371,0.6482331689455608,0.06965153787795751
50,0.1607204905814911,0.6612416878976095,0.04046877005214659
51,0.12990682553710642,0.6600899076952198,0.028345922414166776
52,0.11359531687241983,0.06655342136873892,0.10618336400625346
53,0.1107956034531657,0.06191030743770055,0.09913599139338275
54,0.12576093450341794,0.06264880078334457,0.10208450697669245
55,0.15112939149812438,0.07886702453047317,0.11412844731053559
56,0.18280251549844112,0.10602801496120617,0.13587691195392396
57,0.23280774839788085,0.12777536976784035,0.17907665255715338
58,0.32833360245281895,0.15834561171574507,0.2671276527410997
59,0.46877519654051536,0.19450665118213414,0.39379008014432754
60,0.5786452218376554,0.23682744581877416,0.4810488954732885
61,0.612231751569157,0.3014886497662267,0.47952669863527847
62,0.5755733523343083,0.3656977828651106,0.4031158546983365
63,0.47897378427685056,0.44433986082400495,0.2808233261623986
64,0.3759178305795923,0.5387587296986408,0.1779808972262192
65,0.28953369134769424,0.6302812455930598,0.11455267839992612
66,0.20472728608515983,0.7051937702194193,0.06267424766290082
67,0.1461211217311799,0.7337659037444725,0.03252115860654583
68,0.11413140163007228,0.7469647090155677,0.023705059735251506
69,0.17740030520788422,0.08184251696208335,0.16244626748948765
70,0.1456154438652904,0.07317955599484549,0.1421442890695334
71,0.1300261691812836,0.07443472308406464,0.12171231608507097
72,0.1365426962380594,0.09148910068360623,0.11188824251075488
73,0.15958414280609345,0.11884698965822582,0.11662030002759279
74,0.19115109554575893,0.14030840477500053,0.13643064648987707
75,0.24746833902095394,0.13956160272159224,0.18908697533129498
76,0.34925685800224726,0.12945810979082614,0.2831113367724116
77,0.4964261749818519,0.13494753122954323,0.4020639505644219
78,0.61622764048421,0.17600357305321276,0.49318699619986583
79,0.6405548045163347,0.25249176785201755,0.48463481287518667
80,0.5896305841100093,0.335462922820603,0.4009559905735715
81,0.49318692689609855,0.42483569172970276,0.28495144629329444
82,0.3977899191535016,0.5219616891932732,0.1901682667590783
83,0.30089923530094276,0.6297543009463815,0.119479810771887
84,0.20206335415193324,0.7289429322894213,0.06245785182466145
85,0.13488387631641735,0.7844205626368105,0.027661990673649
86,0.11327368727829937,0.7852768219145416,0.021200487808393724
87,0.2307216009274969,0.1360248578185857,0.1589593878133308
88,0.1958019963300915,0.1077883553519461,0.16252577780039285
89,0.1643019440193022,0.08022316421333012,0.14944916249843965
90,0.14012847873925557,0.08427278419785751,0.1257417788252137
91,0.13621604476223168,0.1124828001456956,0.10790910308136697
92,0.15713130117557472,0.13803938120751988,0.11071590130980927
93,0.18852553938182845,0.14425680088585288,0.13283366872336808
94,0.25909175041009314,0.12379326362610439,0.2043192339696857
95,0.3834546339130147,0.09671320098187254,0.3239335236091441
96,0.5341084049284713,0.09663889753384246,0.45255621488885267
97,0.6346768742345916,0.14134154986403802,0.518801782558995
98,0.6364647685008403,0.22165425829959232,0.48548123846267643
99,0.5734389623975159,0.30940330345943556,0.3950586227558736
100,0.49004775146432067,0.4000744123489698,0.29415579420528315
101,0.4053526836404831,0.4989126518554224,0.20524978601355617
102,0.29392527163357984,0.61478111968967,0.11967707683415042
103,0.1848797459651731,0.7152932516720202,0.05504430924408619
104,0.1926858705714479,0.23421089114402593,0.13472354657003371
105,0.18468753741712216,0.15819950830622145,0.14076260245357633
106,0.16767702595569023,0.09867620809875871,0.1360146837569652
107,0.15164850747120062,0.08988351490418493,0.12365341461936148
108,0.14583043164057674,0.11393670172032522,0.11059577264998953
109,0.16287143824400738,0.12853985316785987,0.11836927327036738
110,0.2028977912047138,0.11911339074528211,0.15783783946902988
111,0.30303425025116904,0.0918731410789606,0.26874686630157063
112,0.45707365738740646,0.07007686121500292,0.42811860257774637
113,0.6064734227782751,0.08083904015331161,0.5547987068674962
114,0.6766372783124492,0.12801170271682433,0.5817979706064612
115,0.6488880148692007,0.20188574712750135,0.5088858505060505
116,0.570299933156173,0.2893083312560542,0.4009442179483972
117,0.48137845736732315,0.38747307500690287,0.30007884692195536
118,0.38293266886338734,0.49999555833319376,0.2041529447294181
119,0.25352645427470444,0.6191678219555006,0.1029668814415389
120,0.1415895452817961,0.7094906419986018,0.037890701545290936
121,0.09429076959809662,0.7541227411843519,0.01642141411046701
122,0.07082190238288112,0.5826304476173934,0.031010238896865473
123,0.09554017765532852,0.4992652353181609,0.04726447375156269
124,0.13763304714078073,0.34873435505237044,0.08435431742587429
125,0.15696483143264886,0.21725875347171644,0.10744852688234655
126,0.16653800680271932,0.12337297795990933,0.1215468151031944
127,0.17035468963548056,0.0900474537091593,0.12793296940223606
128,0.17294880861047573,0.09632470640157104,0.12993675525031775
129,0.19042506420563643,0.09708625900535864,0.1508689699503795
130,0.2500251567548147,0.08060428570302419,0.21954148501868606
131,0.39164711596869034,0.05822866930266168,0.37894992391903004
132,0.5807833125650492,0.050857105460634766,0.5759903107524273
133,0.7313269828971234,0.06763621715991362,0.6948307966878642
134,0.7748359256562308,0.10792952100870427,0.6802577123137847
135,0.7174887236391153,0.17208570868370712,0.5643916672571843
136,0.6152283882764173,0.26484056465117384,0.43040617996578123
137,0.48836106090435244,0.3898624172167069,0.30998384742645885
138,0.34679778890583957,0.5279524996397367,0.19101434973722414
139,0.2037830747293487,0.6480443508566766,0.0810016649349443
140,0.10663333493085947,0.725936644605654,0.021526909764714146
141,0.0759777165802428,0.7689991904183253,0.01271329252944569
142,0.06048542571508289,0.8179524278992072,0.01105018636576639
143,0.053023372891636215,0.6469341702068576,0.017037834560243832
144,0.06855682966149308,0.5580198651547489,0.027884263107816245
145,0.10172804318016246,0.4114096443460825,0.05290765848421962
146,0.134199116717955,0.2599698703628203,0.08141284020442126
147,0.16422507152995072,0.14522949678119162,0.11187771445328581
148,0.18578561179134884,0.08881382622695261,0.13523689222250315
149,0.195164863022209,0.0739313703712479,0.14899120947860728
150,0.2157293234785253,0.06524000588112085,0.18191017687351896
151,0.29833350718416135,0.052147544598713486,0.2825438731139661
152,0.4796868400956793,0.040644492797326306,0.490048900030439
153,0.702297993133379,0.040132067869988915,0.7195495910163082
154,0.8603910830554806,0.05303363028066116,0.8311475340952753
155,0.8822958832725362,0.0869395463395501,0.7753713066956424
156,0.7935522384251035,0.14649305577253224,0.6182157724603095
157,0.6583470905287595,0.24922426083410398,0.4591762226967897
158,0.49035862735567337,0.40116088818153905,0.3167762809544054
159,0.31541985199451106,0.553134364786465,0.1790087922527564
160,0.17398356955870223,0.6551778726546857,0.068137908639924
161,0.0963552540406388,0.7059421841389659,0.01856560732778232
162,0.07275103425608694,0.745250726482943,0.012441760261791572
163,0.05634702920002357,0.8071147296303314,0.01058852015488967
164,0.038875577204012156,0.8740066977929556,0.008675836790342657
165,0.03740143295408687,0.7611794385552612,0.011672648452608835
166,0.04491620426420074,0.6954934690412952,0.014207337765638971
167,0.05564513035418287,0.5866758104631298,0.018159063550634694
168,0.08385073561419949,0.4332947954498861,0.035554941438173004
169,0.12235245464686446,0.2728253090112954,0.06575792311084966
170,0.16120801249551756,0.15244349885906208,0.10470697081169345
171,0.19013261947182622,0.08808132048493059,0.13697212067206382
172,0.19913024607421048,0.06035356746908715,0.15375987538796246
173,0.22058050296001203,0.04790568784961788,0.19149178244905132
174,0.3118731076474178,0.04118025938635104,0.30841032470400187
175,0.5047447952797813,0.036884623211029546,0.5326435495111226
176,0.7384882131194749,0.03468431931750129,0.7727237872387376
177,0.8982350782026207,0.04158098324171268,0.8806378921281797
178,0.9130619590133581,0.07326930474434486,0.8069436376981377
179,0.8088922158275853,0.13428748011419328,0.6274833841479286
180,0.6524603426054527,0.24367633747328263,0.45159387572114235
181,0.47029966802483963,0.40349700764201013,0.3033501273975723
182,0.2955353876202268,0.5490173851765039,0.17187014906978496
183,0.16493555349594424,0.6333733798754355,0.07060366005076657
184,0.09844165769664226,0.6625412554144637,0.023296616934166237
185,0.07748750826851589,0.6873901288318088,0.01453020932428692
186,0.06194122143630315,0.757531657786969,0.012467020969833221
187,0.04413591195071691,0.8386897363710214,0.009035115597945528
188,0.03225889374405788,0.8911373226004411,0.006336936855443102
189,0.031970481654207496,0.7898749988463394,0.009038747457139309
190,0.034146506764315625,0.7754219037747205,0.010159003801395103
191,0.04181607774300011,0.7099013744879327,0.012068128809742567
192,0.05255297937991824,0.5920573411323241,0.015713010189051173
193,0.08233304318211303,0.4253759932027912,0.03185330118506917
194,0.12371698893639842,0.25745188110777695,0.0628630260744093
195,0.15586751360419082,0.1421346479180387,0.09961122361692669
196,0.17623281365086416,0.08313507588350805,0.12808394713895044
197,0.18502877930701872,0.05306528938213579,0.14565189857098362
198,0.21001821162763204,0.038471901515833275,0.18473721825687725
199,0.29110911635167913,0.03475688104589584,0.2910332600745931
200,0.45511137011489844,0.0342618663767376,0.4866058839661988
201,0.6605926854476462,0.032607165468121514,0.7011737059804809
202,0.8081272348502704,0.037808049344702055,0.8067339970197535
203,0.8329900026612608,0.06739123839242786,0.7463869809204995
204,0.7467868197611459,0.12859282037799225,0.5821286294943067
205,0.6060808689896366,0.23635152811400084,0.41592805016785545
206,0.44716450110839406,0.38999322304590384,0.28571835165213233
207,0.294481229766365,0.5325748155644354,0.17850135923161067
208,0.17396437437646506,0.6203282483322166,0.08877692181516393
209,0.10420383641335464,0.6531086425570194,0.03429205376236037
210,0.08088131419752241,0.6650367792815434,0.019708837376987604
211,0.07158068330831653,0.7072502271674135,0.020098862972910414
212,0.05818407555898489,0.7796736831014107,0.019179678983951665
213,0.04495133369272141,0.8484956760671287,0.017865117395672925
214,0.03556227197690555,0.8949737846823556,0.014286424224494488
215,0.028452268216403398,0.9145600090475112,0.010319751016405306
216,0.025860963368653837,0.905031729374257,0.00876229297343122
217,0.024530074033550654,0.900562148599341,0.007359299141420949
218,0.03544115132851283,0.7552471414351718,0.009375407869047878
219,0.04040472243681701,0.7062053314739953,0.01147075224275797
220,0.05228970722929859,0.5870105119016757,0.014948743509110695
221,0.08564110920409929,0.4158850814320541,0.03220639069573588
222,0.12635135265044642,0.23320645794329045,0.06731653620080476
223,0.1527258201986632,0.1195319474389979,0.10062018375613382
224,0.16478438736252657,0.07519440957185158,0.12260287955389336
225,0.17755337922070885,0.05073099526440406,0.14442382082928745
226,0.2067734530696466,0.03808525901109929,0.18584461436098584
227,0.2646768159572692,0.03617330815234988,0.2647965512777815
228,0.3718604557058244,0.03877864913146759,0.4009170993514624
229,0.5182906186607307,0.03983705786239201,0.5601514375931261
230,0.6419581369670897,0.045594293985216604,0.6544736507944289
231,0.6829127126034116,0.0745762163998408,0.6207129318437109
232,0.6331069712993446,0.14280860778873972,0.4940717365224959
233,0.5322493378830708,0.2543501652701013,0.36025958052786256
234,0.41340952161543326,0.4014845609073909,0.26005451954612935
235,0.2874087808985868,0.5468164955827342,0.17697950056867792
236,0.17785152056952494,0.646510004112675,0.09891180040339746
237,0.1044114581933062,0.6955311472231244,0.042349660216745716
238,0.07914378433071634,0.6996093446317028,0.02640133166058037
239,0.07826992284450282,0.703492560825529,0.03293422704822377
240,0.07591053671341406,0.7361978568622802,0.037843785774240524
241,0.06510735716376721,0.7977818554548565,0.035330950825303506
242,0.04616014693439882,0.870560329515072,0.02392819529608235
243,0.03240278680914669,0.908513114471416,0.013333719702197717
244,0.024092895061373777,0.9112099115181005,0.008371073338414855
245,0.021092843077499274,0.9042241298074185,0.006690266749571521
246,0.15441117642706362,0.09362876205743842,0.10854509887316352
247,0.16354725101676318,0.0664239671534607,0.12602534358904685
248,0.1840486015194301,0.05116791791338942,0.15493205726701215
249,0.21584582787358578,0.043443300203439304,0.19835286373884592
250,0.24807272205323946,0.04372509920848028,0.24525067751326213
251,0.2993787662536153,0.047317066919784566,0.31402707441869065
252,0.3855733919869294,0.05017919855030034,0.4091987851746643
253,0.4810896244609056,0.05672083057155383,0.48591677151536306
254,0.5434849725220426,0.08699731010288465,0.49234535946740016
255,0.5322130142809155,0.16713509590613507,0.4154321893982064
256,0.4623028992854351,0.2965959245154718,0.31043096731291836
257,0.3641470493519943,0.45375009990959236,0.22254150186580987
258,0.25259803093959465,0.6024967788842518,0.14880944450398503
259,0.15355615781810789,0.7143715394377953,0.0836797716773339
260,0.08774092727351479,0.7829006251484572,0.03860676352025498
261,0.06868478928150634,0.7876193488426801,0.029399966988236742
262,0.07764307196290067,0.7568988686685115,0.042202842565744796
263,0.08361919749799725,0.7490675982904537,0.05084838702094202
264,0.07596618269410435,0.7848900746289527,0.047892591767180415
265,0.05440010939167761,0.8538606959440103,0.03155510751615477
266,0.03462422401015142,0.9038553909093552,0.015595688895973058
267,0.021089727577137292,0.9173981571481244,0.007783827656425913
268,0.014868017685538398,0.9160464304788506,0.00549063831148294
269,0.1672075845308596,0.05868632684161016,0.13682912988738025
270,0.18469736349613702,0.05161678545144405,0.16446159790805112
271,0.21420393603491292,0.04696826993480665,0.20262998810982272
272,0.23131635828727398,0.04723063733716603,0.22788917525703
273,0.2528846444451044,0.04959828905257446,0.2547112230433723
274,0.306788144166669,0.05274524501105648,0.308067142798186
275,0.3876158866833706,0.060280381984803476,0.37695562395835
276,0.4691043096496377,0.09055680050946006,0.4226668622856099
277,0.48896279053869435,0.17818277739848082,0.3909415235529928
278,0.43254703143023193,0.3287100087588849,0.2998174352068602
279,0.3275974589206361,0.5067240294501917,0.1983974356162467
280,0.2079042367862923,0.6670092097068289,0.11156003961731584
281,0.11587537708958165,0.7804037111315205,0.0547547216154122
282,0.0637653307193323,0.8539178906097119,0.02573184425202153
283,0.0550390781721713,0.863408803111429,0.026222239417597035
284,0.07074104396030537,0.8235740335025765,0.04326140744966428
285,0.08033395152892059,0.7966942388336418,0.053309699567580526
286,0.0746470808890193,0.8129866003751116,0.0498309698531928
287,0.050482127590934685,0.8722830684125803,0.030541464728801915
288,0.029449389136127133,0.9180831141494593,0.013741836112922052
289,0.01760752900071904,0.9280856770453954,0.006566514968333675
290,0.014611812276428616,0.9245767440665615,0.005074331803564083
291,0.1813632944128088,0.053442414244354114,0.16748001410299607
292,0.18605754441613173,0.05096614063627913,0.17762642575964782
293,0.2067246342538816,0.04791708095107194,0.20062109449238275
294,0.21807814101654655,0.045622559490988125,0.21203296358861418
295,0.23284114417586532,0.04484517538026153,0.2257220035957638
296,0.27913559415979317,0.04535714009072968,0.26912669482638
297,0.35478052292603934,0.05198518595803082,0.33719500580557743
298,0.4491727613271363,0.0802181168831002,0.40597496168998626
299,0.49255914340281204,0.17002082361251006,0.4058930899575863
300,0.43756972390299387,0.3370720902775577,0.31887377335135353
301,0.31240570633142567,0.5369671814434426,0.19393964380024714
302,0.17400697595516398,0.7087091212762916,0.08512403155710706
303,0.08352098783106139,0.8182087719323917,0.0303906748522499
304,0.044683655125360974,0.8799580628244132,0.014262474569066982
305,0.043824727694997345,0.8910529068994705,0.020209098032531708
306,0.06035104936448901,0.8653174897294987,0.036393183100153846
307,0.06932901112723673,0.8467186284217781,0.045270089758476705
308,0.061920571466561485,0.8628586203862073,0.040632206092777914
309,0.03726145363518401,0.9122360541289883,0.023865297127722788
310,0.020691376414892212,0.9421899164855407,0.009600126149178762
311,0.1927780691702812,0.04936124762550413,0.19383533347782825
312,0.1890215426478883,0.04922387090348095,0.19050520828811968
313,0.19906438326823117,0.046872747956290796,0.1961613495037684
314,0.21027581935061787,0.04161099398407429,0.1999184181986454
315,0.22974487507179103,0.035942966379003724,0.21400838827939125
316,0.2765933719625401,0.033141606284610034,0.2575057885822665
317,0.34764237594171304,0.03902104612097737,0.32714334704770476
318,0.44944432812136287,0.06406022124306164,0.41137475359299464
319,0.5097236605509959,0.15282437431984458,0.4311034387144938
320,0.4581024809115603,0.3276527361583682,0.3469949810421345
321,0.32027861769903593,0.5411261454779217,0.204916663747917
322,0.16253344504876166,0.7239828373818717,0.07743826338838773
323,0.06848952111075875,0.8338982773824177,0.02162269975188667
324,0.037244823912014634,0.8893431994993326,0.011476973903376616
325,0.037394534588842454,0.9013567716222498,0.016790147529085375
326,0.05119985229488244,0.8826677149584082,0.029001883487160113
327,0.057580070255938295,0.8734067677496119,0.03522837969263503
328,0.048034181339132766,0.8966091039554396,0.02948872721780772
329,0.02849012089082797,0.9364726553019072,0.017061896863347203
330,0.18274731334441513,0.04783548193009956,0.18279344025101632
331,0.19098998655449814,0.04742237648933688,0.19365952380171458
332,0.18588216155531345,0.04827438609693651,0.19031218815092313
333,0.18918828560251405,0.04694274615533923,0.18717272787982397
334,0.19842461207004894,0.04086141787876671,0.1877245326649816
335,0.2220837587917958,0.032363257817206684,0.2067776094085066
336,0.2695599420681322,0.02777321407824522,0.2520558995916694
337,0.3321633984102225,0.03259112411019802,0.3182692301045918
338,0.4339741453751378,0.054611633370332646,0.4052522908148724
339,0.5029757680593308,0.14302012730515365,0.4325967764563907
340,0.4602052741352192,0.322640260511315,0.35568719751656397
341,0.3257565037079889,0.5432291608289479,0.21348667013026185
342,0.16394268175002755,0.7320099020471112,0.08048478169531254
343,0.06525240439550625,0.8434598340935379,0.02186165566563821
344,0.03509149799292592,0.8969430228935565,0.011866939042028336
345,0.03383479367830732,0.9061540999923863,0.01597313938236032
346,0.045098455031580095,0.8860460764044208,0.02664928552112693
347,0.04959246820660949,0.8785965215539812,0.031740658889446674
348,0.04094377174213446,0.9026432458695748,0.02613262907268863
349,0.023289749373921337,0.9441891182515691,0.015439339586911807
350,0.16289417581636367,0.04867356721884299,0.15912901040491512
351,0.17255404028852286,0.04823112223407362,0.16964651481678267
352,0.17169426141600072,0.04845589140428299,0.17289960239563384
353,0.17424854067879678,0.04659277891732807,0.1717642431583667
354,0.18098983710677102,0.04235388492146418,0.1733000344991417
355,0.20141233595560246,0.03659893849417847,0.19244223790835271
356,0.242450201638381,0.0337425520425785,0.23252933315094368
357,0.29840783885753525,0.03754900932354974,0.29203021115697536
358,0.39124480273584566,0.06464828897128645,0.37008534222873324
359,0.4545340063670337,0.16239255039748662,0.39258300254780065
360,0.42029786739564606,0.34349586251457614,0.3253931654232995
361,0.3026428739668499,0.5575656753285654,0.19936704439989145
362,0.15799331390575777,0.7372300299492146,0.08055065349035581
363,0.06541843841827953,0.8468193984488653,0.02521983204056411
364,0.032957700619787415,0.9036231268449135,0.011653187566333488
365,0.03007101033771593,0.9120536889478734,0.015182553322971533
366,0.04158521239908116,0.887749643190665,0.026695713534228675
367,0.04772469284046161,0.8765021532527733,0.03233634795299995
368,0.04117838044658831,0.8967944469049955,0.028067313523851018
369,0.022012200061623563,0.9443812184358005,0.016145762868320312
370,0.010493857508672547,0.9727959444503748,0.011477816501272851
371,0.1350903599695315,0.05578776191399755,0.13732131147582055
372,0.14479558183346136,0.0527534960567552,0.14105387992431662
373,0.14899861668105085,0.048283229075222166,0.14866563271286332
374,0.15316280679415448,0.04428135899417096,0.15177014449976292
375,0.16003668988781256,0.041971709597936696,0.15552525487744343
376,0.18029467133876315,0.03979386863984794,0.1758714353513457
377,0.22010113132019893,0.03941397208832049,0.21565819490791516
378,0.2780547740390586,0.04675031158790788,0.27252079076670066
379,0.35567484171855096,0.09058772737098973,0.3330237239457522
380,0.3979413333277869,0.20433546302856337,0.3385248224603819
381,0.3614521422241535,0.38260024115357993,0.2744691768118031
382,0.26136175053278443,0.576394345634245,0.1696119398958144
383,0.1464820919658164,0.7324715530865805,0.07661745423760827
384,0.07125884598251457,0.834170987634932,0.03166705511124603
385,0.034715997236677454,0.9001193377276112,0.01343831415182428
386,0.029385799555357663,0.9136959082418787,0.014909146261243827
387,0.04357117150142266,0.8866992350497799,0.027473030957163833
388,0.052875527686518285,0.8704271922453446,0.0341512956423229
389,0.047988009760390415,0.8865426861921504,0.030853703405498065
390,0.028461880430077916,0.9330091826199277,0.019052325697491195
391,0.01659065923147424,0.9598017142579895,0.014164003220923156
392,0.12983085574531664,0.06225755351719842,0.14048228655051936
393,0.1432186963668583,0.055717845362044736,0.14339324140832646
394,0.14747107792938616,0.0469478686868976,0.1505624749905193
395,0.14617062754786894,0.041022580989355885,0.14713102138908704
396,0.15032466130869432,0.0387974877465433,0.1464482150627036
397,0.17024340334905977,0.03813057740172476,0.16496144654491843
398,0.2138716565124589,0.037017783523727574,0.20771711091710318
399,0.2788252561577421,0.04844937149868955,0.26491988739305766
400,0.3390519915503191,0.11351257702484056,0.3045369385342561
401,0.3493395070318187,0.2495246572713946,0.28493269660170645
402,0.29946912307739953,0.42733581763946665,0.21685160923837027
403,0.2133572150780909,0.598248223779242,0.13220099594318094
404,0.13315341119394797,0.7216636072830632,0.06892280248368625
405,0.07888859544368423,0.8119101042710031,0.036909109399327567
406,0.04216030498141836,0.8850516024720974,0.017048917244440857
407,0.03299640328153924,0.9071152853638491,0.015193074672604029
408,0.04629180996773954,0.8842163933859304,0.02653085971717914
409,0.05712497879964337,0.8667599526370873,0.03401648699436357
410,0.0527900661301214,0.8805497031505952,0.03159492490125024
411,0.03284540800631185,0.9254983657989901,0.02105843196763305
412,0.020894367042124048,0.9503699774019443,0.014594428007902817
413,0.1839734122487236,0.05026507257531478,0.1825726803019811
414,0.17267531795364444,0.0418207935084398,0.17694738508258756
415,0.1599343274625687,0.036376830464487225,0.16145100431556825
416,0.15677685303809233,0.03392981295036249,0.15228407962190418
417,0.17555380522940572,0.03250019036181497,0.16722549174168178
418,0.22376657790749857,0.029732785035901627,0.2118148352280474
419,0.28986104101520743,0.04691704467747364,0.2653581913957864
420,0.3312225004258995,0.1299737390296142,0.2848365974570736
421,0.3104411411498886,0.27966002205779056,0.24163137521678146
422,0.2408794152687876,0.4519997609087851,0.1640828752295683
423,0.16745702604234286,0.5995460544936028,0.09511485765320596
424,0.11939910765599443,0.7023623493141792,0.05707190172677254
425,0.08580390016103137,0.7879831615205829,0.03744975085719576
426,0.05122009212816884,0.8681384978864696,0.01918911149348079
427,0.03650404896082196,0.899062266544388,0.014512465952989335
428,0.04514553981442963,0.8826444721346732,0.02255945189622333
429,0.05567555424839344,0.8652322642035661,0.02964178451097402
430,0.051816843911195266,0.8778479827680408,0.028247323172829707
431,0.030857361231347327,0.9268812273808671,0.01903331457125838
432,0.018093689869195267,0.9548403327688686,0.013478934180631673
433,0.22182860150032668,0.049518960179293345,0.1947179576767373
434,0.2103622973092121,0.040966169349984566,0.20502197545387899
435,0.1913095049119788,0.03257060961767873,0.19293945506896382
436,0.17609709784077435,0.029316269076674,0.17729506125119476
437,0.16994375132975814,0.027764046708535283,0.16652136617516225
438,0.19070127024948555,0.0250950236367776,0.18277371161825018
439,0.24544348823407847,0.022181973706263413,0.23406244137856416
440,0.3091952079652612,0.050420035314741186,0.2856970860855427
441,0.33197222155552647,0.1489603735164047,0.2881987713076575
442,0.28373583734763297,0.3017342812572679,0.22185480235720179
443,0.19851900748801135,0.4635992685894512,0.13157713621462916
444,0.13657963424248928,0.5897876850243051,0.0728752118568125
445,0.11100540616307623,0.6834560728198046,0.052008830672741264
446,0.08928074951116502,0.7738396043563235,0.03835019875366409
447,0.05564133024838668,0.8609033814347583,0.019724828142709924
448,0.036442417928723554,0.8959994132030201,0.012699088432692622
449,0.04064391283876887,0.8825726913554945,0.01799175885956615
450,0.051104332470187565,0.8621806893778022,0.02474977006567293
451,0.04847217901787223,0.8727823096567066,0.02474421636559614
452,0.02810226762855752,0.9261216069466457,0.017408566901628415
453,0.013644625993170711,0.9573029351627459,0.010472180575636682
454,0.19722338192238612,0.037782425765814316,0.17644114548854328
455,0.19241976237675887,0.02967570430586584,0.1826874239500302
456,0.18751806235333748,0.022583491998223494,0.1847842965653865
457,0.18274354562675257,0.021654065755586566,0.18356518607525515
458,0.18248041349633456,0.02245483201651175,0.181773947432563
459,0.2130469028851279,0.02050811942300329,0.21057229422797044
460,0.28336332605219744,0.020843804275865588,0.27857919164703754
461,0.34879507838679846,0.06770649269907852,0.33154246979987817
462,0.3527742428908832,0.18837240104409142,0.3154653169586474
463,0.27655117760447195,0.3530086854235645,0.22254601044823313
464,0.17607675946564255,0.5059625123980703,0.11889183821801116
465,0.12125727785733426,0.6099905442231891,0.0680545304472828
466,0.10838832081890948,0.6870091014473342,0.057384854537323234
467,0.09259625169606761,0.7724627469155503,0.04589470307621585
468,0.0583324122004978,0.8599440570468145,0.023986166892225706
469,0.0331636101116247,0.9005166837332305,0.011160105380630895
470,0.036308808998625056,0.8839856731607766,0.015146930321969102
471,0.04778903012714259,0.8557120800624601,0.021882152808287106
472,0.04775022888151707,0.8593972815455467,0.022318808535602166
473,0.031222834238779036,0.9088003308423174,0.016539889870600732
474,0.010238055850912826,0.9262404953727754,0.003900775057019829
475,0.015153237201737443,0.8969860019180808,0.004238098698444816
476,0.016824639579903034,0.8848981844441802,0.004853334790648957
477,0.1485561958742196,0.026834610737340493,0.1328648967514768
478,0.15127198295897196,0.022017107589258105,0.14058092036542139
479,0.16184542379904163,0.016501224748972355,0.15565857896107463
480,0.1738014881723819,0.01631205379991028,0.1733620683186666
481,0.1921426505647272,0.019122563634264775,0.19433263029521122
482,0.24584121426424638,0.020820702602366237,0.2526831560251876
483,0.3377842999621602,0.03308872687422854,0.34188796306144464
484,0.4066305064719885,0.10908161327870722,0.39135660051400795
485,0.38993215637142065,0.2636193479862211,0.3486907872588107
486,0.28423727437516416,0.44785110338961776,0.22692385871645274
487,0.1665328591369853,0.5928732245267389,0.11209779979579411
488,0.11355254622675662,0.6676067870962281,0.06842056223122399
489,0.10693568215933555,0.7138055349208909,0.0646240774664478
490,0.09544410463686898,0.7795184543886442,0.055815963556567476
491,0.06333223582764211,0.8575778230951748,0.03289850536778618
492,0.03385788268935852,0.9020615665560794,0.013623368281618697
493,0.03295126790172819,0.8875823409648483,0.013100680790704864
494,0.044081641208867796,0.8536830051311486,0.018826009369593156
495,0.047334577854177336,0.8453691043704328,0.021105513701358082
496,0.0330650609668688,0.889242759034089,0.015579941556127663
497,0.013319107249007707,0.9343410348221584,0.0068962779810900635
498,0.008375197080923833,0.9301098863700877,0.002900101006806406
499,0.012648568338145259,0.9060097719681193,0.0038868369610413206
500,0.0161307551494719,0.8852542077856268,0.005003065117904548
501,0.016693332812433716,0.8796584095836487,0.00570820040518695
502,0.10593248819897888,0.026323723231777413,0.08861876602365026
503,0.1145600314282463,0.019656058787155865,0.1034210720349592
504,0.1332097468362298,0.01370980330815609,0.12576362387559636
505,0.15833111421325843,0.012844773808404378,0.1569120027152938
506,0.1979038882476155,0.0158348699799481,0.20600372146989096
507,0.2770330874986146,0.022289405151487657,0.3002227458138057
508,0.3833792110025557,0.05751167941946776,0.4046570199949241
509,0.4423357754329624,0.17299418650448986,0.437423735435019
510,0.39980583430458816,0.36691858076966527,0.35879474297288605
511,0.2731050098759653,0.5691046747333125,0.21168238519520982
512,0.148470470192244,0.7049718428306566,0.09556872675818122
513,0.09674920347599142,0.7522807636090741,0.06003582077735916
514,0.09384359673973852,0.7649801361874883,0.06202171315293039
515,0.09198777871187337,0.7944623277326588,0.061058716466306034
516,0.07095573325549613,0.8472004512164453,0.04473376023038018
517,0.045335820360868015,0.885776139639987,0.02520721886808337
518,0.03701512987006986,0.8814971562856102,0.017354018520693633
519,0.0424424382506315,0.8531693677558428,0.01853675891062356
520,0.04474475987853639,0.8413991515625856,0.019594412450226778
521,0.033366523690584765,0.8763226340721976,0.01556487935606679
522,0.01807498991598928,0.9171377971443547,0.009188870160026437
523,0.01235126298159668,0.9220470689570024,0.005313165617270503
524,0.013957644294533498,0.9052633748731836,0.005309772105726767
525,0.015485195128180418,0.88789251133695,0.005974891306585844
526,0.015520755266880418,0.8812611265359431,0.006360896964029493
527,0.09416851359757493,0.035527961391082545,0.07525023667495227
528,0.09391730891531215,0.028461309076718712,0.07433043386764346
529,0.1027239284089932,0.01908665320415117,0.08744759645312634
530,0.12250996146819786,0.013187210734766645,0.1133335599851275
531,0.151533358577456,0.011904415167795543,0.14884264800590166
532,0.20200984343644413,0.013688174966116054,0.2161656519734003
533,0.2918685885457433,0.023752974069034333,0.32790644432856714
534,0.39273310386361493,0.08251580114739866,0.42870655165541505
535,0.4318107425604597,0.23214976975190343,0.4402745782772298
536,0.3687834702410562,0.44989308775558967,0.3379358755485795
537,0.23658020045525735,0.657734181635963,0.1835095119403277
538,0.11884002602584566,0.7848941022820635,0.07542472256778614
539,0.070009512881531,0.8220273628473633,0.04240889875258408
540,0.06831127006667335,0.8197317355359776,0.04579983202602069
541,0.07561711697272881,0.8231390616442709,0.052532149697470054
542,0.07102521354154614,0.846562831468133,0.04869422085861192
543,0.05662449295176535,0.8687039872987903,0.03660866262259537
544,0.04444108665704584,0.8715598284649517,0.025255025319882104
545,0.04206706750705663,0.8560879045064661,0.02052731924387232
546,0.04047549560508216,0.8501095637093435,0.018815570074751722
547,0.032346083863482145,0.8728441738348051,0.01591387999111638
548,0.023862158032146502,0.8982085303034307,0.012128014268534564
549,0.0206348145467398,0.903904533593011,0.00978269308425145
550,0.020424499020542938,0.8963834860920546,0.008399837990240326
551,0.018787690704731963,0.8878753949372513,0.007746027018383544
552,0.015866102612399176,0.8855994394401665,0.007442291794874859
553,0.11167027843234129,0.03146422321126359,0.08305109717609457
554,0.10864138882566353,0.02656198186916115,0.08484663914492367
555,0.1100048373096483,0.01841409764427457,0.0922243786181541
556,0.12664325919956312,0.013168487641192715,0.11487870152353932
557,0.15796152250070014,0.01202758873807625,0.1522170063793814
558,0.21218707442592186,0.012975040623496883,0.22408785641441797
559,0.2932802921987033,0.0244769968081482,0.32706339442854654
560,0.36806730895520906,0.09487898014291038,0.4048031871438612
561,0.3819054920343492,0.25795866056731986,0.3964094683192282
562,0.31156929271649075,0.47970103515081647,0.2934228304263017
563,0.19370936372087694,0.6841065072575044,0.15795863835215487
564,0.09541622077277914,0.8052823496748521,0.06561635757209859
565,0.04914332703146583,0.8499659606443891,0.02897994999806599
566,0.042817646963472705,0.8610336561517635,0.027066510290155638
567,0.051889387611262335,0.8629557629171605,0.035987319035978266
568,0.05777625970278216,0.8680321215510661,0.041043213469396676
569,0.05381063315310222,0.8742975969101651,0.03665607790333223
570,0.04471807292189621,0.8756012470203244,0.027461015457190336
571,0.038707155180243945,0.8693575672312054,0.02025880499456425
572,0.034246125116075284,0.8699898784057881,0.01670299209161354
573,0.028691019329260003,0.8826214177243036,0.014521059531735037
574,0.02588807603484543,0.8915730670457469,0.012816972557808155
575,0.026230459716527082,0.8911785947947254,0.011641906358078893
576,0.02714676755025469,0.8871419921611051,0.010116323952178794
577,0.025904299956223942,0.8867004377739618,0.008797910376705225
578,0.1443060267529867,0.022840517448217086,0.11463251687058407
579,0.12825537433590117,0.02043543468524538,0.10268500708629871
580,0.12191934552628952,0.01556455860741012,0.10249592672629375
581,0.13466086164966784,0.011983535932911245,0.12008625728876574
582,0.16962928138687938,0.011249452882579253,0.16129073943617822
583,0.22328570458144775,0.013880663100317141,0.22808176094637278
584,0.2872956499397248,0.027031745122379484,0.3058532512317671
585,0.3358563789033221,0.09131983098475485,0.351508477867874
586,0.3324424774617135,0.2416845560610319,0.328788529120687
587,0.26657703195714927,0.45531016527736246,0.2408975800920431
588,0.1697294031873144,0.6629556935839607,0.1381910744789577
589,0.0869443686762847,0.7948391021663062,0.06246735537435729
590,0.04178585412454147,0.8528173135870937,0.02471389068222559
591,0.02843771032219987,0.8814052796764348,0.016158437797761667
592,0.03106856040337263,0.896865522021997,0.02075452245139
593,0.03687027078174176,0.902029499208523,0.025671316913068197
594,0.03848782376945676,0.9013379744391347,0.02511461470633557
595,0.0359633047219257,0.8967707584363159,0.021766672176315446
596,0.03203139259565766,0.893192981685174,0.016384170254860636
597,0.027491004420366227,0.8975359949073799,0.01298565340609543
598,0.023366795554755064,0.9032814103791372,0.011185994912967368
599,0.02237040164125739,0.9035792399072253,0.01019142887289042
600,0.024556941615513268,0.8969863325265706,0.009740059772326375
601,0.028248816251194696,0.8905143626590336,0.008636778818425379
602,0.03012036173357903,0.8934467575267736,0.007798668744967921
603,0.18244676531187407,0.016962914310882732,0.13839574735921034
604,0.16300083227617793,0.016649843626357956,0.13158197128190058
605,0.1382092148795765,0.014727640085366828,0.11229022571783445
606,0.1278914111462139,0.011808150438337868,0.10542030067851853
607,0.13919752215243938,0.009365252630793854,0.12022638942965412
608,0.17374142598028333,0.009883190291040223,0.16157522960703716
609,0.2228858308253438,0.016846241862020273,0.21819503251452899
610,0.27187984849045055,0.03137325314521614,0.2663871433472892
611,0.30156081445234234,0.07567332127329572,0.27934724105648684
612,0.2924826112445444,0.19330730811175056,0.2479115519913806
613,0.23781157581090098,0.39043333921753137,0.181147043212564
614,0.16021001181213054,0.6089920951413296,0.11116221915702522
615,0.08675285359661256,0.7688894586087689,0.05464542010122839
616,0.03975119352127651,0.8477002316822079,0.021269103307876052
617,0.02282380261108086,0.8817348284753695,0.01029413158335641
618,0.020080832463451048,0.9081707403088443,0.010914417445596795
619,0.022357499743264755,0.9236084880045539,0.013591915539557006
620,0.021410420240746776,0.9324035975570835,0.01303477531582299
621,0.020467260079635,0.9304098867838385,0.011244721037592437
622,0.021953124078335155,0.9225751617850527,0.009245296612241282
623,0.020534501204214278,0.9241270122697827,0.007970319355819922
624,0.017525872310556804,0.9269976101752979,0.006694734711184518
625,0.014943349774606584,0.9282588277792702,0.005479839605082286
626,0.01568315742705344,0.9234954019970862,0.0048136187053227685
627,0.02048475360550511,0.9149744679306936,0.004838076735157029
628,0.024986206209584524,0.913372413768918,0.005235031843415792
629,0.16928351247256646,0.017844162065183994,0.13068972469693554
630,0.1531689697939273,0.017044351480079205,0.12280753218638385
631,0.13327389400689016,0.014431529517440372,0.10480815873341971
632,0.12631343972388248,0.01135079575558277,0.09887805112309334
633,0.14034762144908655,0.008348778425421593,0.11560812236393402
634,0.17058758494817616,0.010169655418251164,0.15175169564424837
635,0.2114106545929949,0.02029549100848525,0.19551861242244334
636,0.24622844584260092,0.03502545176210315,0.22091025499614203
637,0.2596041380367286,0.06021049627854936,0.2106694747735776
638,0.24656162739695228,0.1421046390768076,0.1716401393088636
639,0.19958061525087567,0.32051875813989394,0.11822812210605115
640,0.13561557885892955,0.5484869455750189,0.07060147261537372
641,0.076286858987356,0.735201907560861,0.03630991263589513
642,0.03559445981031412,0.8349522124951859,0.01462456908167999
643,0.021171811217358977,0.8705401057973339,0.008380226264404548
644,0.018466699287500055,0.8946391220593763,0.007696613508916791
645,0.013075945482870112,0.9485511046399586,0.004333134014860181
646,0.017393022977597882,0.9399210378515918,0.005681860880573252
647,0.019145279955293987,0.9363308774431338,0.006196186422131695
648,0.01584811962322923,0.9403769186165566,0.004954371819149242
649,0.009450682987344965,0.9495954173159544,0.0029832246018115975
650,0.006450186689382645,0.9531858367652768,0.0015837308013462678
651,0.009795984298483263,0.946220441424945,0.0016540713360545243
652,0.15323783755391493,0.02329862635811133,0.11636346583903467
653,0.14107013883930836,0.02379489380383759,0.10529641926248333
654,0.12938599996747688,0.02162328369634018,0.09382768519919549
655,0.12964880874905124,0.02003298056997027,0.09548223966695817
656,0.1456429416368349,0.017176925363504045,0.11582158227127326
657,0.16790438045890002,0.018879348712944524,0.14333357485183257
658,0.19621917300199412,0.027045587182619804,0.17063242502586312
659,0.21673586960009292,0.037468186496416755,0.1793362687441552
660,0.21549455121323163,0.04865741871734808,0.15583706794388186
661,0.19524519487112701,0.09903148309708483,0.11291372547681837
662,0.15162026300263878,0.25663088831212416,0.06922047041858981
663,0.09983991414047445,0.49075711960627916,0.034326485733720734
664,0.05898912788554399,0.690444876918808,0.018330075820837313
665,0.031099341427340808,0.8059919512598523,0.009261320057656354
666,0.021652110694576242,0.851360285852753,0.006774482396380648
667,0.018411902781998217,0.9420363256976263,0.005751734863193776
668,0.020473721007034682,0.9394477430660375,0.005938958972309465
669,0.0161161577538845,0.9451801146814778,0.005048057845957286
670,0.008001272597293432,0.961726898369741,0.0026105086791928457
671,0.003112370246015746,0.9715140386137067,0.0014867406240055181
672,0.005057715019015872,0.964397299107697,0.0011621744856793344
673,0.1541669491405524,0.030246693417921133,0.11649174794396755
674,0.14695382251341257,0.031168789415356793,0.10421011841608001
675,0.14757552812370175,0.03143298822086095,0.10353022858724518
676,0.15795279090958192,0.03331706107875876,0.11563112003024373
677,0.17402016180623855,0.031775618683048026,0.13752901704505038
678,0.1849312668219139,0.03180739133896179,0.15438978504152426
679,0.19095584640025662,0.03415079551391658,0.1583251249698411
680,0.1928278912096743,0.03861973882310504,0.14690629156273402
681,0.17953933151608284,0.04184501549006634,0.12144524474166132
682,0.15499738430997842,0.07613491140401377,0.08157442184024412
683,0.10737463026789644,0.2328278225926013,0.03831254372999203
684,0.06427765652587883,0.44552253584392787,0.014978975072412531
685,0.04453966430062721,0.6324024171922294,0.008745049230489646
686,0.029937960548853074,0.7558722484106114,0.006575211367333076
687,0.024902341521314722,0.8053903691815899,0.006263497838796157
688,0.003894853564521339,0.9734365561570868,0.0013115131406741044
689,0.17484503835181883,0.032675518583967715,0.13683083558432432
690,0.1851793477745221,0.03706653575687141,0.14358581743061527
691,0.20437687146256875,0.04170957095169361,0.16418038865224482
692,0.2184286113704675,0.0413035226554464,0.1840537379497407
693,0.21745085832784988,0.038710334287842534,0.18830254955988937
694,0.19895282223795482,0.035960633526063,0.16900031307284494
695,0.18454571991137358,0.0384346554064189,0.14013126158624228
696,0.16874769415174629,0.042648915320118774,0.11776675970684355
697,0.04555000025051411,0.44630391988723317,0.00666594961797523
698,0.039264256638260754,0.5770764216445758,0.00669321014930094
699,0.033573904429738746,0.6832003762771481,0.007001988008972385
700,0.031777581691343273,0.7342381810577835,0.0070698192205375255
701,0.21387383748979039,0.01841663853883885,0.1741600601159557
702,0.20158641182981304,0.02613024976433161,0.17242532987572062
703,0.21123585186261198,0.03451891471012195,0.17981480586574144
704,0.232301150400093,0.04017203359758615,0.203410992302774
705,0.246343649495035,0.039594676881151175,0.22210620863767047
706,0.23807756283245604,0.03415313158060063,0.21401877657534357
707,0.20895729305626437,0.028782509545004786,0.18721132937617835
708,0.04066081594333674,0.5505188031000365,0.007358741901826633
709,0.0386741424096209,0.6187140477240801,0.007297656875566968
710,0.037045770631411665,0.6516096682838411,0.007186626274422313
711,0.2031136092157099,0.013148750738234485,0.17528580455540224
712,0.19374183097526534,0.020702034435677155,0.17246069334172226
713,0.20236489226796778,0.028123458306686108,0.1792552956499253
714,0.2220577580519404,0.03157600328675818,0.2009673093305984
715,0.23823096525080745,0.02857249615892143,0.22131037836224768
716,0.23115200494355279,0.022303567498104724,0.21809418070863343
717,0.21042935692457512,0.0166024124835037,0.19981354017232278
718,0.039282226180683666,0.6149745581661166,0.007065837914913806
719,0.17683483014081589,0.012007422475514326,0.15641065339560697
720,0.1689257005999275,0.01885294778596123,0.14658596467129653
721,0.16977991694726957,0.024436414345286987,0.1460089324318602
722,0.18039817540416156,0.024823978914034334,0.159254688012657
723,0.19530311441741258,0.019982285338377547,0.1789812374428182
724,0.2089425881200505,0.014282624127070934,0.1986305361423179
725,0.16308667489843323,0.013321588323442223,0.13603170215039992
726,0.15601543067113935,0.019328993304025703,0.12524644545382735
727,0.14782192971510977,0.023456051051867138,0.11537277492920875
728,0.1419014763491222,0.023670803646279402,0.11431953674934375
729,0.14596094761792408,0.020278123134534445,0.12202198072782595
730,0.15044652880113896,0.020843160845200367,0.11552427103335976
731,0.14278005047101922,0.024307783078466316,0.10701828326686992
732,0.13126190421858588,0.026256327963941492,0.09667872982657492
733,0.1222861934904658,0.024512737649855742,0.10232740438013824
734,0.1449485339542188,0.013005970750440105,0.11424461453818714
735,0.14430448627355377,0.020059286103877465,0.11521212164682722
736,0.14002320913729466,0.026932941432820854,0.11090069088224899
737,0.1358426317392512,0.031689831247136147,0.10524011857343263
738,0.13109692656480662,0.013601684213043407,0.10355388972516019
739,0.13233033374862285,0.02096204239471439,0.10436141443456784
740,0.1331798264672006,0.02851546561920042,0.10543116048310135
741,0.1359333713237069,0.034763027660780536,0.10461025773711863
742,0.11473225100752286,0.018161010327986022,0.09335550668427596
743,0.11599321503299692,0.024195173870896564,0.08908567759620162
744,0.11890506608185075,0.028414446367017156,0.09166357381542042
745,0.11355347517765256,0.028572997734133507,0.08235038533358337
746,0.11488696599924311,0.030101050206209692,0.08417885783516325
747,0.10947250598023965,0.03190915659944911,0.07680575668990805
748,0.1069696425033959,0.03353463238601894,0.07403037929227138
