fid,X,Y,I,BUILT_AREA_BLOCK,NAT_AREA_BLOCK,INDUSTRIAL_AREA_SURR,ROADS_SURR
1,8.481,45.309,1.08257430912816,0.07371326790173686,0.04129845252776948,0.03959870294714681,0.39680193511007955
2,8.547,45.177,1.0833825705424225,0.05054711287593816,0.0535243573903947,0.024787974896780855,0.4012346837940466
3,8.547,45.243,1.0593091939361552,0.07332752299783828,0.03848931876782355,0.04874505266452755,0.4041784697575748
4,8.547,45.309,1.0872510728064135,0.07825567252157122,0.03208679112010832,0.04132998199733206,0.37156450097164834
5,8.547,45.375,1.130182003884078,0.098471028268474,0.020587060457966554,0.06636075486902668,0.3941540513010002
6,8.547,45.771,0.65806930419789,0.2758375039470284,0.33310985854226965,0.13753769047318082,0.43646266079297374
7,8.547,45.837,0.6010554042039342,0.24654925262993893,0.32558486192618585,0.09702646493799508,0.36552981619148694
8,8.547,45.903,0.5303801956336928,0.23962243319263857,0.25095013631485896,0.1089870928697137,0.3360045213292075
9,8.613,45.045,1.1057697803641766,0.05912828683977411,0.055298689043417885,0.03581187936202383,0.3446437968823063
10,8.613,45.111,1.113720640481033,0.061042480058022534,0.052608597456321016,0.036877985343161224,0.36723481832599375
11,8.613,45.177,1.1242640472832106,0.058972213046709875,0.044390847012166945,0.03620083570499736,0.36241135884961767
12,8.613,45.243,1.1017420728473029,0.07335716992265554,0.0364606554176921,0.0457740549936657,0.3896536106212116
13,8.613,45.309,1.1395328024314062,0.0757802756204338,0.03018302780196633,0.04055932632564046,0.36771526624338396
14,8.613,45.375,1.1966343209287649,0.09481292779930957,0.018263895687516626,0.05964360224075433,0.3954606578886763
15,8.613,45.705,1.0003104411965258,0.31799955762378107,0.48589828897055776,0.2053015891762102,0.5311482915663536
16,8.613,45.771,0.863805736615604,0.33805206062472504,0.41942967146969656,0.20916169107514526,0.5533923586285218
17,8.613,45.837,0.6166396927438695,0.2863387874766246,0.43378782045687647,0.13355228859175408,0.46161894803098985
18,8.613,45.903,0.594464440208953,0.27768508808549414,0.4001893440536249,0.13685873322026912,0.43958542016583024
19,8.613,45.969,0.3983362635523583,0.22534490684141767,0.4389805831861551,0.07944405901288408,0.3752565575493133
20,8.679,44.979,1.1093389886171356,0.05862535551962705,0.0902678238009741,0.03321273804281259,0.3074651322327063
21,8.679,45.045,1.1239439312717094,0.06923185181031176,0.05919668893293218,0.03721182767680273,0.35957034594641263
22,8.679,45.111,1.1319674755939104,0.0648063190038384,0.04915453837078417,0.0326756238232839,0.3760637642182384
23,8.679,45.177,1.156457707463152,0.08445335701383522,0.0355922427411169,0.06117236477827058,0.40223600924451164
24,8.679,45.243,1.17767555952239,0.10071436167129787,0.03071883655450558,0.07470698307757596,0.42063084805956624
25,8.679,45.309,1.2216077003274344,0.11678048971821171,0.026333988339831263,0.09782224872440189,0.42759393386947403
26,8.679,45.573,1.2653580156828603,0.4738027072864026,0.42045462158442853,0.5751153290761154,0.5864624959199599
27,8.679,45.639,1.2080349371598436,0.45600016501017376,0.4669890809083597,0.4626361474077572,0.6161284265718582
28,8.679,45.705,1.1320662466217817,0.39772420447057516,0.47593009076023995,0.34282266227441394,0.5180928718702713
29,8.679,45.771,0.9978894535578128,0.32923730485147434,0.45779091398966093,0.18000334998653159,0.49804142389844125
30,8.679,45.837,0.7899378657980569,0.27616926351018806,0.5004762159068054,0.11937886202623525,0.39804430973453464
31,8.679,45.903,0.6308865236852288,0.267685942889284,0.5042373110129311,0.11473863698595332,0.43110332012417063
32,8.679,45.969,0.4069192582475915,0.22329120356438187,0.5643634214405069,0.07928519985619459,0.44140743217040845
33,8.679,46.035,0.3008259381062228,0.19026803002939763,0.5075798484450308,0.05456362186181991,0.4405007304488558
34,8.679,46.101,0.3139652321603933,0.11038905015419666,0.5426819433212285,0.011932240419960166,0.3630866770452064
35,8.745,44.979,1.0820838353393072,0.07407543913419647,0.09270385417685545,0.053048201815041524,0.3686581246725588
36,8.745,45.045,1.1153123074172584,0.0813449132261228,0.05828989645987288,0.06223962702400192,0.40732197590262376
37,8.745,45.111,1.139693446241301,0.07295382705236961,0.05727788206906904,0.044088130982583414,0.36444631068434297
38,8.745,45.177,1.159381211244266,0.09108935614617113,0.04272128358267946,0.07633908522057607,0.41248968318473456
39,8.745,45.243,1.2251780505277128,0.1183181459844039,0.04590226856207731,0.07774791634379721,0.41163825617572153
40,8.745,45.309,1.3084663786790616,0.14727752108740097,0.049632507742361866,0.11925458757961933,0.44040064535710444
41,8.745,45.375,1.366772547784818,0.16334713104499915,0.100600413919987,0.13319928053787328,0.4662473594057773
42,8.745,45.507,1.4210963165043546,0.3613268522449617,0.30396575548160654,0.3291256922168684,0.6381495128232878
43,8.745,45.573,1.4384362378189757,0.5259878220762483,0.3080576447085687,0.5383496617307953,0.6980650669096646
44,8.745,45.639,1.3710579646337222,0.5550856978009195,0.3890212840238337,0.38706506619621933,0.7740393273155155
45,8.745,45.705,1.2372438659027294,0.5252138156562252,0.4099787218885609,0.42370612919593387,0.7170407112831662
46,8.745,45.771,1.071522572633592,0.43880091744819966,0.44776262917622867,0.24225603400180537,0.6567512545431873
47,8.745,45.837,0.9179809038787932,0.3294191470164823,0.5547786531088051,0.16419996164625336,0.5651667354263264
48,8.745,45.903,0.6246538493692779,0.285849091420709,0.615462492235037,0.11968575192275026,0.5142181014819439
49,8.745,45.969,0.5208022237222604,0.18439388066141402,0.7043993851398304,0.04682017563044613,0.4003468569864099
50,8.745,46.035,0.3346090184039625,0.16408777740596261,0.6558213802560098,0.04644799497312793,0.4143589490050542
51,8.745,46.101,0.2900187192275748,0.08339519503280446,0.7069679603216767,0.009350499983295962,0.33165951761565077
52,8.811,45.045,1.130684579348418,0.12379180235141671,0.06844213481249073,0.13296420265742445,0.404351355625848
53,8.811,45.111,1.160627209243911,0.10100508474350023,0.06283719149526179,0.09571384471692357,0.3870722304697797
54,8.811,45.177,1.1830339359834845,0.12094883323355915,0.04469307133692415,0.11704616015298139,0.44390090645423474
55,8.811,45.243,1.2555241585890118,0.1694549836982932,0.05762762698565803,0.1308663417090576,0.49588049340639107
56,8.811,45.309,1.3579824008797794,0.19443196264646231,0.09643029655516323,0.13977243452315363,0.472113836984456
57,8.811,45.375,1.4261526219461635,0.24498245059280307,0.1359821804146544,0.19481272523095142,0.5054413492018611
58,8.811,45.441,1.3993266777250355,0.284202331618785,0.16769903031609584,0.2512906150786895,0.5100996114599664
59,8.811,45.507,1.398231565076376,0.44283729610817213,0.19435779414387955,0.3795219160993192,0.6756129066431424
60,8.811,45.573,1.4451981083192402,0.6210735152677122,0.20428582848911542,0.5523826028581954,0.7611305581357286
61,8.811,45.639,1.454959815105192,0.6457803371575525,0.2898173509306503,0.5084759043089896,0.7450080100686005
62,8.811,45.705,1.2985351742838696,0.6280997872946193,0.33198674566471326,0.47428683681061967,0.7508899519568285
63,8.811,45.771,1.1294988524384528,0.4757425083439795,0.41873008240675436,0.2635056117609524,0.6363709121795053
64,8.811,45.837,1.017379795148912,0.3563612484605671,0.5456373162140727,0.16033727073623397,0.5282743546729018
65,8.811,45.903,0.7257564073958153,0.27980843836266683,0.6457514645385473,0.12051889749492081,0.509413415226574
66,8.811,45.969,0.5435921998465566,0.1737270728628522,0.7441482651114817,0.04890502461175864,0.4243392033648323
67,8.811,46.035,0.3860379654997272,0.16281124151404885,0.7116281050456564,0.04474532239272218,0.45680818328862455
68,8.811,46.101,0.2801427954639732,0.08239736545271473,0.7170943775531307,0.010103118926836078,0.3164425121949846
69,8.877,44.979,1.091401102160807,0.13867733668133722,0.09762546965733071,0.1513802831516653,0.5889197483363214
70,8.877,45.045,1.1187166748331625,0.13999191496993535,0.07210603430314154,0.16175094141912508,0.4982851310788945
71,8.877,45.111,1.1656645909872876,0.13207422028304872,0.07579352565170594,0.09828366026919659,0.44048300300455745
72,8.877,45.177,1.2424189338657388,0.12152256162804995,0.0842274253877957,0.11262771920827253,0.43141788109057577
73,8.877,45.243,1.2805592995410704,0.1563376745369756,0.13496741877355986,0.11215156923690259,0.4400499171909211
74,8.877,45.309,1.4186397950243834,0.172841192732036,0.16884595768754457,0.10338118575971991,0.4200876132615075
75,8.877,45.375,1.525957453242543,0.23452688036567076,0.16959072889299565,0.19401061749414944,0.5010530688024117
76,8.877,45.441,1.522644419366451,0.30938568954674794,0.12069496858681593,0.25244884811679286,0.540565998220162
77,8.877,45.507,1.5281656530872771,0.49282688692686827,0.1107314621699489,0.38848294093155206,0.6712958200835024
78,8.877,45.573,1.5063911795699574,0.6531206840308956,0.14855234885525123,0.5310207813153928,0.8138072640631501
79,8.877,45.639,1.4779824963643722,0.6652580171588655,0.2608726309359684,0.4595486535333131,0.7471802101372826
80,8.877,45.705,1.342316129420614,0.5930992210018241,0.35139183761997544,0.41008659810000037,0.7930254362372938
81,8.877,45.771,1.1606180143434186,0.49548422960436683,0.4229788640252481,0.25396049118469005,0.6828783796726786
82,8.877,45.837,1.0584920194006089,0.401429097046683,0.5292791870283741,0.1775899619448261,0.6314793071754521
83,8.877,45.903,0.7249129717795477,0.3175171871323783,0.626739206039728,0.1353413989906306,0.5820525702416346
84,8.877,45.969,0.5841329906936124,0.1522070078584826,0.7940869124482944,0.032103602690570957,0.3859616425380052
85,8.877,46.035,0.3334765700101575,0.1341417602663941,0.8253293749760771,0.01894394403016834,0.37836817430230346
86,8.877,46.101,0.3203353961920555,0.04354488972626446,0.9409196991845648,0.005733517562497309,0.25723738092562476
87,8.943,44.913,0.7158121521741176,0.3237432008192539,0.08250403330591684,0.22905968090489176,0.8715981794416321
88,8.943,44.979,1.0004473562309564,0.21060390780242902,0.08217053894539032,0.16492380813370094,0.6529381393908603
89,8.943,45.045,1.0935039017510242,0.17534792927607784,0.06921594243627048,0.17770078164672354,0.568559062554677
90,8.943,45.111,1.1750111183550316,0.13702800351492417,0.07361986872720767,0.13828795424640675,0.48824266193581733
91,8.943,45.177,1.273017427115073,0.1290364106546273,0.11397311839064418,0.10440752926601239,0.43912502214484267
92,8.943,45.243,1.329613285407282,0.1668243187166281,0.1534088896343338,0.11497102938063623,0.4772647071979947
93,8.943,45.309,1.4502372697207764,0.18040391870623124,0.1762473654090794,0.13355856851859899,0.4766687820447137
94,8.943,45.375,1.5185732362837807,0.23642541463299227,0.12679411999997262,0.16128644136281867,0.48235619890359127
95,8.943,45.441,1.6209247287459272,0.3444461536467986,0.08180460875648286,0.3119737727034399,0.6149356587980592
96,8.943,45.507,1.63030545521131,0.5335951578910224,0.06705544178945849,0.43279958890019476,0.6952871643963989
97,8.943,45.573,1.5815430589193469,0.684819161940231,0.11134701329864342,0.5749783235490111,0.7961474063861333
98,8.943,45.639,1.5030418629131317,0.6397861352606573,0.2104312804021155,0.4946652909862356,0.737780234376966
99,8.943,45.705,1.374758289201608,0.5469560544455876,0.3152243410691291,0.4243901117160603,0.7564042303545125
100,8.943,45.771,1.1943466296862244,0.45308084722866737,0.40168383632684773,0.28183995012018626,0.6820205925035201
101,8.943,45.837,1.1322275429730024,0.4081981862836917,0.48785364388507446,0.22001857499521685,0.6388564359670061
102,8.943,45.903,0.7056791048826303,0.30249271882243595,0.5970374955411528,0.12490630722427896,0.5241599071431977
103,8.943,45.969,0.5195650943524451,0.1567272492442613,0.7285596410309901,0.03651309746670381,0.33566719888230584
104,9.009,44.913,0.631486965517875,0.1993729137679925,0.2589410719570749,0.14939325834100192,0.6874639433680545
105,9.009,44.979,0.8936137205408203,0.180148206134501,0.14539709528583272,0.11266857974708487,0.6395683343498618
106,9.009,45.045,1.0484967918031167,0.15795418142847303,0.07337443963204694,0.140936466312022,0.5934311901044983
107,9.009,45.111,1.1484218983301322,0.12182691384286622,0.08155275041029597,0.10422703003242408,0.5080061239940314
108,9.009,45.177,1.2827219623826394,0.1137947847152433,0.13280821428505,0.07875055243626762,0.42762132196585645
109,9.009,45.243,1.3703033005910403,0.1375656530480042,0.15715703832632602,0.1017285536175728,0.4745854783964418
110,9.009,45.309,1.466078956152564,0.15221362699065155,0.13677203498162196,0.11087276309974972,0.47229524057945066
111,9.009,45.375,1.5347024561522602,0.24223297901177898,0.0828802329280947,0.21239663643353715,0.5322286190623815
112,9.009,45.441,1.6382264763930194,0.4075861078275619,0.053844101845561425,0.44471427791535634,0.721559265641555
113,9.009,45.507,1.6474079701274078,0.5945643929762792,0.07950354151927291,0.558773992191644,0.7704128178225799
114,9.009,45.573,1.6287066103205063,0.6734099108485518,0.1319016907969578,0.6071030568469835,0.7797065655830834
115,9.009,45.639,1.530661134250464,0.6057893235218911,0.2110494361379378,0.4653368911519153,0.7038781886163132
116,9.009,45.705,1.405576154980112,0.5227881907080416,0.30115829254315296,0.39673800286199307,0.6883825721660418
117,9.009,45.771,1.2533077723167425,0.47070903312145185,0.3739935305614636,0.27709800824925307,0.7253418798494653
118,9.009,45.837,1.124438216495121,0.4192376548040509,0.47555223193544166,0.24407294887658657,0.6853287251840111
119,9.009,45.903,0.7378204431126716,0.263160248131045,0.6203481083992912,0.07885156352792608,0.5244113183737108
120,9.009,45.969,0.4770188363860308,0.09457336618549526,0.7437744303488958,0.015418087285281391,0.2618642820912901
121,9.009,46.035,0.3436494742291831,0.08920806342930043,0.7367836599223079,0.012786585304267475,0.2726230642711234
122,9.075,44.781,0.3955031960667337,0.0535471328569223,0.6131457565228521,0.01591806994758285,0.45524698045787476
123,9.075,44.847,0.6446282876408238,0.07781572011650857,0.5321899161662922,0.025511939335647237,0.4952026884974051
124,9.075,44.913,0.5344330704830436,0.14907086541747455,0.36227334229995856,0.1004226861383641,0.6383150816640473
125,9.075,44.979,0.7725153238533651,0.1728279930817302,0.20628135641683146,0.11498358791263621,0.6837926051716613
126,9.075,45.045,1.0504979284209526,0.17695378448255203,0.09121442761734054,0.13083833326488659,0.6377667054145294
127,9.075,45.111,1.121580441422044,0.17459869039039272,0.07982225816459164,0.14808027447302236,0.6045480650585855
128,9.075,45.177,1.2756627110038647,0.16838488778584512,0.10694035077390915,0.133628953202186,0.527996692588768
129,9.075,45.243,1.396213521706021,0.19998531180126417,0.09253137994940432,0.16480446845180463,0.5402468232577267
130,9.075,45.309,1.4617821494914378,0.20910928076041294,0.06983855933701,0.17762102098796623,0.5617489370807681
131,9.075,45.375,1.5486768065988623,0.3713094291334526,0.03820621035972511,0.39175444660241143,0.6832525746117223
132,9.075,45.441,1.6396095822233965,0.5806968785405504,0.04072922233459955,0.60154390900069,0.8142672382664637
133,9.075,45.507,1.6664891089856204,0.75191727879483,0.06562090892116493,0.7227699669351599,0.8732582209252737
134,9.075,45.573,1.6390413225424736,0.7885301838815785,0.0971844487311867,0.7413655381586917,0.9177261464708689
135,9.075,45.639,1.5746314153544465,0.6958127427361847,0.15422364732114702,0.5458952981807873,0.8659218195599157
136,9.075,45.705,1.419474514023289,0.6273693321845952,0.22724979658323277,0.4490741462371451,0.8471460441950137
137,9.075,45.771,1.267152385683492,0.4866227541679197,0.3702061029582343,0.27092605088355304,0.7663768339108992
138,9.075,45.837,1.1241855050364231,0.3507028134838766,0.5234077719072477,0.21391734724523054,0.6005006372900064
139,9.075,45.903,0.7232713817243172,0.15250793344922228,0.6888363585234928,0.03939364296240464,0.4137910811258667
140,9.075,45.969,0.5109301336389448,0.07833446752526181,0.7302087855364763,0.01105195997256224,0.2301676481896424
141,9.075,46.035,0.3116232502211142,0.073489090598995,0.7739766875405183,0.014093784560960687,0.2607058368114545
142,9.075,46.101,0.2892954661514144,0.04745778990176757,0.8241509505817014,0.011260307913837572,0.1748929825197772
143,9.141,44.781,0.3564852587070559,0.05221058906461424,0.6799694979428913,0.01983366327204784,0.4789677881069426
144,9.141,44.847,0.4481108700837015,0.053412299492987224,0.5962717695541059,0.01783867491570015,0.454871703988761
145,9.141,44.913,0.6884877850243561,0.08106846106506833,0.43635435777412457,0.04284497152316737,0.543743813800882
146,9.141,44.979,0.6542812758513145,0.11944682826425507,0.2667388201348751,0.07930398678648834,0.6033414386045893
147,9.141,45.045,0.9445449120797622,0.14548885527228417,0.11479463691761504,0.08124034893508139,0.597563148415024
148,9.141,45.111,1.083453771699301,0.19565569403564742,0.07886129157021139,0.15495141675350768,0.5991871480941817
149,9.141,45.177,1.2726414001763828,0.19218200910345767,0.07099010544347098,0.1034091538272783,0.4886547181846105
150,9.141,45.243,1.3844738954259768,0.2209131219686408,0.06290561073105472,0.1996520064552992,0.5450752257279619
151,9.141,45.309,1.4782690213281071,0.23519197157020338,0.045870962632597614,0.23410347168366766,0.6048722386465974
152,9.141,45.375,1.562671178199763,0.47944575063870054,0.040516563332514396,0.4794898246735451,0.6786176187089418
153,9.141,45.441,1.6525993961150038,0.7487168562868869,0.034621422858428744,0.7755747711879444,0.8580334345205117
154,9.141,45.507,1.692994744398946,0.9364715066900715,0.04682782623012743,0.8816689619448326,0.93944146018601
155,9.141,45.573,1.6615809304246487,0.9136320440192223,0.07893429366638158,0.8311087142074296,0.939808650494542
156,9.141,45.639,1.5964173676668971,0.7948777861847705,0.1479340109100565,0.6026658693081037,0.9088856367775943
157,9.141,45.705,1.4011445095524078,0.6898063644929896,0.22710016089655902,0.49463184673831956,0.9245425240810325
158,9.141,45.771,1.2418194560145956,0.49073191142169703,0.4156595675974815,0.33207753057349343,0.7717965228740304
159,9.141,45.837,1.0455868727459563,0.29051751752501465,0.5930352845908109,0.18820253839871928,0.5997141069707168
160,9.141,45.903,0.6862588299163332,0.13183860403355135,0.6981787165363236,0.032708320445918676,0.3484786050206795
161,9.141,45.969,0.4850159972760126,0.08243833830282976,0.7211511307200534,0.01456941824326066,0.26247182522126095
162,9.141,46.035,0.3693200643729409,0.07574026239908443,0.7649319399274226,0.009584539125431498,0.21415904732834534
163,9.141,46.101,0.2373916914281185,0.04654359533458993,0.8689925500907729,0.012310770379825652,0.13912323064918433
164,9.141,46.167,0.3396042667404041,0.01062172743630272,0.9667488117709875,0.0008901346631668858,0.05372048110622045
165,9.207,44.715,0.1791648357543518,0.028634948332423176,0.8085030116279257,0.009620415930481322,0.4590764698543542
166,9.207,44.781,0.2675204142451926,0.043881128666706876,0.7206404689832736,0.013438958157168961,0.4614938490160803
167,9.207,44.847,0.3492276051044278,0.04940333192176982,0.607228284637162,0.012676107607691502,0.4435207318007445
168,9.207,44.913,0.5881287385160319,0.07020593976385041,0.4446369724346653,0.0240935779957621,0.5463186136462252
169,9.207,44.979,0.6036911669215709,0.1308441118445613,0.2711326277758425,0.07614608006807652,0.6823966434117006
170,9.207,45.045,0.8671985955754072,0.15987876763462933,0.137662589010437,0.10221400530654563,0.6523100976775207
171,9.207,45.111,1.091189456314147,0.22258926008266086,0.08238315315463095,0.1863073506194189,0.6269303721771854
172,9.207,45.177,1.2764070826901888,0.19758164645827603,0.05349035226233501,0.14470668971859632,0.5125955781977972
173,9.207,45.243,1.3826228952196506,0.21929518837696987,0.045886839039499035,0.19590890274468856,0.5362358813226845
174,9.207,45.309,1.4920617279985278,0.2600273729315886,0.04086803608569431,0.26689983526617317,0.615205806012775
175,9.207,45.375,1.5873372699561663,0.512304971105035,0.040498933417670066,0.5861230103798972,0.72609216992051
176,9.207,45.441,1.69176651331993,0.8075792155887933,0.031073509506240223,0.8948069114187068,0.8744569785261284
177,9.207,45.507,1.7130135258196415,1.0,0.027239107056812078,1.0,0.9803078361177872
178,9.207,45.573,1.7069029508839406,0.9811408813124594,0.055238237835825356,0.8738456892709876,1.0
179,9.207,45.639,1.6056025393614823,0.833833606195244,0.1217103260351893,0.6142335478607215,0.9912444413843999
180,9.207,45.705,1.4361984956487883,0.6721778644100941,0.20846131803459497,0.44151309812879264,0.9362380275358371
181,9.207,45.771,1.2771122425750574,0.45016860215025895,0.4142010706065535,0.2894196023144666,0.7486392670546673
182,9.207,45.837,1.0859728629940748,0.25773426585142284,0.5944169662768173,0.15522698619282818,0.5525481972639317
183,9.207,45.903,0.719874815143348,0.12080374450075675,0.658975978201992,0.03925712895931548,0.3306773185581156
184,9.207,45.969,0.5120786063714308,0.08685668698500343,0.6133499339913904,0.014113681051320298,0.28541150905803775
185,9.207,46.035,0.4149472962066459,0.07970510932803797,0.6253131606363991,0.012811458301030663,0.24539110434991662
186,9.207,46.101,0.1900560767438715,0.06508467023526696,0.745744252882344,0.015728596009065135,0.23362802710586938
187,9.207,46.167,0.3582822388729887,0.039159841588576154,0.8636475303296097,0.007710573682277794,0.1327036073073732
188,9.207,46.233,0.3543174867635195,0.02509613543830804,0.9366768991326148,0.004378105498519805,0.05928559496915149
189,9.273,44.649,0.5074281223120045,0.02016458678948022,0.8658609268642086,0.002771101441557438,0.48370428903434537
190,9.273,44.715,0.173708492819179,0.0301583769527113,0.7984439991751339,0.010722228643818922,0.49848134452530934
191,9.273,44.781,0.236520615496056,0.04235468813247072,0.7289411664205818,0.013765135774282178,0.4713863447026036
192,9.273,44.847,0.3090065298457879,0.05016194812173718,0.6153749186478429,0.017303867169300442,0.4900002696664874
193,9.273,44.913,0.5115024717031507,0.06563811297328948,0.42560015039467497,0.018036944575735753,0.5183816022735065
194,9.273,44.979,0.5804874499360804,0.12323272346176635,0.22945340352600072,0.05677891625382278,0.630062577758217
195,9.273,45.045,0.8494740308105053,0.14296053553321234,0.12845316794777734,0.08079952954356133,0.5688305487658339
196,9.273,45.111,1.0628044425620882,0.17667918254068665,0.07965617427252551,0.12501821656545506,0.5730870549882228
197,9.273,45.177,1.264408805342339,0.15918670500200638,0.04566473226811666,0.13234444420474611,0.4668293333748695
198,9.273,45.243,1.3519558258092237,0.184640603432113,0.03111182201105312,0.16503730457854507,0.5109535822907636
199,9.273,45.309,1.5156443342062484,0.2486256516255273,0.031848078262009596,0.25520200316206,0.6137136208704237
200,9.273,45.375,1.6197009468123111,0.42687884359118666,0.034550842687147115,0.47068787646369964,0.6985021392867559
201,9.273,45.441,1.723400204059876,0.6782212971071425,0.03360983755468341,0.693828120889328,0.7790716037235687
202,9.273,45.507,1.7198959384992665,0.8536044572823402,0.02827413375844684,0.8502969678844203,0.8870176807878013
203,9.273,45.573,1.7294726349890177,0.8756161042071474,0.04973896713070645,0.7939410440464331,0.9275569243453525
204,9.273,45.639,1.6451509483271558,0.7478948655914979,0.1181945338059077,0.5996399598377786,0.976533187167891
205,9.273,45.705,1.4344931085561483,0.6059924197256836,0.19901377574061085,0.42585633029106573,0.9340293447512605
206,9.273,45.771,1.2419265024529105,0.4448366022177928,0.3794062507194048,0.27234214334472073,0.7726329561316574
207,9.273,45.837,1.0949625095788325,0.28336414442547964,0.5454209553910008,0.18797355539986105,0.5871279606110249
208,9.273,45.903,0.7355262857788172,0.15146009213648465,0.6434462783233929,0.07783772243242718,0.36274202319041554
209,9.273,45.969,0.5371725279494604,0.08941823147025801,0.6382165093635415,0.022743043537034078,0.3101375009250762
210,9.273,46.035,0.3483727166463776,0.08165338283877786,0.6270866183400233,0.018349804354374673,0.31744973051465486
211,9.273,46.101,0.2339645147267994,0.07120434177801004,0.6896663259551904,0.01614709397666785,0.2822393931922714
212,9.273,46.167,0.3308185244893113,0.04877863609322299,0.7926889117308816,0.009995732228978359,0.16576148403241062
213,9.273,46.233,0.2779279441468667,0.03081390358606817,0.8746241656152993,0.007161167203532021,0.10334448371398335
214,9.273,46.299,0.2688311324799174,0.011021518931325908,0.9710657096521201,0.003151038321457544,0.06517391121681275
215,9.273,46.365,0.1917026461343281,0.027085809142341665,0.912545834851489,0.008157599544187136,0.16109592841089773
216,9.273,46.431,0.1509262878688476,0.023327617850555798,0.9018223324238271,0.008059040794520996,0.19255075047898237
217,9.273,46.497,0.1175586465227967,0.02732376399425929,0.8830724829990312,0.008881889084048694,0.19258562184670688
218,9.339,44.715,0.207618811260105,0.031199472063966012,0.7797778226664746,0.006615961329843954,0.5084707292320501
219,9.339,44.781,0.2484488410495895,0.03670081249053617,0.7276889213251403,0.00757948008828339,0.45225862700384867
220,9.339,44.847,0.2778164485631525,0.04565877126965978,0.61310226194293,0.01278060918966741,0.48905830925579713
221,9.339,44.913,0.4638591541230666,0.06696990256899242,0.4150840562238762,0.019019983264399205,0.5458709892234082
222,9.339,44.979,0.5864026221134515,0.1511526316558471,0.19474809459990178,0.07770249317548769,0.7157960897278691
223,9.339,45.045,0.8433737037397082,0.15515714907464703,0.1137853178892459,0.117162158047681,0.5743444280576054
224,9.339,45.111,1.0507595381704498,0.16807793050800746,0.07384157675934634,0.12739681459845506,0.5348817707847144
225,9.339,45.177,1.2345661922354283,0.15567951422592316,0.044650809734864544,0.1278630731558625,0.46995260694463625
226,9.339,45.243,1.397590888138832,0.18657196787777863,0.03032600974229455,0.17118450860234835,0.555848467775897
227,9.339,45.309,1.545417347848624,0.2385489991099006,0.030584544568581045,0.24297418970059229,0.6236738165647676
228,9.339,45.375,1.6163051810775129,0.3406214161578202,0.03232625157576198,0.39594270492240846,0.6858741453974834
229,9.339,45.441,1.695762602243497,0.5127884011709231,0.03415854501500932,0.6399019119739007,0.780707103205227
230,9.339,45.507,1.7469462382924124,0.6623808126657456,0.03816200045164951,0.7372640692382313,0.8907881494602404
231,9.339,45.573,1.741050853689206,0.7063994098202961,0.06294425722146056,0.64841085680228,0.8602824167256404
232,9.339,45.639,1.6255988006912137,0.6199367460094922,0.1281776574917993,0.4738816343978581,0.8913589297523323
233,9.339,45.705,1.395699289480734,0.5053670685042908,0.23528008132178016,0.3410539811659676,0.8260696566005697
234,9.339,45.771,1.2122475882357364,0.42176891871388933,0.36869059989830466,0.2670810969297039,0.7508358765575178
235,9.339,45.837,1.0943695719714264,0.29908046841603586,0.5309645809002927,0.19680551818817438,0.6066479756802966
236,9.339,45.903,0.7143451058005353,0.18141918839715696,0.6342537034393451,0.1068932323583583,0.3996924503163333
237,9.339,45.969,0.5385358350828084,0.08261311841018198,0.680348883739255,0.028759918675760644,0.3147110672772249
238,9.339,46.035,0.3523855046956781,0.0725218917303743,0.6678181523853804,0.02014336819439379,0.27942588863315887
239,9.339,46.101,0.2039830586224524,0.0926888537322479,0.626977871093091,0.04139764686592224,0.3248564266822446
240,9.339,46.167,0.1864993854199697,0.08146697364432419,0.7022988005678784,0.04411538739680446,0.25902369788392104
241,9.339,46.233,0.336192662047984,0.0813262797967737,0.7532523305525268,0.05551524970937043,0.22825351478455524
242,9.339,46.299,0.3120667262040624,0.041459091117496794,0.8955718301052215,0.02492970761967377,0.11287921712489604
243,9.339,46.365,0.2278576177512958,0.04098940523170421,0.8952309288318077,0.019667192934498784,0.1293363983609321
244,9.339,46.431,0.1722567366752865,0.015572994181579947,0.930540292708075,0.0014162857951809345,0.059480150611051795
245,9.339,46.497,0.1316614882885396,0.018797547637465124,0.9106611701637588,0.006065582029534708,0.13020436603754057
246,9.405,45.045,0.8632640086717478,0.12611151154597058,0.0723352737476981,0.08864580371292587,0.5020671832390322
247,9.405,45.111,1.1017056936684189,0.1619550156408123,0.06535370674471769,0.1296402787039261,0.516657349365452
248,9.405,45.177,1.2877373356867725,0.17677928448882763,0.04901374858821172,0.14858354523067752,0.5102781538414104
249,9.405,45.243,1.4521751394910307,0.23480426281247554,0.044500421381623134,0.2201608827862266,0.6014580927022973
250,9.405,45.309,1.561771294051238,0.24969971334070445,0.0446719954752981,0.23741063827007372,0.6356508490725423
251,9.405,45.375,1.6234985000376625,0.26523587295858597,0.05867707530460721,0.28934384085490183,0.6673480983540215
252,9.405,45.441,1.6610053889757552,0.34215049303335604,0.056141448770781054,0.34883652981391844,0.6531646139661583
253,9.405,45.507,1.751827277066446,0.45016093225398707,0.05317801689263296,0.4569274888008762,0.7608567325221277
254,9.405,45.573,1.7562054734274164,0.5362168214675557,0.06577797520222178,0.5004314535647295,0.7874718089421948
255,9.405,45.639,1.6457869981534838,0.5205913358292501,0.1518201689794331,0.41419610272115587,0.8090727013505135
256,9.405,45.705,1.377974012852568,0.4479975978532073,0.29685650873819946,0.2760371131069464,0.7170696663870014
257,9.405,45.771,1.2098136387534262,0.36864319376803956,0.4651047520364482,0.22759231563525256,0.6812226204685764
258,9.405,45.837,0.9857334391750616,0.2398552233493377,0.6169079141619146,0.12769904930380266,0.4872434643916317
259,9.405,45.903,0.6012311454472187,0.14570225359336245,0.7354992150514351,0.0919516747801086,0.33457447497865545
260,9.405,45.969,0.4146942288163161,0.06933061675488153,0.8311990863436938,0.02596366510637889,0.2715232039715241
261,9.405,46.035,0.2547932185760397,0.05429209033944773,0.8632341465012019,0.021342883786585866,0.2213714765730915
262,9.405,46.101,0.154066049777352,0.08150589595607842,0.7496857666268792,0.05623228458046873,0.33076296177858205
263,9.405,46.167,0.1848257503949987,0.08223720932686461,0.7294801463089344,0.037167066634613104,0.2122205205758058
264,9.405,46.233,0.3193933563908693,0.09062457706608762,0.7334079869392855,0.06317195373160854,0.21812905002243158
265,9.405,46.299,0.2877934791559603,0.045000081809223796,0.8872419580037829,0.014650373244004223,0.09069437359104705
266,9.405,46.365,0.2107793951690794,0.040196902696276945,0.8919792221714405,0.01892323713281442,0.15342546888729425
267,9.405,46.431,0.1532906230561387,0.01547809014668555,0.9191979857832464,0.005112972516378267,0.13183087194539375
268,9.405,46.497,0.115747429091585,0.020429877429874243,0.8821595801719682,0.006282621258585952,0.16500963408903854
269,9.471,45.111,1.1442263542183009,0.1493659801145937,0.06225283287927149,0.12162416752040119,0.46732631076690695
270,9.471,45.177,1.3337904397181282,0.16391720209137453,0.049904525375489055,0.1399742149615906,0.49864355788578674
271,9.471,45.243,1.4904860631552566,0.23183834536604825,0.0482534890339331,0.229618778866706,0.5789366452647735
272,9.471,45.309,1.5791991304789557,0.2259833953647425,0.04308744925026931,0.21024939583977337,0.569617553557712
273,9.471,45.375,1.678829258665977,0.23275127451644187,0.0538949511242263,0.25673425308666975,0.5904504892279281
274,9.471,45.441,1.7137396856707965,0.26416780329799355,0.05212247531818592,0.3003800706707738,0.6308563349881393
275,9.471,45.507,1.7855393415883651,0.36702610250037354,0.06352673433618347,0.37634718206547707,0.6615504777873839
276,9.471,45.573,1.779597537568157,0.4553589536973175,0.07956443811427881,0.4277040082198738,0.6951687094852924
277,9.471,45.639,1.6534376595997438,0.4882493804917563,0.15583404873383602,0.39936588341284857,0.7057106964863383
278,9.471,45.705,1.378698926943011,0.41343133740320853,0.3324821229697409,0.27653276342612887,0.6493350591928263
279,9.471,45.771,1.1589131611482268,0.3292546527920409,0.5164689943613264,0.1992552160777851,0.5867953123685159
280,9.471,45.837,0.8517207602543997,0.18094972075639632,0.6998357837771917,0.1007809327316123,0.4790352170721614
281,9.471,45.903,0.548825529368574,0.11400579750302377,0.7777398085600585,0.05719130034162744,0.28931126345246555
282,9.471,45.969,0.3330691988421269,0.04716326970729783,0.8701997520334445,0.013471746852709025,0.1665819398253442
283,9.471,46.035,0.2420059297830226,0.04126662499975573,0.9020194738376459,0.0182983947408825,0.14153445460630007
284,9.471,46.101,0.2273940168006565,0.07909931568064929,0.811963349266525,0.059363726790888444,0.2803292305993022
285,9.471,46.167,0.1791587849166083,0.08574248838157648,0.779075792721801,0.05160157251125669,0.22499986870266556
286,9.471,46.233,0.3823160180851995,0.09796931893984134,0.757706414673252,0.07545497860256231,0.26453876767660595
287,9.471,46.299,0.2389744304125755,0.045719889402368714,0.8813780197366751,0.029567343336524866,0.1001425592267958
288,9.471,46.365,0.1661284838018646,0.03595873353985789,0.9124460465389074,0.01986534863132191,0.0886627790430577
289,9.471,46.431,0.114389431271747,0.0024081585348189466,0.9566666275588537,0.00010468293690967349,0.02752700071920755
290,9.471,46.497,0.0842795135092286,0.0013790731921689361,0.9339939771454812,0.0,0.0385745624027864
291,9.537,45.111,1.1924386581730562,0.16781493210148915,0.06297950506482657,0.16582930691488307,0.47944607294976466
292,9.537,45.177,1.372918018850937,0.16604374333919736,0.04820447180931534,0.15076067328353188,0.48028331530770335
293,9.537,45.243,1.4977445769259945,0.21185716594167878,0.05093078797698873,0.22039654557950175,0.5370875483607078
294,9.537,45.309,1.5982310617890485,0.21313116224049133,0.0453173720956247,0.2102225188286228,0.5424346698021988
295,9.537,45.375,1.6974399745506037,0.20706943696866056,0.05492253597604087,0.20174818665668257,0.4982322438272485
296,9.537,45.441,1.775541162724425,0.2473781609755664,0.04715038432268456,0.2528107238910283,0.556902859039291
297,9.537,45.507,1.808897073157106,0.3246100191291502,0.05491828409538912,0.3094620678217979,0.5511165519983833
298,9.537,45.573,1.790905752464528,0.4541747442568161,0.06996209979432609,0.43821248287260006,0.662225877164752
299,9.537,45.639,1.6431095024519986,0.5174278054194495,0.14178475587613212,0.43663173459496696,0.6569473151076447
300,9.537,45.705,1.3320322412695953,0.44786239223379065,0.3313718244740477,0.33496595529858597,0.6417307287086421
301,9.537,45.771,1.1097198799547965,0.2997290027853401,0.5637524477046033,0.1906907830514598,0.5328498015569566
302,9.537,45.837,0.7153445173316493,0.1244236294225266,0.757473920948624,0.04694063763235455,0.35798340435628107
303,9.537,45.903,0.4782999010666677,0.05713871933442359,0.8374637687821692,0.013218185212164406,0.23375772002055997
304,9.537,45.969,0.3176246431287085,0.029084403182828265,0.8971129894475226,0.007761004146291028,0.1552580642326848
305,9.537,46.035,0.3043889472165919,0.030908205973991718,0.9196258247001146,0.011309285496557863,0.15607554412800057
306,9.537,46.101,0.3844355909535734,0.06467745576499628,0.8636974608549877,0.04528032839838194,0.24157711452638259
307,9.537,46.167,0.3324275727535646,0.06982976062907666,0.8548078776562777,0.04249150282711886,0.20689550743754248
308,9.537,46.233,0.3198115760584325,0.06628968258887488,0.867604320120792,0.05260016547931485,0.22413586478991263
309,9.537,46.299,0.1614054045200015,0.014858027288607965,0.9607496439885388,0.007880341074907569,0.0418388772800395
310,9.537,46.365,0.0810260314443101,0.007878164014563418,0.9595116886006249,0.0010753230585330645,0.029700765127326095
311,9.603,45.111,1.2285017104460678,0.2007815464302307,0.04998581938658162,0.23676930838160515,0.5090999808782718
312,9.603,45.177,1.3777923690763865,0.18049225676886882,0.0478853698869022,0.17997870936424362,0.4467366964306335
313,9.603,45.243,1.4851498026544183,0.19063010149560558,0.044370148167022075,0.2052213489551644,0.4788602682186521
314,9.603,45.309,1.587178049872799,0.20673600614879342,0.038893648436927344,0.20816766167940928,0.5120238640558298
315,9.603,45.375,1.6987554978623602,0.213662318743085,0.027011438650799486,0.18083189039508604,0.46022185778316543
316,9.603,45.441,1.7867014435362591,0.2828240649991032,0.017785153732739138,0.2851355276268589,0.5679373888742065
317,9.603,45.507,1.8212136571973288,0.320275344431361,0.03097016453477965,0.2823644082166823,0.5072130729666195
318,9.603,45.573,1.7809568404706453,0.4604038942902702,0.046713852448557504,0.44434388373731704,0.6421005987378919
319,9.603,45.639,1.601762437475626,0.5572119133023885,0.10431293748808958,0.4498281793280787,0.6333081966308778
320,9.603,45.705,1.2952164677473932,0.48417412797488923,0.3122495790891345,0.35473685692551765,0.6187583039583007
321,9.603,45.771,1.01610306838504,0.32500487187017235,0.5465583456122719,0.20070875206993224,0.5211893430528844
322,9.603,45.837,0.6134083081011026,0.11497071434650587,0.751217496211996,0.04295149535711489,0.3656964778527274
323,9.603,45.903,0.4112718571920285,0.05900608159838823,0.8284920076315209,0.01999751885303571,0.2954477943043609
324,9.603,45.969,0.3198408810961312,0.025849353422308496,0.8983545403808415,0.00981099822884355,0.16554666370186383
325,9.603,46.035,0.2434607706677254,0.02448857351382021,0.9271792179074556,0.008357835679148178,0.17580965646418756
326,9.603,46.101,0.3176035541795147,0.05904615971984697,0.8644573959824118,0.03635152110079986,0.2604077530561986
327,9.603,46.167,0.5263982105010422,0.059272042663866174,0.8687185292719618,0.02289393127863405,0.20781366770053633
328,9.603,46.233,0.2782367444985689,0.05713930902882692,0.8806819159076222,0.04060928367096496,0.22598136195254842
329,9.603,46.299,0.1263010689281822,0.00474486092006429,0.9870961955134951,0.0018027771316552076,0.025847674256288363
330,9.669,45.045,1.0379934569705045,0.15561961996914228,0.05825624197316405,0.1728640088393008,0.44518412528014056
331,9.669,45.111,1.243003848180941,0.21372499375905143,0.041536120201424165,0.22130903765009796,0.47716411523879576
332,9.669,45.177,1.363463451402405,0.18399963320757165,0.049854775170023805,0.17039655270766138,0.43441136298988664
333,9.669,45.243,1.482274675914283,0.18037366509737507,0.05059824542023419,0.18666513162500728,0.45329236990719185
334,9.669,45.309,1.5749464593401927,0.20098055247493754,0.04895594687897997,0.19325971319879287,0.456247142465664
335,9.669,45.375,1.677982378669646,0.20985602904626052,0.0305635469378145,0.18067779531424832,0.45370856981439567
336,9.669,45.441,1.7687401990665823,0.28910911154729024,0.02310015421117274,0.2881314066121644,0.5734847605676624
337,9.669,45.507,1.791823789126283,0.30565206266743683,0.03009336019246042,0.28585680876638686,0.4978458179485336
338,9.669,45.573,1.7272746385177329,0.440861072297122,0.04171135115658335,0.4720284437643582,0.6462120383340545
339,9.669,45.639,1.5568650434532727,0.5677390881409924,0.08169359894382024,0.4885693089509175,0.6549555013633004
340,9.669,45.705,1.2375156790256765,0.5122838356452335,0.2976420948952569,0.40460487430943404,0.6337367590070406
341,9.669,45.771,0.981387039373214,0.3552241644065315,0.5480674349414503,0.23633297481696663,0.5514471076177375
342,9.669,45.837,0.5541971828210648,0.11094521223447022,0.7796765845499898,0.03863455664921472,0.3293639695684472
343,9.669,45.903,0.3761659199078654,0.056730429251212355,0.850406633454371,0.015269199121586932,0.25330569850516677
344,9.669,45.969,0.288914426508907,0.03279980787918673,0.9017625313771044,0.011447390877839326,0.16479347594014723
345,9.669,46.035,0.2080223190868803,0.02351256584959386,0.9312069702666422,0.009049455437957874,0.1646081351910865
346,9.669,46.101,0.2797284243071805,0.05179085286639699,0.8651948097603466,0.03783959238570267,0.26856691915190395
347,9.669,46.167,0.4873970019280672,0.049324122290206836,0.8737986120628325,0.02743940447558554,0.1899511350170283
348,9.669,46.233,0.2595502151763327,0.053018456160662406,0.8776942047776929,0.041080275081109285,0.23646381886899404
349,9.669,46.299,0.1146182359891642,0.003923737369102412,0.9863126599261964,0.001723595647796891,0.02279500946548239
350,9.735,45.045,1.1106774250277005,0.14986433779040445,0.047501053258350155,0.14695344469872942,0.4360671996898363
351,9.735,45.111,1.2411601816492817,0.1921726115945405,0.0454756085867332,0.198897468065277,0.4669426547184297
352,9.735,45.177,1.3712963201832638,0.170639943431618,0.05245865267432243,0.17889071309904145,0.42290773195671977
353,9.735,45.243,1.474277159092669,0.17220192881729035,0.04828013945722601,0.1874347524135544,0.43186337643372813
354,9.735,45.309,1.5623958354214658,0.17874937987804143,0.0443548715300442,0.16653594070585886,0.4170845658785873
355,9.735,45.375,1.6133111435113303,0.1866702100156624,0.03029921433559943,0.17518552331084808,0.4279242684674834
356,9.735,45.441,1.7397622477071173,0.24157659778179824,0.02977592154072856,0.24849981268167398,0.5261151949954823
357,9.735,45.507,1.7527662247115796,0.25796810372725143,0.03351898088068755,0.24366052270004615,0.4993186930615224
358,9.735,45.573,1.688326701045676,0.36849716742270644,0.038597935899052145,0.3952546507617614,0.6262659758274564
359,9.735,45.639,1.5152234450514457,0.4778382494805044,0.11167705870852901,0.3937666937148203,0.6142110278799272
360,9.735,45.705,1.1970269728407652,0.44984901921007897,0.3179889969138931,0.33501922597862377,0.5683195741131045
361,9.735,45.771,0.9066226509271612,0.3129731237497992,0.5801094018140384,0.20097798383294896,0.46549772812069545
362,9.735,45.837,0.5254395976332427,0.1103545140160195,0.7729661420048328,0.050150070388648375,0.29794512363707676
363,9.735,45.903,0.3848622639973958,0.048930493359307985,0.8596734079685165,0.01643533987627032,0.23898681129584295
364,9.735,45.969,0.2579243194814994,0.0334765308852739,0.8974584636099461,0.013000460671025116,0.16397997072220166
365,9.735,46.035,0.1864715782612222,0.0177037723484316,0.9436965801597961,0.005114949637124632,0.09837161241895061
366,9.735,46.101,0.3831803535619815,0.043492430325511554,0.864664821986341,0.034973076685484855,0.2269226106450808
367,9.735,46.167,0.484839633152372,0.03929113184025369,0.8773601712394639,0.022732506531088825,0.12783305306506848
368,9.735,46.233,0.2639984114249238,0.043225089205084125,0.8741394646209156,0.03767050655699923,0.2064642783642088
369,9.735,46.299,0.1179100696874272,0.003884910489448322,0.9828634229847415,0.003631164285807186,0.016392404283150936
370,9.735,46.365,0.0349573554040561,0.004064501645871852,0.9865286071764608,0.0061416137153834875,0.01889805206877117
371,9.801,45.045,1.1441844729296056,0.11724307501756406,0.04936886001607341,0.10360272377804652,0.36626659845047665
372,9.801,45.111,1.2894276253460224,0.1405011654430134,0.050386639539929994,0.14502004730578427,0.3945457284818361
373,9.801,45.177,1.4199794771956602,0.1293911617070534,0.04890929550386225,0.11931347968129173,0.3731313892694792
374,9.801,45.243,1.515790777827077,0.14645791733263802,0.04262917577212964,0.1496411030482991,0.39921994800680033
375,9.801,45.309,1.5549464829740534,0.15018489427260528,0.041966471127840015,0.1533844012526552,0.3994422397585274
376,9.801,45.375,1.5874883332729677,0.16082937858267135,0.04254715539631028,0.16712791459474252,0.42149965619164054
377,9.801,45.441,1.6847105246477816,0.2039576366077122,0.04689896315550382,0.21960710595059552,0.4970313636060906
378,9.801,45.507,1.7091604472597026,0.2532258177524898,0.048560639436106744,0.24052166080629672,0.5062889821385683
379,9.801,45.573,1.6453988547088223,0.35704905322127406,0.07054737839847865,0.37730536707082324,0.6134973175800907
380,9.801,45.639,1.4593010242374067,0.4113153047909663,0.18294812760971987,0.35027216912787185,0.5529760851275286
381,9.801,45.705,1.1655167458856583,0.3801419732437536,0.3735585850102238,0.31439603612956646,0.5534900095607022
382,9.801,45.771,0.8474333264595817,0.26899582188651533,0.5886725883703915,0.1605049051210186,0.417277844093948
383,9.801,45.837,0.5206804135364617,0.12533821118140873,0.7507319538187246,0.06817619899222775,0.32077182389685915
384,9.801,45.903,0.3691812065450189,0.05474157826729766,0.8559815522863303,0.027149522754885396,0.16501080215164332
385,9.801,45.969,0.2356821517997726,0.021747884940348003,0.9190592861757969,0.007206808317628652,0.10219406699608244
386,9.801,46.035,0.163619410499482,0.010516896601028666,0.9542944552018374,0.004174067344872569,0.0600572784469667
387,9.801,46.101,0.3661524730599623,0.05460113858529578,0.8622755464460449,0.04345641521928469,0.24184248531172423
388,9.801,46.167,0.4768320612621554,0.05586842434740021,0.8646063419671053,0.02769911725196404,0.1925750369308788
389,9.801,46.233,0.2606114253370474,0.06429877619703495,0.8516052228090858,0.0489018539038642,0.279058862822658
390,9.801,46.299,0.119654690827249,0.01859836225040282,0.9545942457248154,0.007822154558946056,0.08589874948200672
391,9.801,46.365,0.0378585541362331,0.018933732772195407,0.9531485501365078,0.015003118709637608,0.07305467455513835
392,9.867,45.045,1.1931357502742668,0.0773901959561923,0.08121648484189282,0.06489057739335462,0.2700312222329533
393,9.867,45.111,1.3541630171810004,0.12877828582532114,0.06292983475278482,0.1477505122248344,0.3656861114816209
394,9.867,45.177,1.4790970369479437,0.12593684587488221,0.04862850001027378,0.13239374698390088,0.36991926974665185
395,9.867,45.243,1.5163601572095915,0.13849060183325487,0.03876109360036105,0.15260144101296794,0.3935020872812702
396,9.867,45.309,1.547283274937766,0.13718103386301161,0.03650659032917316,0.12505597618853723,0.37158292417164657
397,9.867,45.375,1.5545219158590533,0.15212848586298341,0.04359559256116907,0.14635789678988703,0.3999185556073745
398,9.867,45.441,1.6575097844181903,0.20283706197346388,0.03510444202787784,0.21850740722375991,0.5082872998167769
399,9.867,45.507,1.6819386774028555,0.2550784562791694,0.03474599892739491,0.2545791709244444,0.5389055448617602
400,9.867,45.573,1.5953540367468753,0.3619622554354822,0.06979711759781279,0.3444125060310854,0.6245062724720026
401,9.867,45.639,1.3441255078717271,0.35174843259712796,0.2443908150254818,0.26663830118962795,0.503795619643477
402,9.867,45.705,1.1164854580762271,0.3159787929461845,0.4256994208437037,0.23690754440773365,0.49318594203435484
403,9.867,45.771,0.7933357226311926,0.18850005682187854,0.6291875350432474,0.11092528689488403,0.30663034250993204
404,9.867,45.837,0.5599846904788157,0.1309519113868663,0.7127195950715073,0.0567366238535025,0.24002505404528252
405,9.867,45.903,0.4103356680170429,0.07065481350589975,0.8158903160960639,0.03873577003750524,0.18917867638787064
406,9.867,45.969,0.2249437241242449,0.03994449172673945,0.8854860987758797,0.01610792230874905,0.1371730179657769
407,9.867,46.035,0.2464225074383067,0.01265507200891461,0.9442932489319397,0.0033661023674693372,0.07571559585985335
408,9.867,46.101,0.4686368244189829,0.054820371585484626,0.8648468316532157,0.03960311995650187,0.24029478034295673
409,9.867,46.167,0.4622497202662119,0.058667485775215765,0.8611968905500232,0.022491222579359954,0.17671033946837578
410,9.867,46.233,0.2488886390723408,0.06791248411049897,0.8472070306347467,0.04796934794966493,0.2621544078361376
411,9.867,46.299,0.1150003285960826,0.01941825249439383,0.952512622381807,0.007438142192031884,0.06416713181011748
412,9.867,46.365,0.037642503635628,0.020198767124903427,0.9485512317181344,0.020048401612615493,0.08768185334776132
413,9.933,45.111,1.4018584490841983,0.2074866263113056,0.058663987692014495,0.23726182137351465,0.4245248333229154
414,9.933,45.177,1.4678703600562626,0.1688602264659297,0.041246651618014295,0.1692065927739394,0.37798170102382445
415,9.933,45.243,1.513955750052735,0.15499556171705664,0.03430144036648001,0.17310202026963556,0.3933044856486853
416,9.933,45.309,1.5475418592683914,0.14544436150711013,0.034936004635065215,0.14348322500529898,0.4270744316235745
417,9.933,45.375,1.559575551813622,0.16347313880465641,0.03973173184694006,0.1589140160551816,0.434311219709998
418,9.933,45.441,1.6490103150125923,0.21140299011718322,0.026460053399411806,0.19582629134555368,0.5407939423144627
419,9.933,45.507,1.6458939556088903,0.28013633227670076,0.034437732899672086,0.2537641275315464,0.5578382423398589
420,9.933,45.573,1.548524823792012,0.36076386078727274,0.09662806183102272,0.3138697910042925,0.6107176264514819
421,9.933,45.639,1.2936439914583242,0.31531981767700323,0.29877539070055537,0.22703661591443178,0.44586723822833224
422,9.933,45.705,1.0624441804285971,0.23203479079597067,0.48667124797092703,0.16481654550116204,0.3619576653734114
423,9.933,45.771,0.7432424979672984,0.13664975866478066,0.6534952376238028,0.07328713311003812,0.24623457771286714
424,9.933,45.837,0.5376623195360186,0.12526605236831875,0.6930682364934805,0.06959550336215113,0.26758331144182546
425,9.933,45.903,0.4116962166802436,0.08922359320216412,0.7818829407389285,0.03707586497455011,0.16689334309359816
426,9.933,45.969,0.2297305003377459,0.05284447652089477,0.8638377635555342,0.019125914292979287,0.1001462536917854
427,9.933,46.035,0.2498606883592476,0.014010132779779822,0.9406022780831226,0.0030226086988954914,0.06874206882067906
428,9.933,46.101,0.4535569799844552,0.05744831241814817,0.8591575505599477,0.03348633829730938,0.2579634173851358
429,9.933,46.167,0.4399684001049685,0.05988905512407806,0.8583315899242948,0.02641618444918956,0.2123916445904616
430,9.933,46.233,0.2283300280098263,0.07152431744349061,0.8380893220538578,0.04367328448249317,0.3391240795197521
431,9.933,46.299,0.0990949007412034,0.01910757711105046,0.9544762082415345,0.00766376703151393,0.09707663534600854
432,9.933,46.365,0.0276440281619942,0.02019368615598575,0.9499387744789768,0.019287448723428836,0.09069558301865199
433,9.999,45.045,1.3035985983583185,0.24498254551790616,0.07731382511710018,0.22739206420397298,0.5323461430330779
434,9.999,45.111,1.4396716171916004,0.23217175152402322,0.0432570698845825,0.21636961933258778,0.49928958068311663
435,9.999,45.177,1.464693655410457,0.2011917095175872,0.030913344611692067,0.18356352765591574,0.455798980805771
436,9.999,45.243,1.5085984450941574,0.16764415794983606,0.029993782226337883,0.186905482512875,0.4260313982375224
437,9.999,45.309,1.5347688077406532,0.15280820663944567,0.029931256713276698,0.1438030959985894,0.434435561791514
438,9.999,45.375,1.5574392501585463,0.17817716663751107,0.025634970130650196,0.17706262004546175,0.44149662455836414
439,9.999,45.441,1.6510061793931303,0.228894533861514,0.00819944236789219,0.22866822430649986,0.582187416948501
440,9.999,45.507,1.6037407499775622,0.31034361331258914,0.019495415611877124,0.30487633369651385,0.6379208516965861
441,9.999,45.573,1.5312048643097502,0.3574238326209389,0.11174891241579855,0.2988535214373759,0.6653176371670523
442,9.999,45.639,1.3062057975624892,0.28867894179093195,0.2801330521895826,0.23149898967032204,0.5418829462752018
443,9.999,45.705,1.006908761111901,0.1812780858456731,0.4430617624114594,0.12156016440652427,0.39810779423448045
444,9.999,45.771,0.697654893188619,0.0968829771907371,0.594122024792101,0.038799341655801,0.2539671018388071
445,9.999,45.837,0.5279957651396802,0.10943330489037913,0.6658506618678555,0.0442921580970835,0.24102086315987678
446,9.999,45.903,0.4081223516550992,0.08851573110116592,0.7751176049814407,0.027748422139459942,0.19576833761171128
447,9.999,45.969,0.2151776423453172,0.06363268912915117,0.8494800448651892,0.02199298093830502,0.17398045151944044
448,9.999,46.035,0.2321595409296319,0.016460529508214916,0.934068191520794,0.003912346366345742,0.07941747117567846
449,9.999,46.101,0.421575633022984,0.04386234154396822,0.8651329634739082,0.022163367943180523,0.23486218178790821
450,9.999,46.167,0.4031860693256867,0.042039951135920114,0.8705720294194245,0.014583793439390317,0.16553797060746975
451,9.999,46.233,0.2147245413778211,0.05271865753014881,0.8469541408694623,0.03148181798325388,0.28908178856989475
452,9.999,46.299,0.0886343815178201,0.0037794847761375154,0.9813024865152875,0.005553208623324805,0.03645602987790475
453,9.999,46.365,0.0160842585847292,0.006635336606834073,0.9726681622133193,0.009522586860614284,0.04679107893478665
454,10.065,45.045,1.3205077830763186,0.19342964262787993,0.03737494946737601,0.19404683469072906,0.5094489839777211
455,10.065,45.111,1.4516834199414654,0.2021254821273915,0.024839017804403712,0.1910861340364371,0.4775352933530695
456,10.065,45.177,1.5304485985747245,0.20146510798753844,0.016869987799813774,0.20252249543570722,0.4996535857977064
457,10.065,45.243,1.5087771672648598,0.18128967103789673,0.019100077077251903,0.2005072091915066,0.4890219325644737
458,10.065,45.309,1.538552153361696,0.1783274051008933,0.0221789393688302,0.1739861389477076,0.49718490818760464
459,10.065,45.375,1.5583772486526613,0.19017708390811902,0.021395424100752857,0.18989326867850498,0.509595483555138
460,10.065,45.441,1.644131515641743,0.2512082518867987,0.014398786102679821,0.26273008566509665,0.6186887690960967
461,10.065,45.507,1.5707621270747685,0.3472375282455383,0.027688425441766217,0.3457026936674723,0.6610570544359918
462,10.065,45.573,1.4852059508693618,0.3621298916911502,0.17023744488523412,0.329194706238682,0.6270405623034145
463,10.065,45.639,1.214461216037858,0.2644671568494049,0.34491011937455585,0.22372202602957064,0.4825960923194756
464,10.065,45.705,0.9125314719494744,0.12367339696320268,0.5267702484068494,0.07751690680687497,0.3285533978139693
465,10.065,45.771,0.655088406441121,0.11186815913064378,0.5871423248895327,0.07310334555840411,0.3021554326933129
466,10.065,45.837,0.5254829619704041,0.11694698591697754,0.6728850569539262,0.06920593455909592,0.2803894588738251
467,10.065,45.903,0.4042983556755891,0.09974067027918798,0.7735997595908647,0.061479427584786465,0.25982448390225504
468,10.065,45.969,0.19241830600234,0.04455543674563157,0.8799988795235392,0.012141356853020679,0.1365412896516326
469,10.065,46.035,0.2239480350447816,0.012868348978229444,0.9411320485491848,0.00418415824434621,0.09016521112031126
470,10.065,46.101,0.3967933592497122,0.04223236690242296,0.8643148376254131,0.019914484122718516,0.2235972783069776
471,10.065,46.167,0.3752790124334228,0.04960140864087992,0.8489006436061084,0.021815319072022502,0.18913716080975207
472,10.065,46.233,0.2185229251103142,0.06617090787798537,0.809358770201427,0.03611424466016037,0.32309587415441127
473,10.065,46.299,0.0967647053296121,0.021190571864598728,0.9511794546836125,0.013998951866073866,0.07071501673755673
474,10.065,46.431,0.0,0.008198190607075313,0.9248668497777192,0.0032187739163606587,0.05037343459311587
475,10.065,46.497,0.0,0.017685266033263772,0.8865346318714782,0.00624020130218147,0.089050841675724
476,10.065,46.563,0.0,0.022070609445137907,0.8639804203170391,0.006917242741089043,0.09425126046874668
477,10.131,45.045,1.3437011187225432,0.12882442006096562,0.032158711846974816,0.12436223827570982,0.46040024737334284
478,10.131,45.111,1.444247770861884,0.139041094038371,0.021225983859641553,0.13287886213940575,0.4633353595528375
479,10.131,45.177,1.505122876521375,0.15910159325773374,0.012246610244577755,0.147478813049091,0.5029855816174024
480,10.131,45.243,1.5165086251915771,0.16591833101990988,0.017244912367006527,0.16915882551495165,0.49162968022258424
481,10.131,45.309,1.5387357547618534,0.18803782978100086,0.02242095689694234,0.1954447954789847,0.5377128406118367
482,10.131,45.375,1.5974526096489634,0.21814341903516896,0.02152432426347184,0.21937678052843176,0.5378169362744787
483,10.131,45.441,1.647813583883006,0.3332200359788057,0.017935273960406683,0.3776396161407751,0.7195301712571688
484,10.131,45.507,1.5879608621753756,0.44533285606072964,0.048802771747388965,0.41432661597762666,0.7441311144718232
485,10.131,45.573,1.461054743879571,0.44175191874672626,0.24438653249883815,0.3982124451242131,0.7347542585627452
486,10.131,45.639,1.1923754803083817,0.2985714706458425,0.43292105993208463,0.24582560466058564,0.5254716334872177
487,10.131,45.705,0.7675436708180253,0.1261029311487982,0.6217748305645124,0.08068647412955275,0.34069648698989574
488,10.131,45.771,0.6110249305715015,0.10819661853155409,0.6309742951133243,0.07205761161567904,0.31650067355689
489,10.131,45.837,0.4926720866796602,0.11292071552045307,0.6969579939624789,0.038420300097852515,0.2504479651390411
490,10.131,45.903,0.4049086004585995,0.11209509091247619,0.7600825065627914,0.07119915454360481,0.28744565588236953
491,10.131,45.969,0.2000904123294262,0.05716427010592472,0.8683172958971932,0.023923372574296574,0.16092301429480688
492,10.131,46.035,0.2360058716190482,0.017204229391282546,0.9333767893009451,0.0052846136169238354,0.10590327578654501
493,10.131,46.101,0.4033110013285075,0.02946039859024549,0.8860352894399195,0.012086621685691393,0.18055610131451258
494,10.131,46.167,0.3796229207138468,0.04680527702340112,0.8427597254285377,0.018497832358273295,0.1941258371884175
495,10.131,46.233,0.2501754505657851,0.058124763733638195,0.8011039559222749,0.018505216876555725,0.2790042246332651
496,10.131,46.299,0.1366318065802591,0.030170635333826384,0.9062914204367188,0.016418450186912816,0.14582391629304797
497,10.131,46.365,0.055444542852422,0.0005141223303884066,0.9731915064422545,0.00010084320234370379,0.01957447010719219
498,10.131,46.431,0.0230671033065081,0.005365808643536489,0.9440065372991177,0.0019010468881981767,0.05061854416108833
499,10.131,46.497,0.0141505413501817,0.011602029196561722,0.9074308036936009,0.002149565012375173,0.06705909637140098
500,10.131,46.563,0.0135296482791817,0.014640563099435677,0.885769417974189,0.002631681814703211,0.07676017901651835
501,10.131,46.629,0.0,0.017224834708644284,0.8751308194305909,0.004560345967369769,0.10781415431655941
502,10.197,45.045,1.3593112864582195,0.0844856724436059,0.030203751496216798,0.0729563878022519,0.3484813136384787
503,10.197,45.111,1.453386107885896,0.10094804458250535,0.019831548986371673,0.0908132320373338,0.3665432787110866
504,10.197,45.177,1.5024606265581264,0.12851768349434925,0.00853793682205533,0.12478738141061274,0.46170825962253376
505,10.197,45.243,1.5058423329934616,0.14878037261465882,0.012115807244354798,0.157841985690442,0.46222129337964135
506,10.197,45.309,1.5455710658221808,0.1881402619578851,0.01479582465406189,0.19136003386046788,0.5549445957251757
507,10.197,45.375,1.6195380635992311,0.24869520444684878,0.01978863579480202,0.27739905483641425,0.5428926417875056
508,10.197,45.441,1.6259980892451016,0.40293876724010913,0.035795904313870974,0.44918258228443236,0.705187743647628
509,10.197,45.507,1.5186458611671871,0.49400315964408276,0.1288516263769126,0.4609057893151007,0.6621709926153679
510,10.197,45.573,1.3338037574933577,0.45102598506255537,0.36688581240700724,0.3941121930549553,0.6214226287042843
511,10.197,45.639,1.0331900965675265,0.2702439760699898,0.611324495803371,0.19178014649634667,0.38769069633043424
512,10.197,45.705,0.6912963080578594,0.11310139883377435,0.7820961825720616,0.061176939198861,0.2879860255807194
513,10.197,45.771,0.59732399494019,0.08869244416992542,0.7740001899292026,0.06701274644477696,0.2696243592665696
514,10.197,45.837,0.5006688471465562,0.10139287453850014,0.7617546516257055,0.08376787902807457,0.29168215049840907
515,10.197,45.903,0.3447565995704219,0.1087752923009191,0.7695015477498852,0.07681377323524233,0.2804423612190055
516,10.197,45.969,0.175632570238694,0.06947337125082237,0.8513841863282675,0.047526637526547975,0.22576064040600702
517,10.197,46.035,0.1356974860463412,0.02779099209593535,0.9216288764924495,0.01476226455004311,0.14271910670143984
518,10.197,46.101,0.4066433222499069,0.02217355023877285,0.9050951588642125,0.0072243763809252855,0.16784036112862466
519,10.197,46.167,0.3759238419066729,0.042135476565245605,0.8500794779228795,0.0190304027440644,0.2396572710879117
520,10.197,46.233,0.299525074728558,0.05319528468865324,0.8058998631870083,0.022063210989965363,0.28019452875827183
521,10.197,46.299,0.2053917470388767,0.03577146048225016,0.869297280306923,0.020467281837791697,0.23094015176726335
522,10.197,46.365,0.1237369374514794,0.009643805135845892,0.9353503707849306,0.005173666275071876,0.08121813029253008
523,10.197,46.431,0.084773368648585,0.0071591246715093,0.9320925230793894,0.0017649424412175623,0.06456869165903609
524,10.197,46.497,0.0604360983981822,0.013436063971914167,0.8983288056838853,0.005305976500469296,0.0868917683724246
525,10.197,46.563,0.0396834601047907,0.017248925180573988,0.873856713540566,0.007214138334280853,0.11348125267271601
526,10.197,46.629,0.0159603053938961,0.016941022457923574,0.8725433264512711,0.008913366333569083,0.1186949781421656
527,10.263,44.979,1.3050857696995917,0.07517561109137384,0.05312434721789392,0.04900257730384491,0.26948409411479646
528,10.263,45.045,1.357257190179643,0.08498971155380747,0.02942824421811108,0.0701656965370827,0.32606362176616066
529,10.263,45.111,1.4580852655959944,0.0914474421878169,0.018224198236863668,0.07819310580299259,0.33230366390650806
530,10.263,45.177,1.582053108947958,0.11066635468049003,0.009907272849743982,0.10176763565351897,0.42135857842499436
531,10.263,45.243,1.5036335992512797,0.13575250248475457,0.012880974812734923,0.13832253266326974,0.45154973562848777
532,10.263,45.309,1.5510830230748491,0.1806407035540223,0.012117129033850243,0.1882801180320901,0.5393455721112287
533,10.263,45.375,1.6169013665610603,0.27681753602074927,0.014606856563961105,0.3670915677950508,0.587806691438567
534,10.263,45.441,1.6020878924616078,0.4283875506352838,0.04757787273172912,0.47205123893744216,0.7202880572716422
535,10.263,45.507,1.418299939637792,0.48622940800976616,0.2168365625286601,0.5086537760694516,0.6532622598738349
536,10.263,45.573,1.3070294826808035,0.3989176794437257,0.4753831994461564,0.3705579658324342,0.5550120855179863
537,10.263,45.639,0.8980975692745465,0.21468168434654064,0.7199329892736376,0.1559791296577257,0.3093513227780504
538,10.263,45.705,0.5970192284803167,0.09023377358938008,0.8252202274829514,0.053561851834814746,0.2608397597675096
539,10.263,45.771,0.5542313522577342,0.044204136505079324,0.8431862247747093,0.02175546105512244,0.1523251194028854
540,10.263,45.837,0.4151527577411999,0.05977800863206801,0.8192710454207931,0.042684097185691224,0.2257246725736813
541,10.263,45.903,0.2606281763694767,0.08452329692964951,0.799996993832892,0.04819083800540009,0.2134887660740037
542,10.263,45.969,0.1235639250173733,0.08964597154447922,0.8180781927518198,0.06167520072310552,0.22720485190028553
543,10.263,46.035,0.2143205589755366,0.061538674308615565,0.8637798039609629,0.047049896120665846,0.25273299228572976
544,10.263,46.101,0.372244754592828,0.042327729135529346,0.8715743989558286,0.030846026414809494,0.24027143869685164
545,10.263,46.167,0.3356775844850713,0.043047214635989504,0.8455948963927553,0.022656495772477844,0.26402856901587535
546,10.263,46.233,0.3114156234357991,0.04295732870985615,0.8284312325723451,0.019071114215350776,0.2535402021335429
547,10.263,46.299,0.2434397707014393,0.031421146787382614,0.8712007020474987,0.0138628572782629,0.19081935174520048
548,10.263,46.365,0.1733912687521869,0.02309253203662916,0.9039943239622923,0.015640736763784028,0.14064831774981534
549,10.263,46.431,0.142911538024053,0.019647615606762363,0.9083432039705691,0.01231107722877581,0.14010902589089244
550,10.263,46.497,0.1046002435977106,0.01792493665144413,0.903483683486452,0.00981642162837031,0.12802745236963428
551,10.263,46.563,0.058378902548311,0.015356936930165144,0.887608872756802,0.0050720119947663045,0.14186327198078652
552,10.263,46.629,0.0223025621610392,0.005164162479728893,0.906636795291069,0.007340191899780022,0.10621768464009754
553,10.329,44.979,1.335553695361932,0.10832701344887104,0.04251930541610268,0.07962867481287918,0.2915251803438407
554,10.329,45.045,1.3852079673407005,0.1021168521061252,0.028338388142181665,0.07885918422090353,0.2995732695714045
555,10.329,45.111,1.4768340236318864,0.09583822832521344,0.017703056825770818,0.08361679361431062,0.3199648530919416
556,10.329,45.177,1.5557431172883378,0.12303878965934653,0.012845279698519738,0.11791619104895987,0.3767136590301091
557,10.329,45.243,1.523670236575512,0.1494629379362194,0.013114640583664152,0.15408472623338038,0.43130658449284404
558,10.329,45.309,1.563418664287867,0.18950089063319078,0.011206546902016024,0.18852871863607537,0.4859991505448008
559,10.329,45.375,1.6063493580777766,0.2777729673397286,0.01618064961187297,0.3404383932781011,0.5890436056698087
560,10.329,45.441,1.5703324731035282,0.3869944372307008,0.05217536907455795,0.4010921788073583,0.6550433670228019
561,10.329,45.507,1.365748947733215,0.40643338526848927,0.25950018160981125,0.43751802487885477,0.5965841320353511
562,10.329,45.573,1.2483335091161023,0.3068307055315609,0.5075579850451618,0.2883415769873092,0.5196787811053392
563,10.329,45.639,0.7854253200765031,0.16037896881303976,0.7480548310622629,0.1415290892258112,0.31936756705836117
564,10.329,45.705,0.6117713785256785,0.07509352468076752,0.816361596067533,0.047899074973452166,0.2828101808632937
565,10.329,45.771,0.5105326173279745,0.03540902235846625,0.8596213913561561,0.022326989240906963,0.19703756565454245
566,10.329,45.837,0.3246703987664381,0.03163227343264265,0.8714536979889723,0.02351772730867597,0.19789647404099173
567,10.329,45.903,0.1760180886875701,0.05045068914504779,0.866450503651819,0.04293545106916595,0.19067798130738264
568,10.329,45.969,0.1451070726348827,0.06158640887970736,0.8645555358157092,0.0412267754342461,0.2026245354977919
569,10.329,46.035,0.3223806905779827,0.05919193904544804,0.8655632228378306,0.03260264620403249,0.2226154134128169
570,10.329,46.101,0.2655698199190959,0.04361112845292617,0.8758771528457294,0.023426093279617807,0.18203246695457728
571,10.329,46.167,0.2303799569222116,0.03837534901432844,0.8628085555805428,0.013753081332473101,0.20880086822244584
572,10.329,46.233,0.2306908038807975,0.0355417269030976,0.8598794096581773,0.019548361576828495,0.21566352315114268
573,10.329,46.299,0.1911702317348416,0.02754047059373942,0.8760615827658931,0.014534887985651317,0.18126700815079316
574,10.329,46.365,0.1531675893553548,0.0274985499507725,0.8831641019977255,0.011442745441725952,0.1393540412815846
575,10.329,46.431,0.1580328188327357,0.030174676065933943,0.8773929584390772,0.010567906428991993,0.15098398826899345
576,10.329,46.497,0.1225352826009837,0.03135031732355462,0.8765753293829447,0.010111572200540877,0.14429982420114137
577,10.329,46.563,0.0628643529743811,0.030199237418479772,0.8798614301902387,0.010183138573175609,0.18373121320859642
578,10.395,44.979,1.3473239984995065,0.1520934690228046,0.02478088069800615,0.11342713876965527,0.35583740904204403
579,10.395,45.045,1.3966646947105106,0.13239304631252324,0.020011482420167384,0.11434072340055175,0.40372891512139064
580,10.395,45.111,1.4704320000115416,0.11175293704231916,0.013518770060397796,0.09432329391478593,0.3937860497102783
581,10.395,45.177,1.5323975615475078,0.13126554277838512,0.013281810681127128,0.11616669920244901,0.42175890612326566
582,10.395,45.243,1.5424993758382903,0.16360353451163248,0.01157553779574941,0.14525355877265092,0.47948911934618754
583,10.395,45.309,1.562318123681819,0.22355915301247578,0.010266156583871948,0.2375884897858337,0.520862963257423
584,10.395,45.375,1.6157508175607216,0.28658734902542876,0.017058306581409947,0.33382959630829606,0.6323480505554979
585,10.395,45.441,1.543163766720814,0.34320579353349345,0.04888805519699762,0.39668465771037215,0.629085364482915
586,10.395,45.507,1.341557401825134,0.33337659851254164,0.22807290658442875,0.3626528282828451,0.6011944092289476
587,10.395,45.573,1.2285121511072723,0.25305101228032917,0.469935431726572,0.23792923993575657,0.5097450929156537
588,10.395,45.639,0.783502310451884,0.15048749112005264,0.7064590200874812,0.13558385574976656,0.3590908435338394
589,10.395,45.705,0.622692903364885,0.06480956932155925,0.8173023632756589,0.044573224696056915,0.2800645625569717
590,10.395,45.771,0.4749924286223247,0.03417904022804989,0.8611922922025018,0.021083204992385942,0.2172670595854128
591,10.395,45.837,0.2785529007706652,0.01563338340507554,0.9015413252896702,0.005457203901897669,0.157562792742921
592,10.395,45.903,0.1165638472724134,0.027185847128093618,0.9041927850964374,0.019871840904847442,0.14293622870913333
593,10.395,45.969,0.2203939983776352,0.036440530797062796,0.9032633885392483,0.031409963236406026,0.17705779021988663
594,10.395,46.035,0.2345097130040676,0.048863551369407704,0.8816323227977265,0.03831261740220498,0.19790087401682752
595,10.395,46.101,0.1782085364421599,0.04159895480598029,0.8836740070691501,0.03127693468270349,0.18990693327384736
596,10.395,46.167,0.1453338900673548,0.03631933738270532,0.8748302046303224,0.02103682365678489,0.1921166127799672
597,10.395,46.233,0.1575591924744624,0.025963906830875027,0.8987770258038305,0.013190785092371631,0.11402933706610142
598,10.395,46.299,0.1213130430377723,0.02082340711946516,0.9086466952412966,0.01196403892976682,0.12934346830263405
599,10.395,46.365,0.0838417176019069,0.020657206167965132,0.9061652828046182,0.012975316027956959,0.12123224611549727
600,10.395,46.431,0.0923916699773056,0.02934463446374504,0.8841702888209819,0.0131121713364793,0.16181888161494767
601,10.395,46.497,0.0732032770539932,0.03279911532420464,0.8723960816067698,0.011508782511904701,0.17252040960376616
602,10.395,46.563,0.0382130620416739,0.03211623172963622,0.8995009067293417,0.008193665822296569,0.19771619788591135
603,10.461,44.913,1.3053237989784707,0.23435431900603731,0.02404506642399815,0.19532343743788375,0.48606945522997025
604,10.461,44.979,1.3499287951651615,0.172041384114841,0.016093422108034404,0.1282380844997348,0.41105074625387483
605,10.461,45.045,1.3858613391731178,0.1373987299143492,0.015674817071016516,0.11947227820220625,0.4129757961355164
606,10.461,45.111,1.4577193530478454,0.11628080673565575,0.012849992160571316,0.09689247422879528,0.37077886286575085
607,10.461,45.177,1.505594248645979,0.1350550812836333,0.011300954053486361,0.12410235925562164,0.41178099731523643
608,10.461,45.243,1.5475525372173509,0.16660503890221587,0.007337746276754617,0.15861592076961795,0.43773964223577455
609,10.461,45.309,1.5693944152874748,0.22407061267959363,0.01617044739397233,0.23085542251957664,0.49355888406604964
610,10.461,45.375,1.602063466653364,0.278192347247637,0.03309589958817416,0.25234552702653484,0.6054012645276186
611,10.461,45.441,1.5098553731610012,0.3094936238934371,0.05449662154514601,0.2828322101405246,0.6275914170541042
612,10.461,45.507,1.3207952571910715,0.3211898289096228,0.15866530645435858,0.2526882741717177,0.6603188768424565
613,10.461,45.573,1.195897334823805,0.26363963477131,0.3761811653673833,0.18568233340002363,0.5252741604559046
614,10.461,45.639,0.8445180461822149,0.17910846505832953,0.6376877830900074,0.12422017655327022,0.431289970489398
615,10.461,45.705,0.5951965025930048,0.07512762988640619,0.7958987174310224,0.05142345747888543,0.29896508131944804
616,10.461,45.771,0.4594521866218456,0.03465750536004471,0.8472028822667685,0.019599277913692807,0.2300725130413716
617,10.461,45.837,0.2454601498731289,0.01951682189812695,0.8743390148870117,0.006060486475606313,0.1969725208703329
618,10.461,45.903,0.1306411490897519,0.014963671976787168,0.929602673422114,0.009303060864900807,0.1416982468573706
619,10.461,45.969,0.2077692813575198,0.005554190330211683,0.9622550687498077,0.002046753163138706,0.09924634414467132
620,10.461,46.035,0.1540981726071371,0.008008098630901852,0.9553304783635499,0.0017079930442979068,0.07864106862480352
621,10.461,46.101,0.1008685080633037,0.006746850496285802,0.9576219164503601,0.001848839671039743,0.06110856428719106
622,10.461,46.167,0.0705343237116756,0.019866093652446817,0.9222312354336841,0.006457139915063426,0.10504682722574209
623,10.461,46.233,0.0855493885891849,0.01694925901836966,0.9334471083141608,0.004034944806130264,0.07016503423680731
624,10.461,46.299,0.0405180752903035,0.017584940699828723,0.9271394661323267,0.005933481232688706,0.11149838503586677
625,10.461,46.365,0.0,0.007573391668190096,0.9344417710296247,0.0023521500938505574,0.07837623500263075
626,10.461,46.431,0.0,0.01473667811249242,0.9248151707923278,0.0028567663433301535,0.09666673401874251
627,10.461,46.497,0.0,0.020297663088578374,0.9060042150736235,0.003931132359598716,0.1256658494792466
628,10.461,46.563,0.0004841755786254,0.024498312460575152,0.9441523239766982,0.0017997053393750712,0.1197081510231397
629,10.527,44.913,1.3118061445037628,0.1854119531516893,0.013233059312121405,0.14026400532662633,0.41768466901761697
630,10.527,44.979,1.338355411202974,0.1516064124802852,0.01119457721304541,0.12993110336211727,0.43445721012796445
631,10.527,45.045,1.390043595170689,0.1266348938694299,0.008520297244060369,0.10613594623589474,0.45690758440416984
632,10.527,45.111,1.4294073201108244,0.12060859974260792,0.008135076089390956,0.09074693388569219,0.4438778078770473
633,10.527,45.177,1.4744718240343868,0.125882504551921,0.004719814192223546,0.10348088948322012,0.4497670511816105
634,10.527,45.243,1.5132760096185829,0.15808621250753324,0.0,0.14801443617111332,0.44185988928915265
635,10.527,45.309,1.558614536407307,0.20748844020467916,0.016751035378307695,0.19657114057197184,0.4883795009365296
636,10.527,45.375,1.5776408617941962,0.2666969437082585,0.033375828214323736,0.2572738492314845,0.5606459179370161
637,10.527,45.441,1.4605773060867384,0.25310268522246904,0.053078574883274984,0.20257511585880478,0.4803022392756064
638,10.527,45.507,1.3037660641911593,0.24118932330069567,0.08946616559962824,0.17915743806760162,0.48426724810479227
639,10.527,45.573,1.1802523302796488,0.18903809269119887,0.2884678788549035,0.09332347025682489,0.3535965274102618
640,10.527,45.639,0.8838826387057029,0.1341462106939958,0.571137808826306,0.06601366424903138,0.31505276854869707
641,10.527,45.705,0.6576759404226259,0.06163157467022195,0.7915252500273972,0.02996865241831732,0.2741319759906608
642,10.527,45.771,0.4583616417624627,0.02424673000199032,0.8574776398508482,0.009284585468759697,0.21151317424689337
643,10.527,45.837,0.2837885660940172,0.023267024365575133,0.849098284771975,0.005512160121129493,0.20623023523527095
644,10.527,45.903,0.0744401394750848,0.022079284954359228,0.8977465812065883,0.010807320788263224,0.14516535758803178
645,10.527,46.101,0.0679126202935018,0.001754058794563861,0.973257640685776,0.0013339622005156895,0.0064414463174634045
646,10.527,46.167,0.0377603170058096,0.02108629367256289,0.9321384059574397,0.008425722802754334,0.09544090379963795
647,10.527,46.233,0.0431425965005637,0.01993059039855573,0.9314564002103666,0.006010550722702689,0.07282518545149004
648,10.527,46.299,0.0,0.019385491541337462,0.9364410464857829,0.006847154798561338,0.09940719308997055
649,10.527,46.365,0.0,0.0036609983955184352,0.9602126587341072,0.001203761736261169,0.057467906916519464
650,10.527,46.431,0.0,0.0027695557757080073,0.9616303356341388,0.0001443214563358545,0.04885138929019378
651,10.527,46.497,0.0,0.003987634804315397,0.9482048312757079,0.0007520950771670524,0.07053815803546822
652,10.593,44.913,1.312048949198704,0.15416923847461975,0.02450814109851726,0.11730900685263085,0.40479702113255417
653,10.593,44.979,1.3426908364461692,0.1242146173707415,0.029226315183509963,0.09865214400096974,0.39253022962308054
654,10.593,45.045,1.3769916415483343,0.10563439883390668,0.01966153531231661,0.07967093605081868,0.37839989820256065
655,10.593,45.111,1.4181109399412166,0.1193534418525013,0.020081892752917333,0.08881439739581265,0.3844448067838235
656,10.593,45.177,1.4599737795132814,0.13656193152954405,0.010503557599747596,0.10521520539489804,0.41678894335556804
657,10.593,45.243,1.4907980372306766,0.1654388590800079,0.010624967324819044,0.15391411075258085,0.45282146962941416
658,10.593,45.309,1.529427964620054,0.17570458623212146,0.028553148315804154,0.14923845291405588,0.5016653410783006
659,10.593,45.375,1.5658559654597108,0.22561784176650648,0.04263933450836213,0.20554643213211243,0.5672531993854092
660,10.593,45.441,1.4477133140270322,0.2072317817738647,0.052842560471787536,0.13511690957815953,0.4604676118474162
661,10.593,45.507,1.2677086475023205,0.21666924185684344,0.052944880279848214,0.13814445266580186,0.463626786715171
662,10.593,45.573,1.1619648596387882,0.15440003071745745,0.2069575292602899,0.05247572084705654,0.3146215349246303
663,10.593,45.639,0.8940481795890922,0.10575940123785192,0.5056708581505072,0.03404065551899021,0.2549599652419692
664,10.593,45.705,0.674578866676097,0.050815111106421035,0.7260906491121788,0.013094709705365666,0.2419389949318368
665,10.593,45.771,0.4843851677802867,0.019588452578818513,0.8408982277875439,0.004946843721414616,0.17480349869056985
666,10.593,45.837,0.3058317679934739,0.01700054649319333,0.8487240721736736,0.005840069334134052,0.21165426239292096
667,10.593,46.167,0.0348180674920786,0.02221788419069896,0.9502478885197002,0.0071259705308180194,0.08463233913912044
668,10.593,46.233,0.0283213660576305,0.021646031380205672,0.9369893649844674,0.004904054738795829,0.11703087863928499
669,10.593,46.299,0.0,0.020775965221768857,0.9399375074742947,0.0071200251708128754,0.13357770286652687
670,10.593,46.365,0.0,0.0042511279876116335,0.9675979415546728,0.001837910823100598,0.07620992185024753
671,10.593,46.431,0.0,0.001995667957101475,0.980772927648631,0.0011026295639310969,0.06344888013075868
672,10.593,46.497,0.0,0.0028477694317522047,0.974068536254742,0.0012600728292905415,0.04502120000746241
673,10.659,44.913,1.3198886993244474,0.1661086357927664,0.030303758171907582,0.10847680618906777,0.3574365153031036
674,10.659,44.979,1.3610329277620523,0.13111011348775053,0.039763551770696674,0.0882887561757877,0.38436122015430546
675,10.659,45.045,1.3682318674758902,0.1358919985899063,0.02448501583775408,0.09262675742840097,0.4274238816744985
676,10.659,45.111,1.4147268161368811,0.1374501922403419,0.04289039853051546,0.0984042932723197,0.42072211674486687
677,10.659,45.177,1.4558980063956073,0.16009562622404844,0.030822728338812548,0.12411279684561895,0.44034535785392814
678,10.659,45.243,1.4846145704628455,0.17530543867420362,0.03830263376346708,0.15271546338046874,0.4574918353728038
679,10.659,45.309,1.5137473965736714,0.17616759774849106,0.03184930579437295,0.1476865034221962,0.49081856544242725
680,10.659,45.375,1.5462157469905835,0.19939832438995436,0.03961925999306089,0.16242772300571245,0.543145572926047
681,10.659,45.441,1.4549424189466793,0.15493364607349785,0.03895223509116376,0.09557001109139099,0.41320063272458746
682,10.659,45.507,1.280405247881609,0.11605821752116692,0.01406018086112224,0.06577245793573518,0.2537387120456245
683,10.659,45.573,1.162501915979975,0.05482269942580832,0.12754335051200405,0.007054699701913936,0.10589326487023673
684,10.659,45.639,0.9241814182887468,0.04979842959321741,0.41718149392180165,0.006103161743733248,0.18167877449418857
685,10.659,45.705,0.690833463461938,0.04204473688748349,0.6630731745417184,0.007244485565017844,0.21217564740325043
686,10.659,45.771,0.5368540581217559,0.022735631334648773,0.7922030900780789,0.0063795982694301034,0.22662772664140177
687,10.659,45.837,0.3833503331619736,0.020022935984246187,0.8920372643550779,0.007494983644199503,0.21408669569401031
688,10.659,46.431,0.0,0.0,1.0,7.471045296167874e-05,0.0
689,10.725,44.979,1.3428901581600716,0.1693550501419696,0.04498193695981372,0.12385701437860344,0.4096324950888844
690,10.725,45.045,1.381037516408923,0.18240518883718437,0.031860785971725585,0.14052724642777847,0.44433092570716654
691,10.725,45.111,1.4296499468399495,0.2029393387669684,0.055500422655480386,0.1626780068757009,0.46100674818757714
692,10.725,45.177,1.4702186783201152,0.22889546118155601,0.04170075232382621,0.19317654868547482,0.5037999520414425
693,10.725,45.243,1.5093389608544685,0.22938807356826726,0.049764200318678606,0.1997346663809854,0.5059205344652951
694,10.725,45.309,1.539252982745042,0.1887979502786111,0.03036858628274753,0.15887611309093205,0.5227747443460548
695,10.725,45.375,1.567750530214742,0.18739241643470042,0.04601132710201102,0.13925593560527041,0.577389583062093
696,10.725,45.441,1.497250588312276,0.16039882439691996,0.05972897743834809,0.09661390399825713,0.5149828480137085
697,10.725,45.639,0.9052030769349924,0.03818758910644508,0.3394569403367986,0.0038220923434364846,0.23622678398833827
698,10.725,45.705,0.683913737282895,0.03721742859285856,0.5571693945816815,0.0074475844859539595,0.24491878244522167
699,10.725,45.771,0.536322296263595,0.032878097269224214,0.6837601035801686,0.00257192754033258,0.17207026130848319
700,10.725,45.837,0.457073999761877,0.028727406987429656,0.7806690015924168,0.007107396300041408,0.20146850537869537
701,10.791,44.913,1.3295943617088486,0.2643056786068525,0.007187743549987092,0.23681820666293513,0.5353146931497412
702,10.791,44.979,1.3553005153548336,0.1954983723643078,0.025717433607857474,0.1500813587521173,0.509190748995894
703,10.791,45.045,1.3700296188270251,0.21930058800624716,0.0282907508616568,0.20094300571914733,0.5342392252665417
704,10.791,45.111,1.439214897585846,0.250677343898008,0.05217947508028762,0.23217091386454838,0.5350594186698912
705,10.791,45.177,1.4799712050360587,0.26674658268889706,0.04135573983009523,0.22804426666010877,0.4975177633622951
706,10.791,45.243,1.518115789984278,0.25424579636922207,0.0444244385874984,0.26513477378032263,0.511099640725626
707,10.791,45.309,1.5601782627104233,0.17548122626695475,0.018164940231095498,0.17007961576458966,0.44342520670367835
708,10.791,45.705,0.6662818333861823,0.04793278232081219,0.4748718007749203,0.010622457667418242,0.32892513818330865
709,10.791,45.771,0.5671456789823947,0.03785288374384698,0.5841496313959658,0.009209646525413496,0.20602566963432115
710,10.791,45.837,0.4861840462482567,0.04189516628279332,0.675400711066568,0.011735598280694648,0.26358219975383707
711,10.857,44.913,1.2884830717776856,0.2124632660007372,0.005447444910115427,0.2062475036796095,0.5528953214904093
712,10.857,44.979,1.3165756876940824,0.17983768355318985,0.022147134574806673,0.1551571306768335,0.5100469488249064
713,10.857,45.045,1.367380212063497,0.19454927987393253,0.02774083532578428,0.19077148783346928,0.5169857307588074
714,10.857,45.111,1.430397195640299,0.24074848306602523,0.034727357848420654,0.20589778981473858,0.5122629047394277
715,10.857,45.177,1.4885352463718893,0.2578499570899929,0.024238574702002993,0.21031106170278954,0.49564808839529934
716,10.857,45.243,1.5179672107736577,0.25985258947117607,0.015671164587817997,0.26853311347597775,0.5099229396992233
717,10.857,45.309,1.5836048967109184,0.1602115841550328,0.00424946673838369,0.13849666809042804,0.42614734849141606
718,10.857,45.837,0.5432414292232512,0.03985026280702604,0.45066155511850053,0.0017912261640196591,0.2300086378750545
719,10.923,44.913,1.2705787615386392,0.18330519735315448,0.005174124240530795,0.17104491319074527,0.5257077558686061
720,10.923,44.979,1.2752376099914169,0.15855640855499675,0.021510737152834195,0.1397987551607243,0.4924370989974808
721,10.923,45.045,1.3358373432116415,0.15790131629547727,0.025271991437405075,0.14383376371163736,0.4682898845754303
722,10.923,45.111,1.3828210898167184,0.1732209443953654,0.027527953877469535,0.1740817563243568,0.43358121123583315
723,10.923,45.177,1.4507489214417315,0.18463089156707654,0.01700649716005049,0.203527828857094,0.47286159195416355
724,10.923,45.243,1.5152964110359994,0.19060288843331843,0.006823826136624871,0.21113798891803914,0.4255243124260039
725,10.989,44.913,1.2759220665196929,0.15684616373528498,0.00453039653320057,0.13203033005857912,0.5058572694213953
726,10.989,44.979,1.2985340471670348,0.14509526767136613,0.021334546875218772,0.1021409770263732,0.4281510201045412
727,10.989,45.045,1.3243335735444732,0.12874274972743582,0.02071818626765842,0.09919051686544286,0.4156920572278118
728,10.989,45.111,1.357793935080652,0.12193439500298686,0.025412774877938818,0.08497524596691937,0.3757691180755305
729,10.989,45.177,1.4302058527271464,0.11660844307724053,0.014275343417372808,0.07470171518049806,0.36646900823418077
730,11.055,44.979,1.290917110242904,0.16444977371097913,0.02279894316589688,0.1348842754617332,0.4338073567031777
731,11.055,45.045,1.3156086214500242,0.14721759567198725,0.023232530071129836,0.12046777588545352,0.4133060521735337
732,11.055,45.111,1.3455039717604036,0.13124725095886394,0.03210857363664567,0.10012032162398703,0.3889233027447357
733,11.055,45.177,1.4191753534866192,0.10875086146945509,0.020247371864276862,0.08031796136109227,0.35591108068576616
734,11.121,44.913,1.2510166404017595,0.14736913471142696,0.0013329877507522003,0.1242810050925143,0.4193659581391134
735,11.121,44.979,1.2625690911348424,0.1457033654513579,0.021637616739209883,0.09808999996921518,0.4131112592628024
736,11.121,45.045,1.28774807295767,0.1361306780677346,0.023346467933890273,0.0963905301353916,0.3964642787238801
737,11.121,45.111,1.3317754810885838,0.1263208129345426,0.038871065711121026,0.09764555590259985,0.41420999418570253
738,11.187,44.913,1.257220884678607,0.12433013004764189,0.0034323799230466926,0.11154148383015355,0.39484841297342577
739,11.187,44.979,1.229253111782123,0.13961009066526758,0.025253825734239874,0.1284809379104275,0.4338236325982009
740,11.187,45.045,1.2532764503331293,0.1344124483375826,0.02587725369809983,0.12745787640294126,0.4199157227547106
741,11.187,45.111,1.3541290850320866,0.13793231905460396,0.04928115927185658,0.12574511270904704,0.4515450286358501
742,11.253,44.913,1.230347512567519,0.09576493047968439,0.010257966220881926,0.06947847608219,0.3907764478454647
743,11.253,44.979,1.236088155893727,0.10047839712978134,0.025259112140252834,0.07841377874784436,0.410822698816564
744,11.253,45.045,1.267045546871963,0.09930384413310747,0.02386096046786164,0.06039846620607675,0.3863099941385536
745,11.319,44.979,1.229831834369977,0.11301338095547865,0.03400050273264731,0.08262180623926992,0.3527229484498516
746,11.319,45.045,1.278558007203145,0.11350202562214454,0.033158982232820565,0.0842672830562995,0.3924626739449014
747,11.385,44.979,1.2317055697092958,0.12205291614804999,0.03876355102942208,0.08860059160141993,0.4882257175026295
748,11.451,44.979,1.2375928568678745,0.07388315435240105,0.04476925944262996,0.03100118145040867,0.3140803442172114
