fid,X,Y,f,BUILT_AREA_SURR,NAT_AREA_SURR,INDUSTRIAL_AREA_SURR,ROADS_SURR
1,8.481,45.309,0.3448275862068966,0.07694147774882681,0.04013245376873671,0.03959870294714681,0.39680193511007955
2,8.547,45.177,0.3448275862068966,0.05391943428702246,0.05021839630129095,0.024787974896780855,0.4012346837940466
3,8.547,45.243,0.3620689655172414,0.07913366952170742,0.035416075313690475,0.04874505266452755,0.4041784697575748
4,8.547,45.309,0.3620689655172414,0.07188820916659365,0.033227128039908384,0.04132998199733206,0.37156450097164834
5,8.547,45.375,0.3620689655172414,0.1043918752386032,0.01960343522584489,0.06636075486902668,0.3941540513010002
6,8.547,45.771,0.2586206896551724,0.2881927892575013,0.35085821464857986,0.13753769047318082,0.43646266079297374
7,8.547,45.837,0.2068965517241379,0.2540084206967602,0.3291708334137569,0.09702646493799508,0.36552981619148694
8,8.547,45.903,0.1551724137931034,0.2639775043060328,0.27149574624203227,0.1089870928697137,0.3360045213292075
9,8.613,45.045,0.3448275862068966,0.06141107181309547,0.04951768146319654,0.03581187936202383,0.3446437968823063
10,8.613,45.111,0.3448275862068966,0.06477215288110853,0.049759297053253,0.036877985343161224,0.36723481832599375
11,8.613,45.177,0.3620689655172414,0.06031957377501192,0.04395545105992322,0.03620083570499736,0.36241135884961767
12,8.613,45.243,0.3620689655172414,0.07734161936919559,0.035815640554277085,0.0457740549936657,0.3896536106212116
13,8.613,45.309,0.3620689655172414,0.06792288282247719,0.03493668401426947,0.04055932632564046,0.36771526624338396
14,8.613,45.375,0.3620689655172414,0.10070213381674553,0.017628753949874978,0.05964360224075433,0.3954606578886763
15,8.613,45.705,0.2758620689655172,0.31453744239711323,0.49879439734736714,0.2053015891762102,0.5311482915663536
16,8.613,45.771,0.2758620689655172,0.3660883254733341,0.4037592108973961,0.20916169107514526,0.5533923586285218
17,8.613,45.837,0.2586206896551724,0.2918381711270842,0.4669904585196688,0.13355228859175408,0.46161894803098985
18,8.613,45.903,0.1551724137931034,0.2854116234883015,0.413072605774958,0.13685873322026912,0.43958542016583024
19,8.613,45.969,0.0862068965517241,0.23664136456207485,0.4523817663739587,0.07944405901288408,0.3752565575493133
20,8.679,44.979,0.3448275862068966,0.059765037689092346,0.09014854014138307,0.03321273804281259,0.3074651322327063
21,8.679,45.045,0.3448275862068966,0.06960077287251314,0.057567371918540174,0.03721182767680273,0.35957034594641263
22,8.679,45.111,0.3448275862068966,0.06699458245832159,0.052722674520928506,0.0326756238232839,0.3760637642182384
23,8.679,45.177,0.3620689655172414,0.08665732241286128,0.034412500436598076,0.06117236477827058,0.40223600924451164
24,8.679,45.243,0.3620689655172414,0.10708961980969112,0.03028858899380785,0.07470698307757596,0.42063084805956624
25,8.679,45.309,0.3620689655172414,0.1230176204408169,0.02717570246626491,0.09782224872440189,0.42759393386947403
26,8.679,45.573,0.3620689655172414,0.49891473056372215,0.41319016563834465,0.5751153290761154,0.5864624959199599
27,8.679,45.639,0.3620689655172414,0.4911454097005959,0.4482339169297199,0.4626361474077572,0.6161284265718582
28,8.679,45.705,0.293103448275862,0.4000105152486937,0.4650782384853158,0.34282266227441394,0.5180928718702713
29,8.679,45.771,0.293103448275862,0.33861114866212505,0.4560034849237194,0.18000334998653159,0.49804142389844125
30,8.679,45.837,0.2758620689655172,0.26185224336802365,0.5073018710988836,0.11937886202623525,0.39804430973453464
31,8.679,45.903,0.1896551724137931,0.27679594363564275,0.47225173384612074,0.11473863698595332,0.43110332012417063
32,8.679,45.969,0.1034482758620689,0.22898885527794355,0.6016187644256051,0.07928519985619459,0.44140743217040845
33,8.679,46.035,0.0344827586206896,0.1939679476706254,0.5079796568924733,0.05456362186181991,0.4405007304488558
34,8.679,46.101,0.0172413793103448,0.11388882754414237,0.549787164292756,0.011932240419960166,0.3630866770452064
35,8.745,44.979,0.3448275862068966,0.07603728772504503,0.09067649282775851,0.053048201815041524,0.3686581246725588
36,8.745,45.045,0.3448275862068966,0.08917935550824593,0.05069907257896366,0.06223962702400192,0.40732197590262376
37,8.745,45.111,0.3448275862068966,0.06915645096702781,0.060675647353272626,0.044088130982583414,0.36444631068434297
38,8.745,45.177,0.3620689655172414,0.09989834047751002,0.04501840445216208,0.07633908522057607,0.41248968318473456
39,8.745,45.243,0.3620689655172414,0.10542187709436798,0.04875978551157656,0.07774791634379721,0.41163825617572153
40,8.745,45.309,0.3793103448275862,0.14318968191130244,0.05160628320044226,0.11925458757961933,0.44040064535710444
41,8.745,45.375,0.396551724137931,0.1800934406525664,0.1080968568360968,0.13319928053787328,0.4662473594057773
42,8.745,45.507,0.396551724137931,0.3686490295512296,0.28678278065894547,0.3291256922168684,0.6381495128232878
43,8.745,45.573,0.3793103448275862,0.5648007032194793,0.28744974123640316,0.5383496617307953,0.6980650669096646
44,8.745,45.639,0.3620689655172414,0.5279806280172457,0.40309815140299016,0.38706506619621933,0.7740393273155155
45,8.745,45.705,0.3620689655172414,0.5591168943563626,0.39170624024931694,0.42370612919593387,0.7170407112831662
46,8.745,45.771,0.293103448275862,0.4653500364473449,0.4457338551886217,0.24225603400180537,0.6567512545431873
47,8.745,45.837,0.293103448275862,0.3461309205616287,0.5652961368724744,0.16419996164625336,0.5651667354263264
48,8.745,45.903,0.2068965517241379,0.3086150382726379,0.5913380461559382,0.11968575192275026,0.5142181014819439
49,8.745,45.969,0.1034482758620689,0.16779932035659367,0.7171314311066771,0.04682017563044613,0.4003468569864099
50,8.745,46.035,0.0689655172413793,0.16731290231308432,0.6851976463602821,0.04644799497312793,0.4143589490050542
51,8.745,46.101,0.0344827586206896,0.09935943660549497,0.7392675990066644,0.009350499983295962,0.33165951761565077
52,8.811,45.045,0.3448275862068966,0.1283463060520609,0.060621396372945634,0.13296420265742445,0.404351355625848
53,8.811,45.111,0.3620689655172414,0.1041925522279548,0.0662886005906793,0.09571384471692357,0.3870722304697797
54,8.811,45.177,0.3620689655172414,0.13145052440584432,0.036739031282660824,0.11704616015298139,0.44390090645423474
55,8.811,45.243,0.3793103448275862,0.1823363584767554,0.05671430423915667,0.1308663417090576,0.49588049340639107
56,8.811,45.309,0.3793103448275862,0.19339535136112668,0.10268389298617404,0.13977243452315363,0.472113836984456
57,8.811,45.375,0.4137931034482758,0.2600907084898932,0.13483749438729928,0.19481272523095142,0.5054413492018611
58,8.811,45.441,0.4482758620689655,0.30208434227414016,0.14966057033469332,0.2512906150786895,0.5100996114599664
59,8.811,45.507,0.4482758620689655,0.47236244318159293,0.210837255834058,0.3795219160993192,0.6756129066431424
60,8.811,45.573,0.4137931034482758,0.6441095797153582,0.19628924167389486,0.5523826028581954,0.7611305581357286
61,8.811,45.639,0.3793103448275862,0.6260504836839521,0.3018926365349643,0.5084759043089896,0.7450080100686005
62,8.811,45.705,0.3620689655172414,0.6316390122071995,0.3352417951410779,0.47428683681061967,0.7508899519568285
63,8.811,45.771,0.3275862068965517,0.4765483348934079,0.4299327922018053,0.2635056117609524,0.6363709121795053
64,8.811,45.837,0.293103448275862,0.32817431407982633,0.5610602735927048,0.16033727073623397,0.5282743546729018
65,8.811,45.903,0.2068965517241379,0.3109459223659119,0.6198120720431554,0.12051889749492081,0.509413415226574
66,8.811,45.969,0.1379310344827586,0.17403908770306917,0.7339178017479472,0.04890502461175864,0.4243392033648323
67,8.811,46.035,0.0862068965517241,0.185081194579833,0.6742322245349873,0.04474532239272218,0.45680818328862455
68,8.811,46.101,0.0344827586206896,0.09211219942299097,0.6781198619011258,0.010103118926836078,0.3164425121949846
69,8.877,44.979,0.3448275862068966,0.14270488114331112,0.0984076367508313,0.1513802831516653,0.5889197483363214
70,8.877,45.045,0.3448275862068966,0.14248334943843458,0.06487118115865043,0.16175094141912508,0.4982851310788945
71,8.877,45.111,0.3620689655172414,0.11857277182479137,0.08023516035452838,0.09828366026919659,0.44048300300455745
72,8.877,45.177,0.3620689655172414,0.12826037659722045,0.09062188770402174,0.11262771920827253,0.43141788109057577
73,8.877,45.243,0.3793103448275862,0.16093554263446275,0.1464556651214789,0.11215156923690259,0.4400499171909211
74,8.877,45.309,0.396551724137931,0.1382984496520464,0.17369925723333648,0.10338118575971991,0.4200876132615075
75,8.877,45.375,0.4310344827586206,0.2588013135267355,0.1504993523377369,0.19401061749414944,0.5010530688024117
76,8.877,45.441,0.4482758620689655,0.3007305467991404,0.13013389639229772,0.25244884811679286,0.540565998220162
77,8.877,45.507,0.4482758620689655,0.5023761487038791,0.12100703332197002,0.38848294093155206,0.6712958200835024
78,8.877,45.573,0.4310344827586206,0.6566791173635681,0.15525961102964492,0.5310207813153928,0.8138072640631501
79,8.877,45.639,0.396551724137931,0.6417660722770505,0.2802832864273624,0.4595486535333131,0.7471802101372826
80,8.877,45.705,0.3620689655172414,0.6207767395635174,0.3497678454396902,0.41008659810000037,0.7930254362372938
81,8.877,45.771,0.3275862068965517,0.4874862638184693,0.431855885241099,0.25396049118469005,0.6828783796726786
82,8.877,45.837,0.3103448275862069,0.4068747730794355,0.5360196468896345,0.1775899619448261,0.6314793071754521
83,8.877,45.903,0.2241379310344827,0.35032958117708546,0.6058430992023501,0.1353413989906306,0.5820525702416346
84,8.877,45.969,0.1379310344827586,0.1448785377495256,0.8097273913380041,0.032103602690570957,0.3859616425380052
85,8.877,46.035,0.1034482758620689,0.1383637417824039,0.8232121232536656,0.01894394403016834,0.37836817430230346
86,8.877,46.101,0.0517241379310344,0.045084205892722426,0.9399582151994581,0.005733517562497309,0.25723738092562476
87,8.943,44.913,0.3103448275862069,0.3305752784894774,0.08219537493347584,0.22905968090489176,0.8715981794416321
88,8.943,44.979,0.3275862068965517,0.21564385010696463,0.08922950834925271,0.16492380813370094,0.6529381393908603
89,8.943,45.045,0.3448275862068966,0.18545899797756565,0.06391245774370619,0.17770078164672354,0.568559062554677
90,8.943,45.111,0.3620689655172414,0.14614063907247915,0.07372259007513102,0.13828795424640675,0.48824266193581733
91,8.943,45.177,0.3793103448275862,0.11847487859889115,0.11829218961249532,0.10440752926601239,0.43912502214484267
92,8.943,45.243,0.396551724137931,0.1842888922930389,0.13722706963696407,0.11497102938063623,0.4772647071979947
93,8.943,45.309,0.396551724137931,0.20120332857771947,0.14577041639084715,0.13355856851859899,0.4766687820447137
94,8.943,45.375,0.4482758620689655,0.23740385545944753,0.134496042527508,0.16128644136281867,0.48235619890359127
95,8.943,45.441,0.4482758620689655,0.367895462257972,0.08280992994097756,0.3119737727034399,0.6149356587980592
96,8.943,45.507,0.4482758620689655,0.5444834843302665,0.06613348753932762,0.43279958890019476,0.6952871643963989
97,8.943,45.573,0.4482758620689655,0.6735759170113494,0.11600058261496449,0.5749783235490111,0.7961474063861333
98,8.943,45.639,0.4310344827586206,0.6671447056119425,0.18660356634093378,0.4946652909862356,0.737780234376966
99,8.943,45.705,0.3620689655172414,0.5890780317310862,0.2882670894184198,0.4243901117160603,0.7564042303545125
100,8.943,45.771,0.3620689655172414,0.4834383870527517,0.38016120376662094,0.28183995012018626,0.6820205925035201
101,8.943,45.837,0.293103448275862,0.4131553159294505,0.49448072077395194,0.22001857499521685,0.6388564359670061
102,8.943,45.903,0.2241379310344827,0.31091957754614924,0.5895741341213586,0.12490630722427896,0.5241599071431977
103,8.943,45.969,0.1551724137931034,0.1579576946295955,0.7439421066939458,0.03651309746670381,0.33566719888230584
104,9.009,44.913,0.2758620689655172,0.1959904741220245,0.265153931134163,0.14939325834100192,0.6874639433680545
105,9.009,44.979,0.3275862068965517,0.1421340677323702,0.16302227717110476,0.11266857974708487,0.6395683343498618
106,9.009,45.045,0.3448275862068966,0.17014827129044047,0.07858227377517775,0.140936466312022,0.5934311901044983
107,9.009,45.111,0.3793103448275862,0.13044913259995486,0.07706635652997734,0.10422703003242408,0.5080061239940314
108,9.009,45.177,0.3793103448275862,0.11257908278316077,0.13978274345233874,0.07875055243626762,0.42762132196585645
109,9.009,45.243,0.396551724137931,0.14646055778190414,0.14223451171572543,0.1017285536175728,0.4745854783964418
110,9.009,45.309,0.4137931034482758,0.1440214922775366,0.1499635512565291,0.11087276309974972,0.47229524057945066
111,9.009,45.375,0.4482758620689655,0.24989487968323643,0.09047611228594467,0.21239663643353715,0.5322286190623815
112,9.009,45.441,0.4482758620689655,0.4468551224584434,0.05620403375580203,0.44471427791535634,0.721559265641555
113,9.009,45.507,0.4655172413793103,0.5947602877169723,0.0802253913222351,0.558773992191644,0.7704128178225799
114,9.009,45.573,0.4655172413793103,0.6857765924436645,0.13663311732368327,0.6071030568469835,0.7797065655830834
115,9.009,45.639,0.4482758620689655,0.6096119822727829,0.23187124314426863,0.4653368911519153,0.7038781886163132
116,9.009,45.705,0.396551724137931,0.5315178152798646,0.3180975601269699,0.39673800286199307,0.6883825721660418
117,9.009,45.771,0.3620689655172414,0.471811239067453,0.3848594554493331,0.27709800824925307,0.7253418798494653
118,9.009,45.837,0.293103448275862,0.4244444752590339,0.47794302056158816,0.24407294887658657,0.6853287251840111
119,9.009,45.903,0.2413793103448276,0.2709735600425087,0.6177132322776389,0.07885156352792608,0.5244113183737108
120,9.009,45.969,0.1551724137931034,0.09391721721611976,0.7298392931987517,0.015418087285281391,0.2618642820912901
121,9.009,46.035,0.0862068965517241,0.09861904728481452,0.7374717744668664,0.012786585304267475,0.2726230642711234
122,9.075,44.781,0.1206896551724138,0.05470333271166324,0.6138662066817365,0.01591806994758285,0.45524698045787476
123,9.075,44.847,0.1896551724137931,0.08366230438500304,0.5300640310601874,0.025511939335647237,0.4952026884974051
124,9.075,44.913,0.2413793103448276,0.16602326314017993,0.33211265931081513,0.1004226861383641,0.6383150816640473
125,9.075,44.979,0.3275862068965517,0.17582848829555012,0.21649492630356343,0.11498358791263621,0.6837926051716613
126,9.075,45.045,0.3275862068965517,0.1844693302017466,0.0977956192324733,0.13083833326488659,0.6377667054145294
127,9.075,45.111,0.3793103448275862,0.18665242649487113,0.07967679093123739,0.14808027447302236,0.6045480650585855
128,9.075,45.177,0.396551724137931,0.1829039170770729,0.10328415146707172,0.133628953202186,0.527996692588768
129,9.075,45.243,0.396551724137931,0.21056989904460482,0.09519281624288006,0.16480446845180463,0.5402468232577267
130,9.075,45.309,0.4310344827586206,0.2146064940972921,0.07401881991122805,0.17762102098796623,0.5617489370807681
131,9.075,45.375,0.4482758620689655,0.41354190539998736,0.04003285854092431,0.39175444660241143,0.6832525746117223
132,9.075,45.441,0.4482758620689655,0.5741970383024858,0.04077269496088666,0.60154390900069,0.8142672382664637
133,9.075,45.507,0.4655172413793103,0.767220146372968,0.06368881406595733,0.7227699669351599,0.8732582209252737
134,9.075,45.573,0.4827586206896552,0.8155840835030437,0.08779513985992823,0.7413655381586917,0.9177261464708689
135,9.075,45.639,0.4827586206896552,0.7204314234002521,0.15248282192849183,0.5458952981807873,0.8659218195599157
136,9.075,45.705,0.4310344827586206,0.653451526533943,0.22642155856810908,0.4490741462371451,0.8471460441950137
137,9.075,45.771,0.3793103448275862,0.4691192959590497,0.3809102995781358,0.27092605088355304,0.7663768339108992
138,9.075,45.837,0.2758620689655172,0.3463339787872936,0.5349328956346361,0.21391734724523054,0.6005006372900064
139,9.075,45.903,0.2413793103448276,0.16848354671845156,0.6655375715650877,0.03939364296240464,0.4137910811258667
140,9.075,45.969,0.1551724137931034,0.06363767359980253,0.7401327666815453,0.01105195997256224,0.2301676481896424
141,9.075,46.035,0.0689655172413793,0.08018772499923506,0.789046696562375,0.014093784560960687,0.2607058368114545
142,9.075,46.101,0.0344827586206896,0.05282427367295817,0.8114833449260787,0.011260307913837572,0.1748929825197772
143,9.141,44.781,0.0689655172413793,0.054655599128534856,0.6722953957801742,0.01983366327204784,0.4789677881069426
144,9.141,44.847,0.1379310344827586,0.05324706328578295,0.5919621830553169,0.01783867491570015,0.454871703988761
145,9.141,44.913,0.1896551724137931,0.08811549237493997,0.42269899883182,0.04284497152316737,0.543743813800882
146,9.141,44.979,0.2758620689655172,0.11956190378728276,0.2688878339662478,0.07930398678648834,0.6033414386045893
147,9.141,45.045,0.3275862068965517,0.1334096932262512,0.1218925177302225,0.08124034893508139,0.597563148415024
148,9.141,45.111,0.3793103448275862,0.20253624090083283,0.07972699702481394,0.15495141675350768,0.5991871480941817
149,9.141,45.177,0.396551724137931,0.15747611120998212,0.06662746681767799,0.1034091538272783,0.4886547181846105
150,9.141,45.243,0.4137931034482758,0.2276937290562666,0.0674759571623034,0.1996520064552992,0.5450752257279619
151,9.141,45.309,0.4310344827586206,0.2446242767288502,0.042541132187840336,0.23410347168366766,0.6048722386465974
152,9.141,45.375,0.4482758620689655,0.489247932580941,0.03661768278029596,0.4794898246735451,0.6786176187089418
153,9.141,45.441,0.4655172413793103,0.7304531947554315,0.03680525568916009,0.7755747711879444,0.8580334345205117
154,9.141,45.507,0.5,0.93696674061851,0.051516141828576854,0.8816689619448326,0.93944146018601
155,9.141,45.573,0.4827586206896552,0.9271999314337386,0.07972193829277119,0.8311087142074296,0.939808650494542
156,9.141,45.639,0.4827586206896552,0.7921222467892653,0.14682343355881924,0.6026658693081037,0.9088856367775943
157,9.141,45.705,0.4482758620689655,0.7118561363312481,0.22202252149704033,0.49463184673831956,0.9245425240810325
158,9.141,45.771,0.3793103448275862,0.4974505611139963,0.4176444726214081,0.33207753057349343,0.7717965228740304
159,9.141,45.837,0.2758620689655172,0.32748596586166007,0.567275420392369,0.18820253839871928,0.5997141069707168
160,9.141,45.903,0.2241379310344827,0.14354124814348584,0.7089945478522853,0.032708320445918676,0.3484786050206795
161,9.141,45.969,0.1551724137931034,0.0894358380319897,0.7255557323935798,0.01456941824326066,0.26247182522126095
162,9.141,46.035,0.0689655172413793,0.07302734278311994,0.7687589525570127,0.009584539125431498,0.21415904732834534
163,9.141,46.101,0.0344827586206896,0.05056820605939976,0.858012764361775,0.012310770379825652,0.13912323064918433
164,9.141,46.167,0.0172413793103448,0.011727893693377072,0.9659328618939297,0.0008901346631668858,0.05372048110622045
165,9.207,44.715,0.0172413793103448,0.03228888525554626,0.7958702382070332,0.009620415930481322,0.4590764698543542
166,9.207,44.781,0.0344827586206896,0.045731336886448176,0.7075998883508211,0.013438958157168961,0.4614938490160803
167,9.207,44.847,0.1206896551724138,0.045279233143632705,0.6085671268350364,0.012676107607691502,0.4435207318007445
168,9.207,44.913,0.1896551724137931,0.07466647703725607,0.4392527831603291,0.0240935779957621,0.5463186136462252
169,9.207,44.979,0.2586206896551724,0.1417726295970617,0.2755571005077324,0.07614608006807652,0.6823966434117006
170,9.207,45.045,0.3448275862068966,0.16494409379424335,0.14232743833649217,0.10221400530654563,0.6523100976775207
171,9.207,45.111,0.3620689655172414,0.2430328286396138,0.0849422747096066,0.1863073506194189,0.6269303721771854
172,9.207,45.177,0.396551724137931,0.19460822500061348,0.052956969989512916,0.14470668971859632,0.5125955781977972
173,9.207,45.243,0.4310344827586206,0.23022327622792185,0.04776236990335777,0.19590890274468856,0.5362358813226845
174,9.207,45.309,0.4482758620689655,0.2679944366380827,0.041637811646362155,0.26689983526617317,0.615205806012775
175,9.207,45.375,0.4655172413793103,0.5398665194949959,0.03891756518995634,0.5861230103798972,0.72609216992051
176,9.207,45.441,0.4827586206896552,0.8017933365524404,0.03188848478555782,0.8948069114187068,0.8744569785261284
177,9.207,45.507,0.5172413793103449,0.9916632157114861,0.030596128273999806,1.0,0.9803078361177872
178,9.207,45.573,0.4827586206896552,1.0,0.060723517904902054,0.8738456892709876,1.0
179,9.207,45.639,0.4827586206896552,0.8354011760043284,0.13188573365216227,0.6142335478607215,0.9912444413843999
180,9.207,45.705,0.4482758620689655,0.6643639650211602,0.20939371359427275,0.44151309812879264,0.9362380275358371
181,9.207,45.771,0.396551724137931,0.45290049453329034,0.4328063002709324,0.2894196023144666,0.7486392670546673
182,9.207,45.837,0.2758620689655172,0.26908070300979686,0.5716263472882409,0.15522698619282818,0.5525481972639317
183,9.207,45.903,0.2413793103448276,0.13477569451857518,0.6302322907660846,0.03925712895931548,0.3306773185581156
184,9.207,45.969,0.1551724137931034,0.0840959488233046,0.6310014169430105,0.014113681051320298,0.28541150905803775
185,9.207,46.035,0.0862068965517241,0.0771689965474474,0.6039803992713733,0.012811458301030663,0.24539110434991662
186,9.207,46.101,0.0517241379310344,0.07503859669532505,0.7142689630746356,0.015728596009065135,0.23362802710586938
187,9.207,46.167,0.0172413793103448,0.045683670061769946,0.8491184754521942,0.007710573682277794,0.1327036073073732
188,9.207,46.233,0.0172413793103448,0.02691510158220124,0.934286499873383,0.004378105498519805,0.05928559496915149
189,9.273,44.649,0.0172413793103448,0.020678735403875378,0.8659663109402784,0.002771101441557438,0.48370428903434537
190,9.273,44.715,0.0172413793103448,0.032938430508102655,0.7764786352147217,0.010722228643818922,0.49848134452530934
191,9.273,44.781,0.0344827586206896,0.0438969950500358,0.7318367352908786,0.013765135774282178,0.4713863447026036
192,9.273,44.847,0.1206896551724138,0.05327682276534852,0.609773802060493,0.017303867169300442,0.4900002696664874
193,9.273,44.913,0.1896551724137931,0.06760835796894354,0.42806469937699054,0.018036944575735753,0.5183816022735065
194,9.273,44.979,0.2586206896551724,0.1294654427425191,0.2348787489915496,0.05677891625382278,0.630062577758217
195,9.273,45.045,0.3448275862068966,0.12433238358448005,0.12111532599737583,0.08079952954356133,0.5688305487658339
196,9.273,45.111,0.3793103448275862,0.1834643005665171,0.08084488470366284,0.12501821656545506,0.5730870549882228
197,9.273,45.177,0.396551724137931,0.167411168505665,0.04730138333361792,0.13234444420474611,0.4668293333748695
198,9.273,45.243,0.4482758620689655,0.19726439116157296,0.03120955620303889,0.16503730457854507,0.5109535822907636
199,9.273,45.309,0.4482758620689655,0.26245214835842706,0.03199656850341477,0.25520200316206,0.6137136208704237
200,9.273,45.375,0.4655172413793103,0.4420349814305422,0.035470284951636635,0.47068787646369964,0.6985021392867559
201,9.273,45.441,0.5,0.6812568211787215,0.03239328517676277,0.693828120889328,0.7790716037235687
202,9.273,45.507,0.5517241379310345,0.8565872769851156,0.026372847964190524,0.8502969678844203,0.8870176807878013
203,9.273,45.573,0.5,0.8749021233089598,0.05194447469763116,0.7939410440464331,0.9275569243453525
204,9.273,45.639,0.4827586206896552,0.7707526595545875,0.1161380476897767,0.5996399598377786,0.976533187167891
205,9.273,45.705,0.4655172413793103,0.6343173508229133,0.20222818287710811,0.42585633029106573,0.9340293447512605
206,9.273,45.771,0.4137931034482758,0.4464754257696627,0.3991957213202557,0.27234214334472073,0.7726329561316574
207,9.273,45.837,0.293103448275862,0.28574892157994924,0.5415122679277135,0.18797355539986105,0.5871279606110249
208,9.273,45.903,0.2586206896551724,0.15826158930152895,0.634346310128516,0.07783772243242718,0.36274202319041554
209,9.273,45.969,0.1724137931034483,0.08842700389389432,0.6836454765866836,0.022743043537034078,0.3101375009250762
210,9.273,46.035,0.1379310344827586,0.08522723076120282,0.6794145364317661,0.018349804354374673,0.31744973051465486
211,9.273,46.101,0.0689655172413793,0.0660550924518725,0.7172478073232661,0.01614709397666785,0.2822393931922714
212,9.273,46.167,0.0172413793103448,0.04404300485948519,0.7930471544972993,0.009995732228978359,0.16576148403241062
213,9.273,46.233,0.0172413793103448,0.03682942446655639,0.8563802088008712,0.007161167203532021,0.10334448371398335
214,9.273,46.299,0.0172413793103448,0.012251317578927445,0.9698309705539372,0.003151038321457544,0.06517391121681275
215,9.273,46.365,0.0172413793103448,0.029754794346988977,0.9079776885631061,0.008157599544187136,0.16109592841089773
216,9.273,46.431,0.0172413793103448,0.028198764340030203,0.8860959819686015,0.008059040794520996,0.19255075047898237
217,9.273,46.497,0.0172413793103448,0.030744654065929994,0.8732402433813196,0.008881889084048694,0.19258562184670688
218,9.339,44.715,0.0172413793103448,0.032223597592421646,0.779966586216185,0.006615961329843954,0.5084707292320501
219,9.339,44.781,0.0517241379310344,0.03712129407943466,0.7307988243773526,0.00757948008828339,0.45225862700384867
220,9.339,44.847,0.1379310344827586,0.045090890312369555,0.6011074124893793,0.01278060918966741,0.48905830925579713
221,9.339,44.913,0.1896551724137931,0.0685544244816352,0.4166821827908242,0.019019983264399205,0.5458709892234082
222,9.339,44.979,0.2758620689655172,0.1636683977760196,0.20757953760206269,0.07770249317548769,0.7157960897278691
223,9.339,45.045,0.3620689655172414,0.15805307625672793,0.11619205112747197,0.117162158047681,0.5743444280576054
224,9.339,45.111,0.396551724137931,0.17310874287853464,0.07170174048146159,0.12739681459845506,0.5348817707847144
225,9.339,45.177,0.4310344827586206,0.15175371997107995,0.04705365342477612,0.1278630731558625,0.46995260694463625
226,9.339,45.243,0.4482758620689655,0.19352575787323764,0.03135159700527458,0.17118450860234835,0.555848467775897
227,9.339,45.309,0.4655172413793103,0.24626784945937993,0.031108839813444786,0.24297418970059229,0.6236738165647676
228,9.339,45.375,0.5,0.33991704652116966,0.031139559108273557,0.39594270492240846,0.6858741453974834
229,9.339,45.441,0.5172413793103449,0.5498395194922595,0.033429752274385,0.6399019119739007,0.780707103205227
230,9.339,45.507,0.5517241379310345,0.6705276164247654,0.03798233493071403,0.7372640692382313,0.8907881494602404
231,9.339,45.573,0.5,0.7188941001062755,0.06714217282442844,0.64841085680228,0.8602824167256404
232,9.339,45.639,0.4827586206896552,0.6346030370353687,0.12906161343361455,0.4738816343978581,0.8913589297523323
233,9.339,45.705,0.4655172413793103,0.5258539700489716,0.22524632137851108,0.3410539811659676,0.8260696566005697
234,9.339,45.771,0.396551724137931,0.4264471511235954,0.3778684882548924,0.2670810969297039,0.7508358765575178
235,9.339,45.837,0.293103448275862,0.30791486740070617,0.5294012471337434,0.19680551818817438,0.6066479756802966
236,9.339,45.903,0.2241379310344827,0.1901635505121416,0.6440340722454904,0.1068932323583583,0.3996924503163333
237,9.339,45.969,0.1724137931034483,0.09024733115478775,0.6524617611307764,0.028759918675760644,0.3147110672772249
238,9.339,46.035,0.1034482758620689,0.07552671214858198,0.6462642391455448,0.02014336819439379,0.27942588863315887
239,9.339,46.101,0.0689655172413793,0.09354147744060298,0.6251746532741298,0.04139764686592224,0.3248564266822446
240,9.339,46.167,0.0517241379310344,0.08410866879931164,0.7281125830474476,0.04411538739680446,0.25902369788392104
241,9.339,46.233,0.0172413793103448,0.09393914118142686,0.7191010013051672,0.05551524970937043,0.22825351478455524
242,9.339,46.299,0.0172413793103448,0.04352701606251484,0.8865812903389797,0.02492970761967377,0.11287921712489604
243,9.339,46.365,0.0172413793103448,0.04520179619426264,0.8945156728381964,0.019667192934498784,0.1293363983609321
244,9.339,46.431,0.0172413793103448,0.006047643723748004,0.9635807459242706,0.0014162857951809345,0.059480150611051795
245,9.339,46.497,0.0172413793103448,0.02198189734045282,0.9074382513215977,0.006065582029534708,0.13020436603754057
246,9.405,45.045,0.3620689655172414,0.12643039545246207,0.07286024432030962,0.08864580371292587,0.5020671832390322
247,9.405,45.111,0.396551724137931,0.17650625004238915,0.06719140364975383,0.1296402787039261,0.516657349365452
248,9.405,45.177,0.4482758620689655,0.18372665542643382,0.049836563820889385,0.14858354523067752,0.5102781538414104
249,9.405,45.243,0.4482758620689655,0.23916985781439343,0.044536063273147485,0.2201608827862266,0.6014580927022973
250,9.405,45.309,0.5,0.24993009020689735,0.04661523606863859,0.23741063827007372,0.6356508490725423
251,9.405,45.375,0.5344827586206896,0.2828588591865255,0.06181330310843334,0.28934384085490183,0.6673480983540215
252,9.405,45.441,0.5517241379310345,0.3460677486668969,0.05957379552227387,0.34883652981391844,0.6531646139661583
253,9.405,45.507,0.5517241379310345,0.44512057712240616,0.05740433617106695,0.4569274888008762,0.7608567325221277
254,9.405,45.573,0.5,0.545457901024902,0.06447659585652273,0.5004314535647295,0.7874718089421948
255,9.405,45.639,0.4655172413793103,0.5291252290084241,0.16151544230958292,0.41419610272115587,0.8090727013505135
256,9.405,45.705,0.4482758620689655,0.4443205913871802,0.310256138076937,0.2760371131069464,0.7170696663870014
257,9.405,45.771,0.3793103448275862,0.38417125233507976,0.45243581645452047,0.22759231563525256,0.6812226204685764
258,9.405,45.837,0.293103448275862,0.21285151650715511,0.6456389667972985,0.12769904930380266,0.4872434643916317
259,9.405,45.903,0.2068965517241379,0.15615648604593582,0.7219265344192812,0.0919516747801086,0.33457447497865545
260,9.405,45.969,0.1034482758620689,0.07248860977437663,0.8329313680902062,0.02596366510637889,0.2715232039715241
261,9.405,46.035,0.0862068965517241,0.05449691953160134,0.8630259220769552,0.021342883786585866,0.2213714765730915
262,9.405,46.101,0.0689655172413793,0.08846261978463377,0.7293042137324764,0.05623228458046873,0.33076296177858205
263,9.405,46.167,0.0517241379310344,0.06581118885545065,0.7760972894883822,0.037167066634613104,0.2122205205758058
264,9.405,46.233,0.0172413793103448,0.09369399380217269,0.7447857510818743,0.06317195373160854,0.21812905002243158
265,9.405,46.299,0.0172413793103448,0.028105058489345806,0.9112273870668197,0.014650373244004223,0.09069437359104705
266,9.405,46.365,0.0172413793103448,0.0464672584711219,0.8810380035789223,0.01892323713281442,0.15342546888729425
267,9.405,46.431,0.0172413793103448,0.01844246540004187,0.9113560068393384,0.005112972516378267,0.13183087194539375
268,9.405,46.497,0.0172413793103448,0.02231583849565478,0.8753263289429426,0.006282621258585952,0.16500963408903854
269,9.471,45.111,0.396551724137931,0.15851096042659268,0.06799429254215919,0.12162416752040119,0.46732631076690695
270,9.471,45.177,0.4482758620689655,0.15692653624383213,0.040388261929333306,0.1399742149615906,0.49864355788578674
271,9.471,45.243,0.4655172413793103,0.2389723161669775,0.051329603660357825,0.229618778866706,0.5789366452647735
272,9.471,45.309,0.5172413793103449,0.20890323163492389,0.038791848913509556,0.21024939583977337,0.569617553557712
273,9.471,45.375,0.5344827586206896,0.24640124171900118,0.04648236393551435,0.25673425308666975,0.5904504892279281
274,9.471,45.441,0.5517241379310345,0.2927816674211553,0.040231856192765564,0.3003800706707738,0.6308563349881393
275,9.471,45.507,0.5344827586206896,0.3797793159700942,0.06516863819036738,0.37634718206547707,0.6615504777873839
276,9.471,45.573,0.5172413793103449,0.4674026635651259,0.08262992490027543,0.4277040082198738,0.6951687094852924
277,9.471,45.639,0.4655172413793103,0.5112821724081366,0.15927855669464888,0.39936588341284857,0.7057106964863383
278,9.471,45.705,0.4310344827586206,0.4137262629929857,0.3283023956518475,0.27653276342612887,0.6493350591928263
279,9.471,45.771,0.3620689655172414,0.3405619277966011,0.5080225710607891,0.1992552160777851,0.5867953123685159
280,9.471,45.837,0.293103448275862,0.20191207146271875,0.6770396130221825,0.1007809327316123,0.4790352170721614
281,9.471,45.903,0.1551724137931034,0.12273976697537498,0.7731570689820737,0.05719130034162744,0.28931126345246555
282,9.471,45.969,0.0862068965517241,0.0397067147972577,0.8822441252730435,0.013471746852709025,0.1665819398253442
283,9.471,46.035,0.0344827586206896,0.046844498357158794,0.8948985761473781,0.0182983947408825,0.14153445460630007
284,9.471,46.101,0.0517241379310344,0.08868270857024367,0.7948984012327589,0.059363726790888444,0.2803292305993022
285,9.471,46.167,0.0517241379310344,0.07890421501772099,0.7975968902409698,0.05160157251125669,0.22499986870266556
286,9.471,46.233,0.0172413793103448,0.10548688361607972,0.741037266805747,0.07545497860256231,0.26453876767660595
287,9.471,46.299,0.0172413793103448,0.05008914044236649,0.869905815813248,0.029567343336524866,0.1001425592267958
288,9.471,46.365,0.0172413793103448,0.04175460259261887,0.9058689769099401,0.01986534863132191,0.0886627790430577
289,9.471,46.431,0.0172413793103448,0.002695163990926263,0.9696436488647721,0.00010468293690967349,0.02752700071920755
290,9.471,46.497,0.0172413793103448,0.0013839172151334437,0.9409471089717171,0.0,0.0385745624027864
291,9.537,45.111,0.396551724137931,0.1877110950078225,0.05624517976131397,0.16582930691488307,0.47944607294976466
292,9.537,45.177,0.4655172413793103,0.16618789772776693,0.04991821980580111,0.15076067328353188,0.48028331530770335
293,9.537,45.243,0.4655172413793103,0.22711667539364744,0.0550326182585808,0.22039654557950175,0.5370875483607078
294,9.537,45.309,0.5172413793103449,0.21347135192894143,0.044587373215730274,0.2102225188286228,0.5424346698021988
295,9.537,45.375,0.5517241379310345,0.21287600014505909,0.06108864301025078,0.20174818665668257,0.4982322438272485
296,9.537,45.441,0.5517241379310345,0.25977032267104777,0.052132335222929614,0.2528107238910283,0.556902859039291
297,9.537,45.507,0.5344827586206896,0.33137440989309813,0.052881896571485724,0.3094620678217979,0.5511165519983833
298,9.537,45.573,0.5172413793103449,0.46152835106105855,0.06332618628548069,0.43821248287260006,0.662225877164752
299,9.537,45.639,0.4655172413793103,0.5289349879706321,0.14458176702745468,0.43663173459496696,0.6569473151076447
300,9.537,45.705,0.4310344827586206,0.45275635880731235,0.34061759885822224,0.33496595529858597,0.6417307287086421
301,9.537,45.771,0.3103448275862069,0.3210906307560772,0.5504340962970964,0.1906907830514598,0.5328498015569566
302,9.537,45.837,0.2068965517241379,0.12495516133166348,0.7672286803371259,0.04694063763235455,0.35798340435628107
303,9.537,45.903,0.1034482758620689,0.06281150411219077,0.8445953012623971,0.013218185212164406,0.23375772002055997
304,9.537,45.969,0.0344827586206896,0.03230681730155985,0.8953732475548106,0.007761004146291028,0.1552580642326848
305,9.537,46.035,0.0172413793103448,0.034364518528084344,0.9162693285069359,0.011309285496557863,0.15607554412800057
306,9.537,46.101,0.0172413793103448,0.0662138355719428,0.8637615725406516,0.04528032839838194,0.24157711452638259
307,9.537,46.167,0.0172413793103448,0.062237683666536314,0.8732595549303099,0.04249150282711886,0.20689550743754248
308,9.537,46.233,0.0172413793103448,0.07669831941034473,0.8486548093778901,0.05260016547931485,0.22413586478991263
309,9.537,46.299,0.0172413793103448,0.017281204946374664,0.9589164482912006,0.007880341074907569,0.0418388772800395
310,9.537,46.365,0.0172413793103448,0.007567592683627356,0.961347670753385,0.0010753230585330645,0.029700765127326095
311,9.603,45.111,0.4310344827586206,0.22211931611221608,0.047070267392465295,0.23676930838160515,0.5090999808782718
312,9.603,45.177,0.4655172413793103,0.17446505885475005,0.050478911192628394,0.17997870936424362,0.4467366964306335
313,9.603,45.243,0.4655172413793103,0.19963046848437066,0.045531160220958246,0.2052213489551644,0.4788602682186521
314,9.603,45.309,0.5344827586206896,0.22446770426010185,0.03422658927069785,0.20816766167940928,0.5120238640558298
315,9.603,45.375,0.5517241379310345,0.20337083072904563,0.028326569231084182,0.18083189039508604,0.46022185778316543
316,9.603,45.441,0.5689655172413793,0.30386187928050057,0.018823692712934288,0.2851355276268589,0.5679373888742065
317,9.603,45.507,0.5689655172413793,0.3096610025760174,0.03325577599581429,0.2823644082166823,0.5072130729666195
318,9.603,45.573,0.5344827586206896,0.46756226479794044,0.049298500881823026,0.44434388373731704,0.6421005987378919
319,9.603,45.639,0.4655172413793103,0.5497338322714475,0.11156804796729344,0.4498281793280787,0.6333081966308778
320,9.603,45.705,0.4137931034482758,0.46464774811618004,0.3335176909278595,0.35473685692551765,0.6187583039583007
321,9.603,45.771,0.293103448275862,0.3371827826857535,0.5360050870797759,0.20070875206993224,0.5211893430528844
322,9.603,45.837,0.1896551724137931,0.12147190053593615,0.7461296646926454,0.04295149535711489,0.3656964778527274
323,9.603,45.903,0.1034482758620689,0.06641965627495378,0.8210086775070881,0.01999751885303571,0.2954477943043609
324,9.603,45.969,0.0172413793103448,0.02607190991261221,0.8980272800337973,0.00981099822884355,0.16554666370186383
325,9.603,46.035,0.0172413793103448,0.027742960508675273,0.9211737136843853,0.008357835679148178,0.17580965646418756
326,9.603,46.101,0.0172413793103448,0.06360769555820059,0.8634363463309292,0.03635152110079986,0.2604077530561986
327,9.603,46.167,0.0172413793103448,0.04761247267158093,0.8839886748808059,0.02289393127863405,0.20781366770053633
328,9.603,46.233,0.0172413793103448,0.06565025466285819,0.8653021149807402,0.04060928367096496,0.22598136195254842
329,9.603,46.299,0.0172413793103448,0.0052745740804639165,0.985826281373419,0.0018027771316552076,0.025847674256288363
330,9.669,45.045,0.396551724137931,0.16187233628776015,0.05679408701353984,0.1728640088393008,0.44518412528014056
331,9.669,45.111,0.4482758620689655,0.22013417339111807,0.03770442071522327,0.22130903765009796,0.47716411523879576
332,9.669,45.177,0.4655172413793103,0.16424837281987958,0.0528829985859792,0.17039655270766138,0.43441136298988664
333,9.669,45.243,0.4655172413793103,0.18812539609757012,0.04625198945419993,0.18666513162500728,0.45329236990719185
334,9.669,45.309,0.5172413793103449,0.20977165293828876,0.048845736322297204,0.19325971319879287,0.456247142465664
335,9.669,45.375,0.5517241379310345,0.18965036989398645,0.031702890888856354,0.18067779531424832,0.45370856981439567
336,9.669,45.441,0.5689655172413793,0.31474029513921414,0.024014610077344654,0.2881314066121644,0.5734847605676624
337,9.669,45.507,0.5689655172413793,0.30576854363047146,0.032548182018962535,0.28585680876638686,0.4978458179485336
338,9.669,45.573,0.5344827586206896,0.46596139225765004,0.04536892532731049,0.4720284437643582,0.6462120383340545
339,9.669,45.639,0.4655172413793103,0.5837362989563812,0.09140028168914477,0.4885693089509175,0.6549555013633004
340,9.669,45.705,0.4137931034482758,0.48513794112088154,0.3101333584032367,0.40460487430943404,0.6337367590070406
341,9.669,45.771,0.2758620689655172,0.38956471276959004,0.5283804002848832,0.23633297481696663,0.5514471076177375
342,9.669,45.837,0.1896551724137931,0.11541221292367004,0.7806053079320946,0.03863455664921472,0.3293639695684472
343,9.669,45.903,0.1034482758620689,0.05478196691450974,0.863872375735349,0.015269199121586932,0.25330569850516677
344,9.669,45.969,0.0172413793103448,0.029410150302541224,0.9056233603649414,0.011447390877839326,0.16479347594014723
345,9.669,46.035,0.0172413793103448,0.02618729869013493,0.9298355232267711,0.009049455437957874,0.1646081351910865
346,9.669,46.101,0.0172413793103448,0.05878372669872047,0.8565830396507516,0.03783959238570267,0.26856691915190395
347,9.669,46.167,0.0172413793103448,0.042382983315554845,0.8998505767344185,0.02743940447558554,0.1899511350170283
348,9.669,46.233,0.0172413793103448,0.06048851946339422,0.8638016183179325,0.041080275081109285,0.23646381886899404
349,9.669,46.299,0.0172413793103448,0.004411976475321174,0.9890090608858657,0.001723595647796891,0.02279500946548239
350,9.735,45.045,0.396551724137931,0.15250202767700013,0.044560583236357275,0.14695344469872942,0.4360671996898363
351,9.735,45.111,0.4482758620689655,0.19727433201407416,0.046712391271708606,0.198897468065277,0.4669426547184297
352,9.735,45.177,0.4655172413793103,0.170928736562764,0.05511641465961524,0.17889071309904145,0.42290773195671977
353,9.735,45.243,0.4655172413793103,0.18825903897200477,0.043327349616410396,0.1874347524135544,0.43186337643372813
354,9.735,45.309,0.5172413793103449,0.17954132283531438,0.0443755116078764,0.16653594070585886,0.4170845658785873
355,9.735,45.375,0.5689655172413793,0.1838556818136307,0.029822880474409386,0.17518552331084808,0.4279242684674834
356,9.735,45.441,0.5862068965517241,0.25753993926194063,0.03116598438648969,0.24849981268167398,0.5261151949954823
357,9.735,45.507,0.5517241379310345,0.24882373176925232,0.027639281678144292,0.24366052270004615,0.4993186930615224
358,9.735,45.573,0.5172413793103449,0.38157003027970937,0.03144136926913119,0.3952546507617614,0.6262659758274564
359,9.735,45.639,0.4655172413793103,0.4935628288088076,0.11391018611900168,0.3937666937148203,0.6142110278799272
360,9.735,45.705,0.396551724137931,0.4144719491696179,0.3442772340124435,0.33501922597862377,0.5683195741131045
361,9.735,45.771,0.2758620689655172,0.3345119036247242,0.5633225425539194,0.20097798383294896,0.46549772812069545
362,9.735,45.837,0.1896551724137931,0.11645930696127421,0.7698003639211168,0.050150070388648375,0.29794512363707676
363,9.735,45.903,0.0862068965517241,0.0521370875680691,0.8579995513437016,0.01643533987627032,0.23898681129584295
364,9.735,45.969,0.0172413793103448,0.033556883418893166,0.8975873769172525,0.013000460671025116,0.16397997072220166
365,9.735,46.035,0.0172413793103448,0.016269518760627297,0.9493802692096891,0.005114949637124632,0.09837161241895061
366,9.735,46.101,0.0172413793103448,0.04974149315654168,0.8525157849111586,0.034973076685484855,0.2269226106450808
367,9.735,46.167,0.0172413793103448,0.03059509049192515,0.904222416021444,0.022732506531088825,0.12783305306506848
368,9.735,46.233,0.0172413793103448,0.05021099982069533,0.8611439088298243,0.03767050655699923,0.2064642783642088
369,9.735,46.299,0.0172413793103448,0.004631453001509341,0.9812535367090461,0.003631164285807186,0.016392404283150936
370,9.735,46.365,0.0172413793103448,0.004373893892939494,0.9867142024711187,0.0061416137153834875,0.01889805206877117
371,9.801,45.045,0.4310344827586206,0.12376428046659174,0.050312957431803904,0.10360272377804652,0.36626659845047665
372,9.801,45.111,0.4482758620689655,0.1531662338069462,0.05284360378634108,0.14502004730578427,0.3945457284818361
373,9.801,45.177,0.4655172413793103,0.12679127500070334,0.045083165416988195,0.11931347968129173,0.3731313892694792
374,9.801,45.243,0.4655172413793103,0.15137239486309348,0.04347120243987779,0.1496411030482991,0.39921994800680033
375,9.801,45.309,0.5517241379310345,0.15595008978647132,0.04622192342186212,0.1533844012526552,0.3994422397585274
376,9.801,45.375,0.5862068965517241,0.16938174172944234,0.04259766483775946,0.16712791459474252,0.42149965619164054
377,9.801,45.441,0.603448275862069,0.21686982144300654,0.046663537535779266,0.21960710595059552,0.4970313636060906
378,9.801,45.507,0.5517241379310345,0.25704159351608413,0.05379500423908267,0.24052166080629672,0.5062889821385683
379,9.801,45.573,0.5,0.37574651025150124,0.07659022743872881,0.37730536707082324,0.6134973175800907
380,9.801,45.639,0.4655172413793103,0.4141225433308918,0.20261752103920394,0.35027216912787185,0.5529760851275286
381,9.801,45.705,0.3793103448275862,0.3897041483719733,0.36603312211747585,0.31439603612956646,0.5534900095607022
382,9.801,45.771,0.2758620689655172,0.2681895483700079,0.594774291898909,0.1605049051210186,0.417277844093948
383,9.801,45.837,0.1896551724137931,0.1420845645212625,0.7347818825458302,0.06817619899222775,0.32077182389685915
384,9.801,45.903,0.0862068965517241,0.05818484191300498,0.8590861404740032,0.027149522754885396,0.16501080215164332
385,9.801,45.969,0.0172413793103448,0.024946406409041815,0.9146419587851885,0.007206808317628652,0.10219406699608244
386,9.801,46.035,0.0172413793103448,0.010682148020643151,0.9562480431598602,0.004174067344872569,0.0600572784469667
387,9.801,46.101,0.0172413793103448,0.06261119274227867,0.8491231904960426,0.04345641521928469,0.24184248531172423
388,9.801,46.167,0.0172413793103448,0.05014628277262432,0.8873015404873785,0.02769911725196404,0.1925750369308788
389,9.801,46.233,0.0172413793103448,0.07397199306101929,0.8373125593146807,0.0489018539038642,0.279058862822658
390,9.801,46.299,0.0172413793103448,0.02045136714185463,0.9549409332475786,0.007822154558946056,0.08589874948200672
391,9.801,46.365,0.0172413793103448,0.020450309491692388,0.9524030008422426,0.015003118709637608,0.07305467455513835
392,9.867,45.045,0.4310344827586206,0.07940009329741127,0.08146750485796364,0.06489057739335462,0.2700312222329533
393,9.867,45.111,0.4482758620689655,0.1382300039510647,0.06068912059573877,0.1477505122248344,0.3656861114816209
394,9.867,45.177,0.4827586206896552,0.1273943602004657,0.04799583216836707,0.13239374698390088,0.36991926974665185
395,9.867,45.243,0.5,0.1456090950016861,0.04104250041139618,0.15260144101296794,0.3935020872812702
396,9.867,45.309,0.5344827586206896,0.1330423437480514,0.03614192008901356,0.12505597618853723,0.37158292417164657
397,9.867,45.375,0.603448275862069,0.1540894853898917,0.039619472302587465,0.14635789678988703,0.3999185556073745
398,9.867,45.441,0.603448275862069,0.21813738981281197,0.02918411691753357,0.21850740722375991,0.5082872998167769
399,9.867,45.507,0.5517241379310345,0.25774456082547953,0.03363051859766782,0.2545791709244444,0.5389055448617602
400,9.867,45.573,0.5,0.36835197915269674,0.0726057974366111,0.3444125060310854,0.6245062724720026
401,9.867,45.639,0.4827586206896552,0.3459113488239188,0.24741613866229661,0.26663830118962795,0.503795619643477
402,9.867,45.705,0.3793103448275862,0.3330376868559882,0.4060216085670279,0.23690754440773365,0.49318594203435484
403,9.867,45.771,0.2758620689655172,0.19478489129169327,0.6331187527577454,0.11092528689488403,0.30663034250993204
404,9.867,45.837,0.1724137931034483,0.11898025032627585,0.7306808511575069,0.0567366238535025,0.24002505404528252
405,9.867,45.903,0.0689655172413793,0.07634201931094937,0.8111793372369435,0.03873577003750524,0.18917867638787064
406,9.867,45.969,0.0172413793103448,0.04476688363966915,0.8796375226162854,0.01610792230874905,0.1371730179657769
407,9.867,46.035,0.0172413793103448,0.014458487879948056,0.941643829796867,0.0033661023674693372,0.07571559585985335
408,9.867,46.101,0.0172413793103448,0.06262209763125669,0.8548218424670246,0.03960311995650187,0.24029478034295673
409,9.867,46.167,0.0172413793103448,0.03926002867357301,0.8926514363594548,0.022491222579359954,0.17671033946837578
410,9.867,46.233,0.0172413793103448,0.0712380553869657,0.8421279930415989,0.04796934794966493,0.2621544078361376
411,9.867,46.299,0.0172413793103448,0.013316576621878488,0.966440614641572,0.007438142192031884,0.06416713181011748
412,9.867,46.365,0.0172413793103448,0.023390288543962304,0.9422344546284999,0.020048401612615493,0.08768185334776132
413,9.933,45.111,0.4827586206896552,0.2266056800985487,0.04412838216876895,0.23726182137351465,0.4245248333229154
414,9.933,45.177,0.5344827586206896,0.16824924417362402,0.04385345394513171,0.1692065927739394,0.37798170102382445
415,9.933,45.243,0.5,0.16380739571765227,0.0366837131807776,0.17310202026963556,0.3933044856486853
416,9.933,45.309,0.5344827586206896,0.15633656031731402,0.028396829817183087,0.14348322500529898,0.4270744316235745
417,9.933,45.375,0.5689655172413793,0.16182154509108465,0.042855393288013424,0.1589140160551816,0.434311219709998
418,9.933,45.441,0.5689655172413793,0.2132616229689133,0.029206673132732806,0.19582629134555368,0.5407939423144627
419,9.933,45.507,0.5517241379310345,0.280601365924968,0.037797324434233,0.2537641275315464,0.5578382423398589
420,9.933,45.573,0.5,0.3738753893712589,0.10154673220871903,0.3138697910042925,0.6107176264514819
421,9.933,45.639,0.4827586206896552,0.29383541123219525,0.31191756955081756,0.22703661591443178,0.44586723822833224
422,9.933,45.705,0.3620689655172414,0.24476803167277722,0.4734689135284129,0.16481654550116204,0.3619576653734114
423,9.933,45.771,0.2758620689655172,0.13854793668274515,0.6612299695291721,0.07328713311003812,0.24623457771286714
424,9.933,45.837,0.1724137931034483,0.13917662004622394,0.6798708080521475,0.06959550336215113,0.26758331144182546
425,9.933,45.903,0.0689655172413793,0.07989143708112065,0.7978282587518217,0.03707586497455011,0.16689334309359816
426,9.933,45.969,0.0172413793103448,0.05042776284901058,0.8771860456132284,0.019125914292979287,0.1001462536917854
427,9.933,46.035,0.0172413793103448,0.015006203791129949,0.9386995674566386,0.0030226086988954914,0.06874206882067906
428,9.933,46.101,0.0172413793103448,0.06569551382435404,0.8472676975920869,0.03348633829730938,0.2579634173851358
429,9.933,46.167,0.0172413793103448,0.051081016565024576,0.88609826879996,0.02641618444918956,0.2123916445904616
430,9.933,46.233,0.0172413793103448,0.08285903283991197,0.8223233446111695,0.04367328448249317,0.3391240795197521
431,9.933,46.299,0.0172413793103448,0.0196330944580217,0.9553542767161327,0.00766376703151393,0.09707663534600854
432,9.933,46.365,0.0172413793103448,0.02472045253545894,0.9426911866784378,0.019287448723428836,0.09069558301865199
433,9.999,45.045,0.4482758620689655,0.25205173206422266,0.07806412901879953,0.22739206420397298,0.5323461430330779
434,9.999,45.111,0.4827586206896552,0.20839870045323333,0.04016960479529478,0.21636961933258778,0.49928958068311663
435,9.999,45.177,0.5344827586206896,0.18986358639832263,0.031766408790782824,0.18356352765591574,0.455798980805771
436,9.999,45.243,0.5,0.177985831777894,0.032346190592912376,0.186905482512875,0.4260313982375224
437,9.999,45.309,0.5517241379310345,0.1549470595505054,0.02807941147011378,0.1438030959985894,0.434435561791514
438,9.999,45.375,0.5689655172413793,0.18153456516951424,0.026750347989657523,0.17706262004546175,0.44149662455836414
439,9.999,45.441,0.5517241379310345,0.24425166910410984,0.008736250179127193,0.22866822430649986,0.582187416948501
440,9.999,45.507,0.5344827586206896,0.3217897778571578,0.021840872290319172,0.30487633369651385,0.6379208516965861
441,9.999,45.573,0.4827586206896552,0.3494806452086214,0.11686849027302151,0.2988535214373759,0.6653176371670523
442,9.999,45.639,0.4482758620689655,0.3022291575043542,0.28730341239856927,0.23149898967032204,0.5418829462752018
443,9.999,45.705,0.3103448275862069,0.20102359525683638,0.41415005397599275,0.12156016440652427,0.39810779423448045
444,9.999,45.771,0.293103448275862,0.09845212567372709,0.5873137994081825,0.038799341655801,0.2539671018388071
445,9.999,45.837,0.1724137931034483,0.11587736716741147,0.6555230026914689,0.0442921580970835,0.24102086315987678
446,9.999,45.903,0.0689655172413793,0.08358110042550551,0.7872251174382422,0.027748422139459942,0.19576833761171128
447,9.999,45.969,0.0172413793103448,0.07303916668557592,0.8387714084804937,0.02199298093830502,0.17398045151944044
448,9.999,46.035,0.0172413793103448,0.016065605398340562,0.9359542971139311,0.003912346366345742,0.07941747117567846
449,9.999,46.101,0.0172413793103448,0.05015925280389713,0.8514128470043161,0.022163367943180523,0.23486218178790821
450,9.999,46.167,0.0172413793103448,0.03245374716734974,0.9008124334329976,0.014583793439390317,0.16553797060746975
451,9.999,46.233,0.0172413793103448,0.06253721569221095,0.8243192164185889,0.03148181798325388,0.28908178856989475
452,9.999,46.299,0.0172413793103448,0.004318800938541414,0.9814433045467085,0.005553208623324805,0.03645602987790475
453,9.999,46.365,0.0172413793103448,0.007143744984589476,0.9728606297272364,0.009522586860614284,0.04679107893478665
454,10.065,45.045,0.4482758620689655,0.2177933237551144,0.03199871356261405,0.19404683469072906,0.5094489839777211
455,10.065,45.111,0.4827586206896552,0.1920527168161577,0.024067432352122473,0.1910861340364371,0.4775352933530695
456,10.065,45.177,0.5,0.2098685359398785,0.01836883738975853,0.20252249543570722,0.4996535857977064
457,10.065,45.243,0.5344827586206896,0.19021123974769216,0.018594506895433082,0.2005072091915066,0.4890219325644737
458,10.065,45.309,0.5517241379310345,0.1748871122554006,0.01934360358449852,0.1739861389477076,0.49718490818760464
459,10.065,45.375,0.5689655172413793,0.19924118001388502,0.021154345808913986,0.18989326867850498,0.509595483555138
460,10.065,45.441,0.5517241379310345,0.2607097508695947,0.015809754568994576,0.26273008566509665,0.6186887690960967
461,10.065,45.507,0.5172413793103449,0.35495316499237817,0.029724262214662518,0.3457026936674723,0.6610570544359918
462,10.065,45.573,0.4827586206896552,0.35541727465833073,0.18867966444260753,0.329194706238682,0.6270405623034145
463,10.065,45.639,0.4310344827586206,0.27126418809702285,0.33682915024210647,0.22372202602957064,0.4825960923194756
464,10.065,45.705,0.3103448275862069,0.1304232876376312,0.5621019381125476,0.07751690680687497,0.3285533978139693
465,10.065,45.771,0.2586206896551724,0.12136784774298674,0.6166874723932447,0.07310334555840411,0.3021554326933129
466,10.065,45.837,0.1379310344827586,0.11583961695325384,0.679615155365762,0.06920593455909592,0.2803894588738251
467,10.065,45.903,0.0689655172413793,0.10041392623554692,0.7693595013292152,0.061479427584786465,0.25982448390225504
468,10.065,45.969,0.0172413793103448,0.04725506964745675,0.8813659110452945,0.012141356853020679,0.1365412896516326
469,10.065,46.035,0.0172413793103448,0.014442931846848186,0.9404889251667068,0.00418415824434621,0.09016521112031126
470,10.065,46.101,0.0172413793103448,0.048423309361190034,0.8512645536545101,0.019914484122718516,0.2235972783069776
471,10.065,46.167,0.0172413793103448,0.0438434746622354,0.8783748477166541,0.021815319072022502,0.18913716080975207
472,10.065,46.233,0.0172413793103448,0.07483362000201922,0.7925047916691688,0.03611424466016037,0.32309587415441127
473,10.065,46.299,0.0172413793103448,0.02177391556703859,0.9517562142036964,0.013998951866073866,0.07071501673755673
474,10.065,46.431,0.0,0.009439080512745317,0.9191834073004559,0.0032187739163606587,0.05037343459311587
475,10.065,46.497,0.0,0.022025921938692017,0.8767830947907149,0.00624020130218147,0.089050841675724
476,10.065,46.563,0.0,0.02503908926339891,0.8509643141522993,0.006917242741089043,0.09425126046874668
477,10.131,45.045,0.4482758620689655,0.1450764659330323,0.029186457282490277,0.12436223827570982,0.46040024737334284
478,10.131,45.111,0.4827586206896552,0.14414549555257877,0.02320601036449361,0.13287886213940575,0.4633353595528375
479,10.131,45.177,0.5172413793103449,0.16046968914680462,0.013278112997763759,0.147478813049091,0.5029855816174024
480,10.131,45.243,0.5344827586206896,0.1694591414940539,0.017382663006886633,0.16915882551495165,0.49162968022258424
481,10.131,45.309,0.5689655172413793,0.19306359595130965,0.02387423981267748,0.1954447954789847,0.5377128406118367
482,10.131,45.375,0.5517241379310345,0.21434711500755757,0.021547890534132554,0.21937678052843176,0.5378169362744787
483,10.131,45.441,0.5344827586206896,0.3617435474414785,0.015564654855021991,0.3776396161407751,0.7195301712571688
484,10.131,45.507,0.5,0.4462395476790658,0.05181262624781423,0.41432661597762666,0.7441311144718232
485,10.131,45.573,0.4827586206896552,0.43987602419615285,0.2651223108502575,0.3982124451242131,0.7347542585627452
486,10.131,45.639,0.3448275862068966,0.3201930037743287,0.4024307660116612,0.24582560466058564,0.5254716334872177
487,10.131,45.705,0.293103448275862,0.13234186695909783,0.6165296801620123,0.08068647412955275,0.34069648698989574
488,10.131,45.771,0.2068965517241379,0.1172430427557687,0.6114652437894785,0.07205761161567904,0.31650067355689
489,10.131,45.837,0.1379310344827586,0.08725382525781258,0.7257703289062762,0.038420300097852515,0.2504479651390411
490,10.131,45.903,0.0689655172413793,0.12391254958287726,0.7481742552872175,0.07119915454360481,0.28744565588236953
491,10.131,45.969,0.0172413793103448,0.06248647003996546,0.8675079630646324,0.023923372574296574,0.16092301429480688
492,10.131,46.035,0.0172413793103448,0.015710852602044894,0.9359441302687802,0.0052846136169238354,0.10590327578654501
493,10.131,46.101,0.0172413793103448,0.03355133863761566,0.8789457624958579,0.012086621685691393,0.18055610131451258
494,10.131,46.167,0.0172413793103448,0.03983308241552062,0.8642369635505811,0.018497832358273295,0.1941258371884175
495,10.131,46.233,0.0172413793103448,0.05081834506977647,0.809086001927772,0.018505216876555725,0.2790042246332651
496,10.131,46.299,0.0172413793103448,0.033124676842584855,0.9002851960076061,0.016418450186912816,0.14582391629304797
497,10.131,46.365,0.0172413793103448,0.00031836304207956683,0.9744893049617169,0.00010084320234370379,0.01957447010719219
498,10.131,46.431,0.0172413793103448,0.006006610261142181,0.93744722668058,0.0019010468881981767,0.05061854416108833
499,10.131,46.497,0.0172413793103448,0.009318011848356667,0.9241741694424456,0.002149565012375173,0.06705909637140098
500,10.131,46.563,0.0172413793103448,0.008198322782266987,0.906743074604416,0.002631681814703211,0.07676017901651835
501,10.131,46.629,0.0,0.018863950335399046,0.8667283303541017,0.004560345967369769,0.10781415431655941
502,10.197,45.045,0.4482758620689655,0.08728074812226239,0.0239601385513788,0.0729563878022519,0.3484813136384787
503,10.197,45.111,0.4655172413793103,0.10178782030809051,0.021518546229311136,0.0908132320373338,0.3665432787110866
504,10.197,45.177,0.5172413793103449,0.1314790479926561,0.009025365008373335,0.12478738141061274,0.46170825962253376
505,10.197,45.243,0.5517241379310345,0.15179917626256698,0.010266408813014109,0.157841985690442,0.46222129337964135
506,10.197,45.309,0.5689655172413793,0.19558070252739668,0.012506604592799954,0.19136003386046788,0.5549445957251757
507,10.197,45.375,0.5517241379310345,0.2558024122766599,0.020314651325204127,0.27739905483641425,0.5428926417875056
508,10.197,45.441,0.5344827586206896,0.4185704270230463,0.038057662541859036,0.44918258228443236,0.705187743647628
509,10.197,45.507,0.4827586206896552,0.47066179257702984,0.14279359571947164,0.4609057893151007,0.6621709926153679
510,10.197,45.573,0.4827586206896552,0.4317853398427342,0.38487890450134515,0.3941121930549553,0.6214226287042843
511,10.197,45.639,0.3103448275862069,0.2767843687196708,0.5991382378802167,0.19178014649634667,0.38769069633043424
512,10.197,45.705,0.2413793103448276,0.11303628672457942,0.7784415265238472,0.061176939198861,0.2879860255807194
513,10.197,45.771,0.1379310344827586,0.1002595400778297,0.7625824459248436,0.06701274644477696,0.2696243592665696
514,10.197,45.837,0.1034482758620689,0.10936999154395201,0.7597633897157043,0.08376787902807457,0.29168215049840907
515,10.197,45.903,0.0689655172413793,0.0975282714229511,0.7851927444480279,0.07681377323524233,0.2804423612190055
516,10.197,45.969,0.0172413793103448,0.07214931829212223,0.8557535051013565,0.047526637526547975,0.22576064040600702
517,10.197,46.035,0.0172413793103448,0.031504473690690614,0.9159649260286225,0.01476226455004311,0.14271910670143984
518,10.197,46.101,0.0172413793103448,0.025446140923069564,0.8963441438853795,0.0072243763809252855,0.16784036112862466
519,10.197,46.167,0.0172413793103448,0.044995202175125225,0.8557610016064657,0.0190304027440644,0.2396572710879117
520,10.197,46.233,0.0172413793103448,0.051633680708085425,0.8156726342356384,0.022063210989965363,0.28019452875827183
521,10.197,46.299,0.0172413793103448,0.042095477535115604,0.8604645724486664,0.020467281837791697,0.23094015176726335
522,10.197,46.365,0.0172413793103448,0.011311229400849013,0.9280247651039143,0.005173666275071876,0.08121813029253008
523,10.197,46.431,0.0172413793103448,0.008379229494284619,0.9292152191726017,0.0017649424412175623,0.06456869165903609
524,10.197,46.497,0.0172413793103448,0.014866512473969608,0.8962717160439835,0.005305976500469296,0.0868917683724246
525,10.197,46.563,0.0172413793103448,0.019927133281424675,0.8673050277802068,0.007214138334280853,0.11348125267271601
526,10.197,46.629,0.0172413793103448,0.01931796152566447,0.8734326262472042,0.008913366333569083,0.1186949781421656
527,10.263,44.979,0.4137931034482758,0.07879024721361166,0.049668487095436975,0.04900257730384491,0.26948409411479646
528,10.263,45.045,0.4482758620689655,0.09277133641456202,0.024538093282234687,0.0701656965370827,0.32606362176616066
529,10.263,45.111,0.4655172413793103,0.09285173364364109,0.02003300044022268,0.07819310580299259,0.33230366390650806
530,10.263,45.177,0.4827586206896552,0.11659843267796421,0.009570995122005065,0.10176763565351897,0.42135857842499436
531,10.263,45.243,0.5517241379310345,0.13821911308584364,0.013416872660659348,0.13832253266326974,0.45154973562848777
532,10.263,45.309,0.5689655172413793,0.18613999772115625,0.012826281149811441,0.1882801180320901,0.5393455721112287
533,10.263,45.375,0.5517241379310345,0.2897062539328151,0.015435384649685571,0.3670915677950508,0.587806691438567
534,10.263,45.441,0.5172413793103449,0.42944554772577265,0.04841413211472505,0.47205123893744216,0.7202880572716422
535,10.263,45.507,0.4827586206896552,0.478152084072476,0.225726139097128,0.5086537760694516,0.6532622598738349
536,10.263,45.573,0.4137931034482758,0.4128142943641378,0.4645561487834323,0.3705579658324342,0.5550120855179863
537,10.263,45.639,0.2758620689655172,0.22466616031806858,0.7070075950453212,0.1559791296577257,0.3093513227780504
538,10.263,45.705,0.1896551724137931,0.0988337327525376,0.81831114282252,0.053561851834814746,0.2608397597675096
539,10.263,45.771,0.1034482758620689,0.04125669728390576,0.8575883304587999,0.02175546105512244,0.1523251194028854
540,10.263,45.837,0.0862068965517241,0.06823033457965999,0.8115004575304469,0.042684097185691224,0.2257246725736813
541,10.263,45.903,0.0517241379310344,0.08058696484690055,0.8070274856958412,0.04819083800540009,0.2134887660740037
542,10.263,45.969,0.0172413793103448,0.08716618763984782,0.8261928945017473,0.06167520072310552,0.22720485190028553
543,10.263,46.035,0.0172413793103448,0.07039766768510082,0.8498161082443468,0.047049896120665846,0.25273299228572976
544,10.263,46.101,0.0172413793103448,0.048153080460561944,0.861507847982418,0.030846026414809494,0.24027143869685164
545,10.263,46.167,0.0172413793103448,0.04557181530302354,0.847673933964813,0.022656495772477844,0.26402856901587535
546,10.263,46.233,0.0172413793103448,0.04342725856885841,0.8274583737322294,0.019071114215350776,0.2535402021335429
547,10.263,46.299,0.0172413793103448,0.027589995443294248,0.8851665103809367,0.0138628572782629,0.19081935174520048
548,10.263,46.365,0.0172413793103448,0.026050973612851906,0.9040073098649912,0.015640736763784028,0.14064831774981534
549,10.263,46.431,0.0172413793103448,0.022409522036093914,0.9029476606555844,0.01231107722877581,0.14010902589089244
550,10.263,46.497,0.0172413793103448,0.017930984077629865,0.9097129295912513,0.00981642162837031,0.12802745236963428
551,10.263,46.563,0.0172413793103448,0.016199892241926913,0.8888360094836391,0.0050720119947663045,0.14186327198078652
552,10.263,46.629,0.0172413793103448,0.00561579258061202,0.9024494181543018,0.007340191899780022,0.10621768464009754
553,10.329,44.979,0.4137931034482758,0.11552042398621222,0.03534835719354269,0.07962867481287918,0.2915251803438407
554,10.329,45.045,0.4482758620689655,0.10349771343755461,0.031258903930560335,0.07885918422090353,0.2995732695714045
555,10.329,45.111,0.4482758620689655,0.09883734747118962,0.019290476504152065,0.08361679361431062,0.3199648530919416
556,10.329,45.177,0.4827586206896552,0.1301537145283132,0.011530945816580767,0.11791619104895987,0.3767136590301091
557,10.329,45.243,0.5344827586206896,0.1552681415319438,0.013309251591868004,0.15408472623338038,0.43130658449284404
558,10.329,45.309,0.5689655172413793,0.1939142258899046,0.012205545702654872,0.18852871863607537,0.4859991505448008
559,10.329,45.375,0.5517241379310345,0.2875419329696751,0.016983618889583642,0.3404383932781011,0.5890436056698087
560,10.329,45.441,0.5172413793103449,0.3872833714597885,0.057577158716959655,0.4010921788073583,0.6550433670228019
561,10.329,45.507,0.4827586206896552,0.40382219026440735,0.27122839832706735,0.43751802487885477,0.5965841320353511
562,10.329,45.573,0.3620689655172414,0.32786161066350106,0.47739517376635954,0.2883415769873092,0.5196787811053392
563,10.329,45.639,0.2758620689655172,0.17624683941063632,0.7380301075838912,0.1415290892258112,0.31936756705836117
564,10.329,45.705,0.1551724137931034,0.07998724188327708,0.8176549917276078,0.047899074973452166,0.2828101808632937
565,10.329,45.771,0.0862068965517241,0.03902535239059048,0.8586464438029814,0.022326989240906963,0.19703756565454245
566,10.329,45.837,0.0344827586206896,0.03345621992924502,0.8734108705772302,0.02351772730867597,0.19789647404099173
567,10.329,45.903,0.0172413793103448,0.05604986803980107,0.8629883659547746,0.04293545106916595,0.19067798130738264
568,10.329,45.969,0.0172413793103448,0.05297462245385694,0.8831087695086314,0.0412267754342461,0.2026245354977919
569,10.329,46.035,0.0172413793103448,0.05243699764819064,0.8823122893627655,0.03260264620403249,0.2226154134128169
570,10.329,46.101,0.0172413793103448,0.03711898172687633,0.8900465038633103,0.023426093279617807,0.18203246695457728
571,10.329,46.167,0.0172413793103448,0.032246621529204836,0.8777159050731735,0.013753081332473101,0.20880086822244584
572,10.329,46.233,0.0172413793103448,0.038804222838824225,0.860238305271769,0.019548361576828495,0.21566352315114268
573,10.329,46.299,0.0172413793103448,0.026937738353212042,0.8783969640779922,0.014534887985651317,0.18126700815079316
574,10.329,46.365,0.0172413793103448,0.026123550667204887,0.8855129708639314,0.011442745441725952,0.1393540412815846
575,10.329,46.431,0.0172413793103448,0.027313175924236738,0.8817222438079716,0.010567906428991993,0.15098398826899345
576,10.329,46.497,0.0172413793103448,0.029585150733514847,0.8892971498569269,0.010111572200540877,0.14429982420114137
577,10.329,46.563,0.0172413793103448,0.032985580824607716,0.872381864767096,0.010183138573175609,0.18373121320859642
578,10.395,44.979,0.4137931034482758,0.13869320565879736,0.018753366848333872,0.11342713876965527,0.35583740904204403
579,10.395,45.045,0.4310344827586206,0.1405085460241399,0.02113233912832514,0.11434072340055175,0.40372891512139064
580,10.395,45.111,0.4482758620689655,0.1153928481171518,0.01236737687782142,0.09432329391478593,0.3937860497102783
581,10.395,45.177,0.4827586206896552,0.13058849063562392,0.01145831782932892,0.11616669920244901,0.42175890612326566
582,10.395,45.243,0.5172413793103449,0.15794892816840117,0.01125791225169197,0.14525355877265092,0.47948911934618754
583,10.395,45.309,0.5689655172413793,0.23541542531082754,0.008451038338820539,0.2375884897858337,0.520862963257423
584,10.395,45.375,0.5344827586206896,0.3008266771771923,0.015610409364922168,0.33382959630829606,0.6323480505554979
585,10.395,45.441,0.5172413793103449,0.3482025656914384,0.05161888686270236,0.39668465771037215,0.629085364482915
586,10.395,45.507,0.4827586206896552,0.3340482475429962,0.2523107085676765,0.3626528282828451,0.6011944092289476
587,10.395,45.573,0.3448275862068966,0.250115274733489,0.4565238231784781,0.23792923993575657,0.5097450929156537
588,10.395,45.639,0.2586206896551724,0.15161821845485798,0.7170308878056333,0.13558385574976656,0.3590908435338394
589,10.395,45.705,0.1379310344827586,0.06200873093037924,0.8203496953567448,0.044573224696056915,0.2800645625569717
590,10.395,45.771,0.0689655172413793,0.038327706691410904,0.8580440660496014,0.021083204992385942,0.2172670595854128
591,10.395,45.837,0.0172413793103448,0.01594963537131056,0.8996031956926259,0.005457203901897669,0.157562792742921
592,10.395,45.903,0.0172413793103448,0.030579561294240214,0.8976072613258049,0.019871840904847442,0.14293622870913333
593,10.395,45.969,0.0172413793103448,0.04197988114256404,0.8934005927068785,0.031409963236406026,0.17705779021988663
594,10.395,46.035,0.0172413793103448,0.054059624981356316,0.8736483321657219,0.03831261740220498,0.19790087401682752
595,10.395,46.101,0.0172413793103448,0.04499410324803634,0.885314311302256,0.03127693468270349,0.18990693327384736
596,10.395,46.167,0.0172413793103448,0.041582885518343965,0.8634835394256075,0.02103682365678489,0.1921166127799672
597,10.395,46.233,0.0172413793103448,0.025535417161692227,0.9056893577190612,0.013190785092371631,0.11402933706610142
598,10.395,46.299,0.0172413793103448,0.023891711214619273,0.9017143666625731,0.01196403892976682,0.12934346830263405
599,10.395,46.365,0.0172413793103448,0.023061393654293202,0.9053988535604509,0.012975316027956959,0.12123224611549727
600,10.395,46.431,0.0172413793103448,0.02914447801755785,0.8934296254159209,0.0131121713364793,0.16181888161494767
601,10.395,46.497,0.0172413793103448,0.02828068500376862,0.8688563667325839,0.011508782511904701,0.17252040960376616
602,10.395,46.563,0.0172413793103448,0.035752097662072976,0.890496804644922,0.008193665822296569,0.19771619788591135
603,10.461,44.913,0.396551724137931,0.23620225099729505,0.021492578001126833,0.19532343743788375,0.48606945522997025
604,10.461,44.979,0.4137931034482758,0.16327028073913016,0.017247409803729515,0.1282380844997348,0.41105074625387483
605,10.461,45.045,0.4310344827586206,0.14174078817047756,0.017202525529433958,0.11947227820220625,0.4129757961355164
606,10.461,45.111,0.4482758620689655,0.11719888919019349,0.011926899784923816,0.09689247422879528,0.37077886286575085
607,10.461,45.177,0.4827586206896552,0.13961538960053033,0.011567534547355509,0.12410235925562164,0.41178099731523643
608,10.461,45.243,0.5,0.17357682254079762,0.00823172873439841,0.15861592076961795,0.43773964223577455
609,10.461,45.309,0.5517241379310345,0.2248087519518659,0.017641764703104208,0.23085542251957664,0.49355888406604964
610,10.461,45.375,0.5517241379310345,0.26343657744837445,0.03603234011230989,0.25234552702653484,0.6054012645276186
611,10.461,45.441,0.5172413793103449,0.3218708756672738,0.055230305741544417,0.2828322101405246,0.6275914170541042
612,10.461,45.507,0.4655172413793103,0.33788186136803705,0.16507785732903096,0.2526882741717177,0.6603188768424565
613,10.461,45.573,0.3620689655172414,0.26326402047790765,0.38418181135150653,0.18568233340002363,0.5252741604559046
614,10.461,45.639,0.2586206896551724,0.1906153146827481,0.6202743531547389,0.12422017655327022,0.431289970489398
615,10.461,45.705,0.1551724137931034,0.08009521894972188,0.7937408860264623,0.05142345747888543,0.29896508131944804
616,10.461,45.771,0.0517241379310344,0.03656793029147357,0.8443557248233534,0.019599277913692807,0.2300725130413716
617,10.461,45.837,0.0172413793103448,0.01801878868777275,0.8792624495548345,0.006060486475606313,0.1969725208703329
618,10.461,45.903,0.0172413793103448,0.01713924491222076,0.9257559989947548,0.009303060864900807,0.1416982468573706
619,10.461,45.969,0.0172413793103448,0.006380737635456098,0.961569392153166,0.002046753163138706,0.09924634414467132
620,10.461,46.035,0.0172413793103448,0.009261244881533768,0.9539915031933336,0.0017079930442979068,0.07864106862480352
621,10.461,46.101,0.0172413793103448,0.007067673515842945,0.9596354655022052,0.001848839671039743,0.06110856428719106
622,10.461,46.167,0.0172413793103448,0.022839292336059986,0.9194947899343492,0.006457139915063426,0.10504682722574209
623,10.461,46.233,0.0172413793103448,0.012576540628825225,0.9469438989737363,0.004034944806130264,0.07016503423680731
624,10.461,46.299,0.0172413793103448,0.020257194835459947,0.9218915775999794,0.005933481232688706,0.11149838503586677
625,10.461,46.365,0.0,0.008632943661621022,0.9306336369746763,0.0023521500938505574,0.07837623500263075
626,10.461,46.431,0.0,0.01600960625127025,0.9318370299771738,0.0028567663433301535,0.09666673401874251
627,10.461,46.497,0.0,0.02355251865794086,0.8970227761473288,0.003931132359598716,0.1256658494792466
628,10.461,46.563,0.0172413793103448,0.025221724919559145,0.9443232288350849,0.0017997053393750712,0.1197081510231397
629,10.527,44.913,0.396551724137931,0.1590877677297049,0.01082044794257747,0.14026400532662633,0.41768466901761697
630,10.527,44.979,0.4137931034482758,0.16025276422475057,0.01246747548591103,0.12993110336211727,0.43445721012796445
631,10.527,45.045,0.4310344827586206,0.13233562470555024,0.008144196486137335,0.10613594623589474,0.45690758440416984
632,10.527,45.111,0.4655172413793103,0.12329967172382209,0.00645716209840914,0.09074693388569219,0.4438778078770473
633,10.527,45.177,0.4827586206896552,0.13181618971438197,0.005208257406154801,0.10348088948322012,0.4497670511816105
634,10.527,45.243,0.5,0.16659898650049124,0.0,0.14801443617111332,0.44185988928915265
635,10.527,45.309,0.5517241379310345,0.2112897154833045,0.018918478474269935,0.19657114057197184,0.4883795009365296
636,10.527,45.375,0.5344827586206896,0.2760828059967199,0.02777516731277328,0.2572738492314845,0.5606459179370161
637,10.527,45.441,0.5172413793103449,0.24522791690682666,0.048647835231671474,0.20257511585880478,0.4803022392756064
638,10.527,45.507,0.4655172413793103,0.23990756472029862,0.09173085098040329,0.17915743806760162,0.48426724810479227
639,10.527,45.573,0.3103448275862069,0.16917716056920395,0.306351451835899,0.09332347025682489,0.3535965274102618
640,10.527,45.639,0.2586206896551724,0.13164008926009407,0.5560552134615269,0.06601366424903138,0.31505276854869707
641,10.527,45.705,0.1724137931034483,0.06991833488637625,0.7737734645367285,0.02996865241831732,0.2741319759906608
642,10.527,45.771,0.0689655172413793,0.024833418264527302,0.8828323293950928,0.009284585468759697,0.21151317424689337
643,10.527,45.837,0.0344827586206896,0.01875281544149907,0.8585252974056317,0.005512160121129493,0.20623023523527095
644,10.527,45.903,0.0172413793103448,0.023267135430599734,0.8954181378543502,0.010807320788263224,0.14516535758803178
645,10.527,46.101,0.0172413793103448,0.002048008932079965,0.9704594386145421,0.0013339622005156895,0.0064414463174634045
646,10.527,46.167,0.0172413793103448,0.025491972491086128,0.9200494094243703,0.008425722802754334,0.09544090379963795
647,10.527,46.233,0.0172413793103448,0.014150499060746904,0.9415827729477237,0.006010550722702689,0.07282518545149004
648,10.527,46.299,0.0,0.021553368749791343,0.9376547080235812,0.006847154798561338,0.09940719308997055
649,10.527,46.365,0.0,0.004190972788222066,0.9555922016291927,0.001203761736261169,0.057467906916519464
650,10.527,46.431,0.0,0.0019974787498746906,0.966947587831821,0.0001443214563358545,0.04885138929019378
651,10.527,46.497,0.0,0.004555507742001505,0.9441506425654017,0.0007520950771670524,0.07053815803546822
652,10.593,44.913,0.396551724137931,0.15336169945501446,0.0215541295666205,0.11730900685263085,0.40479702113255417
653,10.593,44.979,0.4137931034482758,0.13287254559423886,0.034588144860331585,0.09865214400096974,0.39253022962308054
654,10.593,45.045,0.4310344827586206,0.10953269501385379,0.02033438641245121,0.07967093605081868,0.37839989820256065
655,10.593,45.111,0.4482758620689655,0.11961366525931454,0.021958264150525618,0.08881439739581265,0.3844448067838235
656,10.593,45.177,0.4827586206896552,0.13607107827394016,0.011745786120455837,0.10521520539489804,0.41678894335556804
657,10.593,45.243,0.5,0.17568888393086685,0.011995717514091703,0.15391411075258085,0.45282146962941416
658,10.593,45.309,0.5517241379310345,0.1752616516656245,0.032132132883177324,0.14923845291405588,0.5016653410783006
659,10.593,45.375,0.5344827586206896,0.23992753904186326,0.038604246480548186,0.20554643213211243,0.5672531993854092
660,10.593,45.441,0.5172413793103449,0.19987717381947417,0.05937127136474583,0.13511690957815953,0.4604676118474162
661,10.593,45.507,0.4827586206896552,0.2562012322715201,0.06253053969702489,0.13814445266580186,0.463626786715171
662,10.593,45.573,0.3275862068965517,0.17780695459075593,0.23920471063114548,0.05247572084705654,0.3146215349246303
663,10.593,45.639,0.2758620689655172,0.10307145323761098,0.5153919821893327,0.03404065551899021,0.2549599652419692
664,10.593,45.705,0.1896551724137931,0.058978184778423405,0.6973995217726559,0.013094709705365666,0.2419389949318368
665,10.593,45.771,0.0862068965517241,0.021967998758998436,0.8307536764917008,0.004946843721414616,0.17480349869056985
666,10.593,45.837,0.0517241379310344,0.017464008379909246,0.8507871273224225,0.005840069334134052,0.21165426239292096
667,10.593,46.167,0.0172413793103448,0.022703023824922612,0.950075278407198,0.0071259705308180194,0.08463233913912044
668,10.593,46.233,0.0172413793103448,0.02081000292862029,0.938144250624552,0.004904054738795829,0.11703087863928499
669,10.593,46.299,0.0,0.022096505523156514,0.9385495848310975,0.0071200251708128754,0.13357770286652687
670,10.593,46.365,0.0,0.004620941419605427,0.9654306828557445,0.001837910823100598,0.07620992185024753
671,10.593,46.431,0.0,0.0027237557007525025,0.9769752211189242,0.0011026295639310969,0.06344888013075868
672,10.593,46.497,0.0,0.0030272032789080356,0.9740328328064624,0.0012600728292905415,0.04502120000746241
673,10.659,44.913,0.3793103448275862,0.17148406043528996,0.026104716555420297,0.10847680618906777,0.3574365153031036
674,10.659,44.979,0.4137931034482758,0.1348840622651175,0.03663020196248485,0.0882887561757877,0.38436122015430546
675,10.659,45.045,0.4310344827586206,0.14822446099784578,0.01637233378113554,0.09262675742840097,0.4274238816744985
676,10.659,45.111,0.4482758620689655,0.14364053146095584,0.04831181894503161,0.0984042932723197,0.42072211674486687
677,10.659,45.177,0.4827586206896552,0.1599748455285608,0.02759223697796566,0.12411279684561895,0.44034535785392814
678,10.659,45.243,0.5,0.17714592746874208,0.04005802468289248,0.15271546338046874,0.4574918353728038
679,10.659,45.309,0.5172413793103449,0.17461348508803726,0.03239120594792659,0.1476865034221962,0.49081856544242725
680,10.659,45.375,0.5344827586206896,0.21143243788505253,0.034116554013136596,0.16242772300571245,0.543145572926047
681,10.659,45.441,0.5,0.15269688801348943,0.037445636253021816,0.09557001109139099,0.41320063272458746
682,10.659,45.507,0.4827586206896552,0.12485531447657844,0.014804893390790884,0.06577245793573518,0.2537387120456245
683,10.659,45.573,0.3275862068965517,0.05675572552689181,0.12946669320579138,0.007054699701913936,0.10589326487023673
684,10.659,45.639,0.2758620689655172,0.05320117724649361,0.4623987648090627,0.006103161743733248,0.18167877449418857
685,10.659,45.705,0.2241379310344827,0.040482111765191175,0.6728305555870554,0.007244485565017844,0.21217564740325043
686,10.659,45.771,0.1551724137931034,0.0274879778835247,0.7629917652622755,0.0063795982694301034,0.22662772664140177
687,10.659,45.837,0.0689655172413793,0.02194545920595241,0.8871949961228343,0.007494983644199503,0.21408669569401031
688,10.659,46.431,0.0,0.0,1.0,7.471045296167874e-05,0.0
689,10.725,44.979,0.4482758620689655,0.15025263781425754,0.047900155367548346,0.12385701437860344,0.4096324950888844
690,10.725,45.045,0.4482758620689655,0.1924546704910213,0.029119276959086216,0.14052724642777847,0.44433092570716654
691,10.725,45.111,0.4482758620689655,0.20699537233827633,0.062034591725018226,0.1626780068757009,0.46100674818757714
692,10.725,45.177,0.4827586206896552,0.2442580804599551,0.024039123943940467,0.19317654868547482,0.5037999520414425
693,10.725,45.243,0.5,0.23863528786875146,0.05447979204056734,0.1997346663809854,0.5059205344652951
694,10.725,45.309,0.5344827586206896,0.19460387831747009,0.02804388074060192,0.15887611309093205,0.5227747443460548
695,10.725,45.375,0.5344827586206896,0.18704494372728597,0.04363010702320947,0.13925593560527041,0.577389583062093
696,10.725,45.441,0.5,0.16546528906269495,0.05836185996638654,0.09661390399825713,0.5149828480137085
697,10.725,45.639,0.2758620689655172,0.039007556371055636,0.34045923216411383,0.0038220923434364846,0.23622678398833827
698,10.725,45.705,0.2413793103448276,0.040389722133596345,0.6113271924204391,0.0074475844859539595,0.24491878244522167
699,10.725,45.771,0.2241379310344827,0.026070442734593968,0.6711502468692725,0.00257192754033258,0.17207026130848319
700,10.725,45.837,0.1379310344827586,0.03361296496735179,0.7490060359618899,0.007107396300041408,0.20146850537869537
701,10.791,44.913,0.396551724137931,0.27054936321931183,0.006087427314583851,0.23681820666293513,0.5353146931497412
702,10.791,44.979,0.4482758620689655,0.18513969310405348,0.029823041415971467,0.1500813587521173,0.509190748995894
703,10.791,45.045,0.4482758620689655,0.2346193750126054,0.026760652119698875,0.20094300571914733,0.5342392252665417
704,10.791,45.111,0.4482758620689655,0.24935930077112245,0.05448652863717271,0.23217091386454838,0.5350594186698912
705,10.791,45.177,0.4827586206896552,0.23675334332236278,0.039296458299256175,0.22804426666010877,0.4975177633622951
706,10.791,45.243,0.5,0.2708009238907204,0.050490072545798195,0.26513477378032263,0.511099640725626
707,10.791,45.309,0.5172413793103449,0.17546198744980276,0.019956652106121367,0.17007961576458966,0.44342520670367835
708,10.791,45.705,0.2413793103448276,0.048930466987649475,0.4759803230855839,0.010622457667418242,0.32892513818330865
709,10.791,45.771,0.2241379310344827,0.036977380025784636,0.6411323706870932,0.009209646525413496,0.20602566963432115
710,10.791,45.837,0.1896551724137931,0.043563455633238095,0.6737704644059576,0.011735598280694648,0.26358219975383707
711,10.857,44.913,0.396551724137931,0.2159170758698224,0.005835441421345276,0.2062475036796095,0.5528953214904093
712,10.857,44.979,0.4482758620689655,0.1741534949411001,0.025106995082139073,0.1551571306768335,0.5100469488249064
713,10.857,45.045,0.4310344827586206,0.20990859840139311,0.02566285165505051,0.19077148783346928,0.5169857307588074
714,10.857,45.111,0.4482758620689655,0.23819041785818718,0.031780865613602514,0.20589778981473858,0.5122629047394277
715,10.857,45.177,0.4482758620689655,0.24280437987440928,0.026443949011498994,0.21031106170278954,0.49564808839529934
716,10.857,45.243,0.5,0.2907565465838629,0.017844155363382585,0.26853311347597775,0.5099229396992233
717,10.857,45.309,0.5,0.16383245811683006,0.004067636037814135,0.13849666809042804,0.42614734849141606
718,10.857,45.837,0.2241379310344827,0.04345687618100029,0.4801557828430349,0.0017912261640196591,0.2300086378750545
719,10.923,44.913,0.3620689655172414,0.17575869623309168,0.003846587768549686,0.17104491319074527,0.5257077558686061
720,10.923,44.979,0.4310344827586206,0.16964839981837124,0.024202380300381052,0.1397987551607243,0.4924370989974808
721,10.923,45.045,0.4310344827586206,0.15968870821096592,0.022383588268709575,0.14383376371163736,0.4682898845754303
722,10.923,45.111,0.4310344827586206,0.18145440059026408,0.02836319898659258,0.1740817563243568,0.43358121123583315
723,10.923,45.177,0.4482758620689655,0.20322378271028277,0.01757571159889253,0.203527828857094,0.47286159195416355
724,10.923,45.243,0.4827586206896552,0.19701507786354247,0.006998150935713524,0.21113798891803914,0.4255243124260039
725,10.989,44.913,0.3448275862068966,0.16125261708263786,0.004399907852503782,0.13203033005857912,0.5058572694213953
726,10.989,44.979,0.3620689655172414,0.14499585791917124,0.023898654102920254,0.1021409770263732,0.4281510201045412
727,10.989,45.045,0.396551724137931,0.13322230412938582,0.018511791934202222,0.09919051686544286,0.4156920572278118
728,10.989,45.111,0.4482758620689655,0.12813814585004732,0.027432670637091844,0.08497524596691937,0.3757691180755305
729,10.989,45.177,0.4482758620689655,0.11422373046713785,0.014797377314193907,0.07470171518049806,0.36646900823418077
730,11.055,44.979,0.3620689655172414,0.16994150078053763,0.026905792204255524,0.1348842754617332,0.4338073567031777
731,11.055,45.045,0.3793103448275862,0.1541701939134432,0.020894393093739576,0.12046777588545352,0.4133060521735337
732,11.055,45.111,0.4482758620689655,0.1383052232532133,0.032363382483418926,0.10012032162398703,0.3889233027447357
733,11.055,45.177,0.4482758620689655,0.10647707594871407,0.020238852991126505,0.08031796136109227,0.35591108068576616
734,11.121,44.913,0.3448275862068966,0.15192382077153374,0.0008415002374413554,0.1242810050925143,0.4193659581391134
735,11.121,44.979,0.3620689655172414,0.13146395411842884,0.025601757772872567,0.09808999996921518,0.4131112592628024
736,11.121,45.045,0.3793103448275862,0.12400406008743753,0.017671956863478746,0.0963905301353916,0.3964642787238801
737,11.121,45.111,0.4137931034482758,0.13366769073807766,0.037952573075686835,0.09764555590259985,0.41420999418570253
738,11.187,44.913,0.3103448275862069,0.1309204026242399,0.0021383171463792688,0.11154148383015355,0.39484841297342577
739,11.187,44.979,0.3620689655172414,0.155219241194495,0.030681007267816498,0.1284809379104275,0.4338236325982009
740,11.187,45.045,0.3793103448275862,0.14547595976651878,0.024283265427009117,0.12745787640294126,0.4199157227547106
741,11.187,45.111,0.396551724137931,0.15016228022931796,0.05257500465017165,0.12574511270904704,0.4515450286358501
742,11.253,44.913,0.293103448275862,0.0980371081831443,0.009233887720391043,0.06947847608219,0.3907764478454647
743,11.253,44.979,0.3448275862068966,0.10848588005480717,0.03234394657255023,0.07841377874784436,0.410822698816564
744,11.253,45.045,0.3620689655172414,0.09299480647465107,0.016056967112037378,0.06039846620607675,0.3863099941385536
745,11.319,44.979,0.3275862068965517,0.10122924408268152,0.03586742349559376,0.08262180623926992,0.3527229484498516
746,11.319,45.045,0.3620689655172414,0.1161574354716643,0.030737322469156537,0.0842672830562995,0.3924626739449014
747,11.385,44.979,0.3103448275862069,0.15091767746124812,0.03697140200045467,0.08860059160141993,0.4882257175026295
748,11.451,44.979,0.293103448275862,0.0677451696483338,0.04234695767135579,0.03100118145040867,0.3140803442172114
