fid,NAT_AREA_BLOCK,INDUSTRIAL_AREA_SURR,ROADS_SURR
1,0.03413287690726361,0.05192045920280854,0.389750381587884
2,0.045889530359288444,0.04365262965875783,0.38807922932437156
3,0.03930920228563016,0.04851918588986298,0.3888318467576764
4,0.031774998596450804,0.054884832510149535,0.38706023169200554
5,0.028466451204122067,0.06377115950202226,0.38925612303326346
6,0.3913401432704905,0.1777370895955722,0.45817971247863915
7,0.3511112436168934,0.14421504097716367,0.41541813204341344
8,0.3747419422816106,0.12058089943619421,0.40102084805732974
9,0.05881602377120999,0.045583546245427514,0.35281131216456324
10,0.05024782594719451,0.04221854105125447,0.36992394664242545
11,0.04355276545490055,0.04701521509362877,0.38508291038498704
12,0.036287621741969193,0.054251421666374186,0.39175585014872927
13,0.02906902005348716,0.06137440580369238,0.3909023775833067
14,0.025087883747785724,0.0789512696013797,0.39123055241759475
15,0.4492789341231987,0.26350366920742085,0.52973050413068
16,0.4272966476993084,0.19167622822036665,0.48561431834459556
17,0.4108246866805375,0.14644204743604938,0.44119585153832575
18,0.4203452577103011,0.1165028201946371,0.4115746931501217
19,0.4524471155448523,0.09163395280475718,0.40939235636637866
20,0.07019455930075273,0.05756100613787764,0.3578026450703189
21,0.06318169290707347,0.04990463843916035,0.36158317083050073
22,0.050461090892463416,0.05231795123041818,0.37596874807209074
23,0.041784457169933245,0.0589103850810559,0.39282395527932384
24,0.03614433059397073,0.07098587783300986,0.4079743763757508
25,0.03764512160728007,0.08357388657101425,0.416139377781691
26,0.38739236463732835,0.4513871474062646,0.6451633973746609
27,0.4296494386394976,0.4026092373443809,0.6296084504252956
28,0.4535257606803096,0.3164117380614132,0.5857413715337205
29,0.46257082461742727,0.22544626009201282,0.5324277780720059
30,0.4866815910557682,0.15128303241335697,0.47982164379087044
31,0.5194118543645362,0.11412924013478158,0.4448015726453631
32,0.5486325273906876,0.0824612823062514,0.42750056320343777
33,0.5761211897555076,0.055750617027339126,0.40556318577668027
34,0.6058382879731476,0.04519256363367132,0.38717377953791254
35,0.07789834497973386,0.07489841152634384,0.3698923192183587
36,0.06625408779170043,0.07048783472252844,0.37926236285877946
37,0.053899541737994765,0.07150133149495193,0.38996918282335297
38,0.04611886055145346,0.07787083923955586,0.4105649655055123
39,0.04666083832044997,0.09512142105386501,0.4337383225567157
40,0.06429433548298587,0.11507101793457841,0.44894627601024634
41,0.09814475056427158,0.1578525911225222,0.47072981746942666
42,0.2686218273049677,0.39997288133385467,0.6501540428323009
43,0.3212211012191607,0.4589665735133384,0.690421433888797
44,0.37100815857459346,0.44214050602986266,0.7034869458976043
45,0.41022464709165507,0.3596508760856829,0.6728353944033274
46,0.45811513130353176,0.2589174063037102,0.6035118194677933
47,0.5289197833682703,0.16482242616981818,0.5326172957021672
48,0.6021823821854485,0.11135386060922187,0.47867681715755744
49,0.6465490699251926,0.0741250276985068,0.4397906713292556
50,0.6535510551551573,0.04730273840703608,0.40403947030317966
51,0.6552898185776878,0.039990162971915634,0.37125873997473025
52,0.0699622920888495,0.10240602764809684,0.4263349929108998
53,0.06250931109977849,0.099277748068721,0.41279189285642476
54,0.06172904965464132,0.1008035952391567,0.4304503962739583
55,0.07649541630512012,0.11320756235836174,0.45089701816994415
56,0.1037635672794157,0.1363136078527775,0.46450098016522473
57,0.1303326997269951,0.18490813367749362,0.4880766156254138
58,0.16071275330779092,0.27844496864221546,0.5553077842384065
59,0.19529817556030163,0.39314851412024276,0.6600881154601604
60,0.23520594458820265,0.4595274997454271,0.7337233451636052
61,0.296830857012733,0.4760715125488345,0.754515331285244
62,0.36211164176708405,0.3962400228689596,0.7276564918123672
63,0.4384806625375578,0.2817997863675981,0.6555577787355342
64,0.5370415331347634,0.1801957006616027,0.5776156539361217
65,0.6389718457925152,0.1145395568730195,0.5076822180195517
66,0.7132731567074362,0.06981126817267316,0.44291455119274914
67,0.7419571521371807,0.04235744943520059,0.39134311370855834
68,0.7558795525896436,0.0301859512188712,0.35015391890229985
69,0.08280937243996227,0.1449332911384544,0.5884120979241295
70,0.07543594683520954,0.13382727945225897,0.501662387221286
71,0.07401629638291536,0.1202784611637271,0.4517152154805344
72,0.08915378414308865,0.11212937970243571,0.44365523843394405
73,0.11855651652428481,0.11719505956448255,0.45279248778492065
74,0.14399865758551092,0.1385197958049084,0.4643256390757342
75,0.14372105581222017,0.20066918633913458,0.49776737022833817
76,0.12935750205427612,0.2964419086137553,0.570004470987141
77,0.12953227042336599,0.405135960586957,0.6764330300932372
78,0.17071496464893043,0.48859652558326994,0.7531978697150682
79,0.2503981339067166,0.4831463514739064,0.7649964778697541
80,0.3365365114495093,0.39932230954926035,0.7401367741556161
81,0.42353286013280367,0.2876194240012446,0.6810267668012567
82,0.5216199961472961,0.19164087621033207,0.6088247610409814
83,0.6345296805908951,0.12206971663474393,0.5217723241904468
84,0.7319694820936076,0.06870566885239614,0.43157432703703896
85,0.7913296480338806,0.039367670921043,0.3690912102165328
86,0.7940636388647382,0.026637812645546616,0.3438302485046352
87,0.13167635481757217,0.15218195756875014,0.7207747227261495
88,0.10415118273793834,0.15253070456182005,0.6458172533318046
89,0.07971130127675988,0.14120749293500973,0.5573665862108631
90,0.08371765348673732,0.12543707702275456,0.4885362292680376
91,0.1120298883309264,0.10878942845651751,0.45440320111048255
92,0.14391560521792296,0.11123837683854172,0.45758509139098813
93,0.15104012390660004,0.13568611227372937,0.4718588638273469
94,0.12564765543986256,0.2093045480436318,0.5214662789454462
95,0.0940469910178072,0.3271603131977585,0.613188963357333
96,0.0932844012343609,0.45304775573637085,0.7091511232656814
97,0.13899481653916426,0.5139788483438364,0.7580684922728087
98,0.2233140886551707,0.48393986344446777,0.7520097282849393
99,0.3161934490035273,0.39352623648557894,0.7301538487485741
100,0.4037782506347073,0.29506871832726594,0.6961253238296989
101,0.5002039995327191,0.20385606150546878,0.6321667106895726
102,0.6161011249128577,0.12212061526089799,0.5143232637295212
103,0.7136922901452017,0.06423604950775152,0.3889553983996864
104,0.23344925113053824,0.11987113144750713,0.6784596015258697
105,0.15197192913148622,0.13608539284064491,0.6567159191195293
106,0.09452925261817069,0.13564327823291064,0.594089515041608
107,0.08921827107606922,0.12472381684471118,0.5271540761220745
108,0.11557456223085497,0.11345563400381427,0.48280250506062405
109,0.13267933438724216,0.12112377601344258,0.4834173282689935
110,0.12069446489057456,0.1638216528492439,0.5102395830441391
111,0.08825163210284165,0.27445148762145233,0.5826663256039865
112,0.0678892773747102,0.4278787856735777,0.6921788792884543
113,0.0803252520461546,0.5527455735978616,0.77245899845469
114,0.12634576622395668,0.5782450000914628,0.7920261157459938
115,0.19941540444001074,0.5112419253701175,0.7673215801865739
116,0.28694655949382747,0.40208271754666836,0.7429037112553212
117,0.38435651347264393,0.301717129036213,0.7114129110302266
118,0.49838703668169254,0.20132971703184355,0.6310683153253511
119,0.6228307901992911,0.11165192428892591,0.47908300764625367
120,0.7106702290376806,0.051477655627095546,0.33203561323415237
121,0.752419462178634,0.023254027348916226,0.2639102058054941
122,0.588078131665144,0.04012587239074959,0.4888974836222535
123,0.5063009334263693,0.059253489809484874,0.526214716684463
124,0.3552172572096002,0.08465961657756604,0.6046249136911618
125,0.2150731314604024,0.1072348348042693,0.6367707922393829
126,0.11791301553299104,0.12100104411617207,0.6164513878920914
127,0.08929625230006549,0.1265407022437381,0.5670361813943605
128,0.09732823481155256,0.13072899033516663,0.5221323731005972
129,0.09702707924836425,0.15129564805878826,0.5235644133919284
130,0.07811294224560675,0.22434203873452835,0.5678825385891396
131,0.0559031580122679,0.38025624087795185,0.6594241705721676
132,0.049723736509823833,0.5714135237409982,0.7784707213859964
133,0.06801979357204917,0.6891460736343119,0.8550763528883948
134,0.10841669682783471,0.6737955332517728,0.8691521735048259
135,0.1702164034741351,0.5647386894052667,0.8468122706994953
136,0.2603637785970746,0.4300287105654731,0.8117788109594153
137,0.38490408263883963,0.3116060495902879,0.7405436278008861
138,0.5287634389567605,0.1903212949066081,0.6069855908513838
139,0.6515400636928612,0.08510743255933864,0.4292676039298385
140,0.7252052593426022,0.03759777333434098,0.2928068834249446
141,0.7675087693492569,0.016448401405560018,0.23235123893900086
142,0.8207373728163952,0.011328631570015452,0.1871849858755998
143,0.6527132501171375,0.021477354931386975,0.4658365147132002
144,0.5647766586620403,0.03540569822817142,0.49024059982408297
145,0.4187983309482149,0.0568687718511271,0.5603701961853349
146,0.2598240770451907,0.08206507417470503,0.6194083961710919
147,0.14066891272054138,0.11322153812077514,0.6233107322404206
148,0.08751357334163098,0.13402381710513853,0.5848373141127687
149,0.07438403921910804,0.15112094438568405,0.53991194304774
150,0.06453753774193831,0.18271187521009605,0.5459040979093163
151,0.051905702964284206,0.28777958520476626,0.6062807936812659
152,0.0413394133211876,0.48853013258926403,0.7083948764109671
153,0.03930187533364007,0.7102256051378131,0.8314886425873805
154,0.051527772282162126,0.820219091306476,0.916463793855419
155,0.0862174325061871,0.7673472387082925,0.9378580415176151
156,0.14642934161678942,0.6176082685039167,0.9241215885053328
157,0.24806925761019488,0.4565679249994537,0.8743824363921519
158,0.4015526467346408,0.31562183920542436,0.7565872125135662
159,0.5603295530783973,0.17938110234389298,0.5749011658887927
160,0.6613879674826852,0.07261715783986876,0.39279498283687986
161,0.7027478104065643,0.02040504127390852,0.2780259122671522
162,0.7470239466746219,0.014230352997817056,0.224884903634016
163,0.8163328996151579,0.01111384756083582,0.1745288651240738
164,0.8838108211208349,0.009178583111448951,0.11956304589708128
165,0.771835776997847,0.01400344239118754,0.47319804844235164
166,0.7030060586836734,0.015614947601208393,0.466154326952918
167,0.5910504452475065,0.023288717976308434,0.4811825000757419
168,0.4354174402336481,0.03700565850369777,0.5462733366562454
169,0.27154937328918943,0.065890430846976,0.6135399545472013
170,0.14988694910679434,0.10471718344584569,0.6226641279655948
171,0.08683492217234369,0.13345427956492562,0.5816619933150284
172,0.059857481283089334,0.15455597918029243,0.5320969733718011
173,0.04716275496609314,0.19342951443204823,0.5430959631171512
174,0.041281930260118956,0.31246361656863775,0.616236945961536
175,0.0375715396109991,0.5275597458726666,0.7182541346673844
176,0.0341408433114389,0.7579850341675874,0.8367231237863386
177,0.03935540046601132,0.8644989058544162,0.9266331261129549
178,0.06981379656462801,0.7969706674388191,0.9617319456627087
179,0.13139657299102178,0.626802405469645,0.9582142987596877
180,0.23879980467615272,0.45196758961513406,0.8983132587149392
181,0.40098521602420895,0.3047714927530929,0.7567474322019073
182,0.5582666784165777,0.17410357582699457,0.5626294042767862
183,0.6394035017957915,0.07464752719228925,0.38634214749627793
184,0.655015946716294,0.02511651162006169,0.29229414123353314
185,0.6828989950394139,0.014867055999954215,0.25526441599682004
186,0.7642104325973391,0.01350192393819419,0.2049636366266254
187,0.8465092275622248,0.012739161956610538,0.14188727839680648
188,0.8988697279472467,0.012199039171451426,0.09631039825233327
189,0.7967384903601009,0.011713653199723333,0.4822250743946491
190,0.7827848683883801,0.012014194571381745,0.480907512868175
191,0.7155417481426258,0.012944146940213666,0.4744528425989718
192,0.5948830444827604,0.02006476908743765,0.48771905259391785
193,0.42493222976156597,0.03673590176253189,0.5518744851287177
194,0.2543431870332381,0.0659768813299147,0.613603257888834
195,0.14101014628428116,0.09962533227797968,0.606022734342811
196,0.08302851119046016,0.12782129349322463,0.5556389984967564
197,0.05206718375056825,0.14748673055398953,0.5159434560530416
198,0.0376425748649117,0.18804406143147473,0.5384502118885625
199,0.0344082148984191,0.2957345481618058,0.6157446873107555
200,0.03447205778728946,0.48721041746034616,0.7058084264139542
201,0.03298788021985828,0.695227310970975,0.8053463250184727
202,0.037129317710423534,0.7967408299239239,0.8890233745614279
203,0.06527706459953987,0.7386299106773637,0.9319148208174914
204,0.12686139312843794,0.5798489400920407,0.9384205579278792
205,0.23216792448072635,0.4160722616139692,0.8834712904728718
206,0.3837195508544432,0.2866851695922222,0.7534387445272114
207,0.5347842248663535,0.17847362286363055,0.5730083425538656
208,0.6215186192960102,0.09011877108098201,0.4042627159145573
209,0.6416910821519313,0.03604771141100573,0.3162614122815069
210,0.6512970163572562,0.020364527773652427,0.2907113048686616
211,0.7000507465048593,0.02040852880011537,0.2581951224045691
212,0.7809670487388828,0.021443168948756523,0.19164821731639
213,0.8581752155911898,0.020307065985427083,0.13028450863318367
214,0.9033854962132627,0.016878549352618274,0.11521697491775845
215,0.9168961088271641,0.012202361511303127,0.13001026526630866
216,0.9065310621800841,0.01023295396194251,0.15007771308377324
217,0.902975856248511,0.008452292748285958,0.1514810277654355
218,0.7602651721065989,0.01179125604894028,0.48257365111418615
219,0.7096930898536485,0.01485428355609764,0.48078291776873106
220,0.5896866868533759,0.019543219295008598,0.4958748432292987
221,0.41491357140364427,0.039485000675730055,0.5624684883902806
222,0.22910136896292851,0.06908487249273504,0.6010601955614044
223,0.11785658238851887,0.10058709230440947,0.5775456109870327
224,0.074916867557977,0.12494307163319514,0.5287720893978558
225,0.04980170725662949,0.14629653833138268,0.5138000854527525
226,0.03717115870785586,0.18827064468696691,0.5537324442260486
227,0.035548006075686714,0.26807888535846763,0.6222295948407446
228,0.03829477294616644,0.4011929792725585,0.6857716092321166
229,0.0395207774872093,0.554289670984751,0.7592102764337687
230,0.04468616970673446,0.645269008497291,0.8300212541244474
231,0.07278948554572243,0.6160512584160924,0.867250325947063
232,0.14133151288627668,0.49522630594469935,0.8672628727816417
233,0.25231222277593646,0.3627848493923488,0.8208030097825576
234,0.39748010784631477,0.2597618206956249,0.7190355061890679
235,0.5423046752498349,0.17525445898804207,0.5637522569791126
236,0.646873056063572,0.09814802163698151,0.40569540651575886
237,0.6956769759045407,0.04404665502120403,0.31363145985530083
238,0.6985145449445295,0.027388229966236792,0.2919847767988681
239,0.6965709857144579,0.032265256988898275,0.28276445336407124
240,0.7286457547744608,0.03718522043782008,0.23914867896548864
241,0.8003980813538201,0.031394809643988345,0.17688007555999838
242,0.875595534190094,0.02388445838355369,0.13192898729196878
243,0.9075991397333207,0.014488783383485129,0.12312218914263874
244,0.908968894152697,0.010298479366789837,0.13081545316291962
245,0.9044870403334452,0.008352494536305238,0.13995334560603764
246,0.09104250952246663,0.10929377820383794,0.5412657499772062
247,0.06556270032124879,0.13249520913672805,0.5088946989041877
248,0.05121471757890853,0.15844424545560074,0.5219533496953049
249,0.04316622405589316,0.19679649074464714,0.5705486245937132
250,0.04361176669858927,0.24638051008015555,0.617260743020682
251,0.04796995628087353,0.31742214699930277,0.6497536713911682
252,0.05048717523559648,0.4130762902513487,0.6959294328198534
253,0.0555658907920699,0.48713275684253415,0.7496844319368033
254,0.08415899102511704,0.4915143998531644,0.784200103003546
255,0.1630885602866452,0.41639120957889025,0.7791630345354846
256,0.295420197839865,0.3139235513264435,0.733870857299576
257,0.4533270944417991,0.22338532632920416,0.6473737108310436
258,0.6020849689307932,0.1494361696797083,0.5119964362481502
259,0.7152101165749141,0.08357443390886876,0.362515147390932
260,0.7877948181923979,0.04011382507689305,0.26646144346657846
261,0.795973643094658,0.030306130170098942,0.25142760314536033
262,0.7571282470985058,0.04117937784388163,0.26854620006508295
263,0.737522019734452,0.05073783451615295,0.2512305952375373
264,0.778190492061822,0.04643987841163461,0.1976413326220966
265,0.8542859936123356,0.03208970187535038,0.14052151087039513
266,0.9037551027225293,0.016567553017310863,0.1120535701921184
267,0.9157148198247799,0.009406979176296865,0.1074321553735077
268,0.9143607925707302,0.008036211719736541,0.1082158383801282
269,0.05928336816414408,0.14857990749369562,0.4918027769815207
270,0.05239780870461876,0.16915575049290618,0.5124751930326205
271,0.04730433570746257,0.2005467172898733,0.5558652197235763
272,0.04786415836851725,0.22849887751233441,0.5802593922775146
273,0.051687203297232025,0.25637337019885825,0.5925633514016473
274,0.054517131325416475,0.31120532102837695,0.6200372323669904
275,0.06074418090263893,0.3787488940320336,0.6612625478981592
276,0.0893491721166797,0.4212940791860968,0.6998132689167158
277,0.17500120434045632,0.39001020119454866,0.7032364341881703
278,0.3281521302050245,0.3016556601401589,0.6613454176356107
279,0.5121253012242226,0.19927179165930387,0.5777473265366176
280,0.670911306882878,0.11362589901037011,0.4453850422280621
281,0.7814941064785323,0.05550594471646955,0.3035670150311854
282,0.8532224996953739,0.027312694203434823,0.20833927919665812
283,0.8674161799512513,0.02712939439908423,0.20118030450696578
284,0.8251516487413924,0.04189276641614909,0.23707925333580404
285,0.7898296322728222,0.052652040511366675,0.24020991456048166
286,0.8118473018674413,0.04753866639450458,0.19626298659444297
287,0.8761082013135586,0.029913495519085773,0.12463910160004128
288,0.9199017990972158,0.016756919069756283,0.08239411103991626
289,0.9272710427620191,0.008686402120015407,0.07966776715188512
290,0.9225896391027082,0.007468434211196764,0.08792525124264922
291,0.05510114079329055,0.17083368594535794,0.4822642227797938
292,0.05141209422880225,0.18154313624507526,0.4923331006029809
293,0.047195380761810776,0.19893658861466051,0.520972374320487
294,0.04573099775085488,0.21232906832920248,0.5318453324156366
295,0.04480415805255206,0.2285935606765251,0.5359344937655064
296,0.0452022843518518,0.27147119880011333,0.559139294108667
297,0.052469421338885866,0.3397794134567567,0.5948992324005696
298,0.08007060544275103,0.4029222194918252,0.6402167983015806
299,0.16626359447292624,0.4016009977159438,0.6576380469520541
300,0.33451568585218705,0.3172080639371447,0.6202458836728637
301,0.5407358344013913,0.1950852124255616,0.5286203844529798
302,0.7127506549831369,0.08945127477602531,0.3970700362609884
303,0.818017926940759,0.0329694563950289,0.2695524946005748
304,0.8797988927895611,0.015683924082674026,0.18514998159049487
305,0.8941764033746846,0.021046334793091988,0.18259242458543676
306,0.8644826688101679,0.03557413469851543,0.22057700814037987
307,0.8433533409646778,0.04503965218438593,0.22826610860701932
308,0.8681214115991819,0.03674523012430976,0.18345116576239642
309,0.9193069299802631,0.02651602519475466,0.10007181036824711
310,0.9435438854839058,0.0157646657958034,0.05336933170197906
311,0.050941741785007766,0.18501997552108396,0.4741076499692223
312,0.04885413966241406,0.18982892891009517,0.47146532401801516
313,0.04667683986615796,0.19542846757667878,0.48319903751604965
314,0.04207725028105681,0.19987633812387742,0.49119911953762363
315,0.03484944790765528,0.2166805355194367,0.5024550921834039
316,0.031185922373503126,0.25733099475607696,0.528985495643338
317,0.03777668370750269,0.32997828149981406,0.5617899242175607
318,0.061823392792383726,0.40724839643711225,0.6140838651432444
319,0.14520195317761384,0.42603661853695324,0.6415207098233355
320,0.3214140163238098,0.344023377534933,0.6081561316329311
321,0.5439290269852196,0.20549988965930263,0.5118978535886641
322,0.7268830682449906,0.08208814367878897,0.37753596541967427
323,0.8328964439852019,0.023454898125271576,0.2635517542354379
324,0.8899912663479136,0.01202856893915872,0.1911987651414918
325,0.9039520748645313,0.01752361053154776,0.1890217613347144
326,0.8804733195612414,0.02865192977053501,0.22177281313668928
327,0.8685289980083013,0.035645841978165005,0.22289875715196672
328,0.9000530176180102,0.029863905823033696,0.1722054820788791
329,0.9417239210309667,0.021590012795754652,0.09740863135981863
330,0.0498620426428736,0.1755064422659128,0.4587839714162194
331,0.04825172265893982,0.18351314802732951,0.46184711489221886
332,0.04827101103050113,0.18701017043750937,0.45144934225513206
333,0.048045458371881136,0.18714579756670824,0.45088424547842926
334,0.04210046601670781,0.18809638682467394,0.4561826126800656
335,0.03200817536323048,0.20877465220593242,0.47960122945264505
336,0.026922993026819112,0.2502487697354313,0.5171313261357877
337,0.03201016299788602,0.32018381828156334,0.5507539277674446
338,0.05239980898111863,0.39891424219478067,0.6050898140481265
339,0.13481456356044189,0.42489277539024395,0.6330629102999242
340,0.3157779574315998,0.3497458486101077,0.5973226098119945
341,0.547391847336135,0.21184415447898164,0.49667825847015123
342,0.7358540754967061,0.08492534693982046,0.3613214711437027
343,0.8413666679420244,0.023991740888177036,0.2541601846544587
344,0.8950177174895372,0.01225472412549474,0.1852665212027558
345,0.9079345661967024,0.016556660452868768,0.1804269598025667
346,0.884089489403566,0.02592374038931282,0.2104910146868109
347,0.8723126707883659,0.03183045840675533,0.21006499166396414
348,0.9035537439546789,0.02608098591586977,0.16326020459783233
349,0.9483647546337575,0.018572038707339797,0.0913487387496627
350,0.049442126047951174,0.15992167020259832,0.42897098226357894
351,0.048236891754925376,0.16554527344655368,0.43416498768121975
352,0.04871496348001648,0.17239165503545892,0.4267728152215906
353,0.04767053959185968,0.17095107045477448,0.42346005958885197
354,0.04265509377337579,0.17387015910335143,0.42681659583008325
355,0.036083044993261607,0.19405294836028572,0.45466591727577205
356,0.03364454988727106,0.23233286416193008,0.4987506884393722
357,0.03806743878064346,0.29560610061666664,0.5399800737636655
358,0.06335063161917101,0.3668899015115408,0.5915834207751516
359,0.1545842467521104,0.38934984425902175,0.6064378702632772
360,0.33765051926537093,0.32212072025803284,0.561796455449822
361,0.560844759949178,0.19915275512452085,0.4604753048185933
362,0.7422307800279287,0.08404926091566406,0.3309833959029434
363,0.8463383971843467,0.027085291835787284,0.22668318626941705
364,0.9021267662641257,0.01224888144824808,0.15639295427910313
365,0.9135431794104463,0.01594938302924131,0.15034773297018633
366,0.8862795112996777,0.026065940339607952,0.18660374275993696
367,0.8699959558862795,0.032623727218958655,0.19841581089127533
368,0.8971939149222342,0.026127891070984736,0.1647947229517164
369,0.9479653317035015,0.01921727828787743,0.08786083120419945
370,0.9731202515545901,0.015541125106611731,0.04124668750679309
371,0.05572798790390982,0.14897752080608373,0.377192967942589
372,0.05272878545086388,0.1493292011679705,0.38906873621525073
373,0.04869503155697057,0.15081174253413293,0.39531490265992547
374,0.044281092300042145,0.15226802607833037,0.39845513169163155
375,0.041316879839790495,0.15657569894908116,0.4042410718298792
376,0.040125940261205195,0.17711553209510286,0.43463415299500946
377,0.04004288160408614,0.21610373653581258,0.48641897288848
378,0.046198143737842076,0.27482609907122285,0.5379426348305072
379,0.0865474113369773,0.32920707895426604,0.5769296503464771
380,0.1990745375730256,0.3357479380645942,0.5685540333182009
381,0.380532042164167,0.2709212357755231,0.5103266732437662
382,0.5785080176831169,0.16992708322712552,0.4101743729190012
383,0.7341795987317395,0.07868655454516109,0.2943507764560294
384,0.8364473615733167,0.032624680835118956,0.2008360003189608
385,0.9014433505542476,0.014435327965081353,0.1291192004161944
386,0.9168008508485757,0.01589722563933818,0.12790459173153848
387,0.8858574779838851,0.026359519503068165,0.18033307552100028
388,0.8633687432503638,0.03412082263495493,0.20961099567479655
389,0.8850932346176893,0.029542439370668628,0.18719389984253965
390,0.9347114926864206,0.020696906858412134,0.11131223841540366
391,0.9600368534977395,0.017088720815787578,0.06452490193476694
392,0.06387295079688776,0.14634044975727756,0.3483588769574668
393,0.05804745384394068,0.15189921786397637,0.366432594431566
394,0.0477735712594712,0.15491137677201242,0.38173235315888626
395,0.04039709642312138,0.1475586015424374,0.3884234133244621
396,0.03903346948213913,0.14852664145507227,0.3987956465906125
397,0.03946448102554101,0.16699822222667035,0.43348816042112087
398,0.03806008240242475,0.2081720832356823,0.4941499083161385
399,0.047193724696979085,0.2651223294450661,0.5506314261323335
400,0.10871252872558886,0.30079433047406895,0.5683268703457636
401,0.24727727486800108,0.2847153377235679,0.5245323576390949
402,0.4310445554303287,0.21541661333244044,0.44225383183180833
403,0.598652971607191,0.1341869893018958,0.34546776022267234
404,0.7194638998087567,0.07013142972011653,0.2585227135186773
405,0.8100833187151664,0.037185489945236995,0.18487589186830183
406,0.8850962942577235,0.01761072429385663,0.12121608138399055
407,0.9107805782904138,0.016204726541323516,0.12612410376247657
408,0.8831058415530336,0.025642641086002633,0.18749804117051633
409,0.8579203961025944,0.034132297642095286,0.22744211719535692
410,0.8766762169156538,0.03034512011166681,0.20996738431336742
411,0.9258057015899614,0.021551359045948574,0.131613413810743
412,0.95097252954896,0.016729449496983673,0.08312070954839236
413,0.05453922779894838,0.1737992293486568,0.4151084115348338
414,0.04282763248698098,0.17255954717245617,0.4055540026190948
415,0.03584087657814821,0.1610261214956643,0.4035459605957157
416,0.03492877940702255,0.153952193493309,0.41440725392837663
417,0.03309285564028439,0.16902892126909538,0.453213300628648
418,0.02903689586627042,0.21347978529045628,0.5216071599941107
419,0.044799547393530245,0.26540060802683624,0.5794360027025514
420,0.12491092122899164,0.28230458061827945,0.5779892091141338
421,0.2787065233206471,0.24202901166939464,0.5003460503369657
422,0.4583435268864075,0.16486211342307666,0.38922039364386624
423,0.6040101569990026,0.09776398944711126,0.2961817346242902
424,0.7010573184275046,0.05728186149337005,0.2369275778067342
425,0.7837573224317057,0.03742087014356118,0.18548794620182185
426,0.8649403520261532,0.01950102111855934,0.1277023589090119
427,0.9017886876621314,0.015538552995313312,0.13035735124401127
428,0.8815774317072993,0.02187437363837661,0.19005229178322622
429,0.857220756340227,0.029607120026154437,0.2346744316397032
430,0.8769777389191856,0.027106334053201352,0.21976192244941786
431,0.9298489746910124,0.02065985172904067,0.13338306379564435
432,0.9565072334834777,0.015956833968552585,0.07838677564409491
433,0.052804787342383364,0.18819459666490154,0.49683642972159425
434,0.04374454708806458,0.18943419892146962,0.4773252739690447
435,0.03271380940588197,0.18650840755081052,0.4508372975487758
436,0.028956498755583693,0.17679247478942772,0.44084014115176834
437,0.028701589195684878,0.16846944370764333,0.44679393832451186
438,0.024931990411813244,0.1845641209167109,0.4859364938235478
439,0.020560403417063042,0.23517753231518945,0.5605339445516634
440,0.04678668881804442,0.28407581772186513,0.6175485333022344
441,0.14278934195337178,0.28594773197540657,0.6028319730829097
442,0.29985033293962177,0.2213252173991851,0.5045618063253091
443,0.46493455473614087,0.13392399025232019,0.3772704116830988
444,0.5907276683448522,0.07626599299267119,0.2897805460984167
445,0.6831592361012858,0.05299312636865241,0.24611969189622776
446,0.7717406192135188,0.03887149223746808,0.2036236311240468
447,0.8590845706375047,0.02027146190034954,0.14313305543225927
448,0.8997272498602806,0.01343111900861972,0.13607973559694045
449,0.8816324594141406,0.017895694452886197,0.18438506162725543
450,0.8556868874455917,0.02514551659892279,0.22872037482286448
451,0.8749517866733996,0.0230427566437106,0.21588993477193508
452,0.931529509823786,0.01847704947158252,0.12699906079661027
453,0.9593099247843758,0.012694890159059367,0.0639543340333784
454,0.039900857744288844,0.17375133592972883,0.49217731850592594
455,0.030536856116579487,0.17649432789974864,0.48812111936229174
456,0.02206909238071248,0.18321763710292216,0.48299525664610093
457,0.02153291938464431,0.18200296627682083,0.48203792530020334
458,0.023060065045977438,0.18291981982040334,0.48940807902335387
459,0.020733936441180087,0.2137236175816654,0.5309658389405869
460,0.020134965396713948,0.27928437165185915,0.6117031388715847
461,0.062478021067121664,0.3292965917556702,0.6622662138771733
462,0.1824678574216275,0.31248600840474494,0.6282911837883006
463,0.35136774030279955,0.22224082287664998,0.5071114590284955
464,0.5022489251455544,0.122799250732987,0.3752962689302259
465,0.6018768069671722,0.06929452543831298,0.29956286880240035
466,0.6811662258166444,0.056884763153857536,0.267382309954971
467,0.7719525964826627,0.04473286765559,0.22888210935227105
468,0.8615194808266394,0.024944859533630043,0.16210056058505315
469,0.903526517620387,0.012304074605828262,0.13754506650647627
470,0.8826904844537926,0.014971528428397801,0.17661735727591713
471,0.8479759406828137,0.021650476971885914,0.22231506723235703
472,0.8586277501289967,0.020849177072589348,0.2174816491754963
473,0.9130019709779649,0.01631822350922552,0.13928184963499293
474,0.9291631798791004,0.005647904207048559,0.05660233179762569
475,0.8985883419476995,0.004391094317827657,0.07441860795366984
476,0.8857452197568937,0.005013061251944741,0.08662041032780253
477,0.029211346309342783,0.1359254498874258,0.44264211848969903
478,0.022253606624505453,0.1441175647597351,0.45526049875576874
479,0.015800014369296705,0.15599927613405928,0.47758821011458363
480,0.016447064857126853,0.17333894250202497,0.49775757575713087
481,0.01955928059954134,0.19562948708964914,0.5198899385252828
482,0.02098425919184178,0.25545284343893027,0.5720099330690904
483,0.031802309012782574,0.3389948146124034,0.6539377662519641
484,0.1014687230762916,0.3866142796110079,0.694015714914391
485,0.2578074574165571,0.3427704635430436,0.6351870639370214
486,0.45165087644321905,0.2254878022224879,0.4908705032701032
487,0.5966582611144472,0.11577298016648974,0.3580296431737598
488,0.6645366396589523,0.06939220785142476,0.2983054861918033
489,0.7088172335766547,0.06509663958379164,0.279992874918066
490,0.7764823628914688,0.05470718176520808,0.24854948420650413
491,0.85794274808171,0.03353367666447539,0.18335633420970177
492,0.904282680668066,0.014987124978613616,0.14527473322911602
493,0.8872565799185422,0.013569564378486453,0.17292372563684563
494,0.84555741819058,0.018854550111911034,0.22176644939445825
495,0.8407982203747115,0.019325279481051377,0.23345628072333335
496,0.8915007555651628,0.015204194233106127,0.1636456532377027
497,0.9381634463761828,0.00876341114437101,0.07590722471422233
498,0.9316124198600717,0.004868537494274137,0.057073765749325316
499,0.9033799028353131,0.004500400693056622,0.07490494323350506
500,0.883210948730798,0.0053174215816228915,0.09224505833976142
501,0.87988111450878,0.005755220184056733,0.10098450648287476
502,0.02878846499120546,0.10043747175550066,0.3690969515665796
503,0.019941102626879946,0.11124091982778327,0.39941738437353896
504,0.013262094821927056,0.1266499719473192,0.44294977095886723
505,0.013261141709512099,0.15770276465546001,0.4858770814433051
506,0.01617270929163576,0.20829060914266384,0.5278511284357371
507,0.0220195486602559,0.3009067688240376,0.59155283532203
508,0.05451760791809594,0.3990064195667149,0.6643971829767507
509,0.16496540009377178,0.4310201378650264,0.6768986462858381
510,0.36299498787569445,0.35385323758756243,0.587180580612182
511,0.5759525774830178,0.21339801549160806,0.43332862155107377
512,0.7134187426950714,0.09985999880608033,0.3110593123526045
513,0.7558676693002424,0.060446851213443405,0.2656069266944887
514,0.7626854630160477,0.060568576045073784,0.2615016080251382
515,0.7894336472305674,0.0590528130055761,0.2516128602610573
516,0.8448356549169783,0.044285585723719184,0.21105966174474183
517,0.8897765586385523,0.026138271872907688,0.18072739604967084
518,0.885109260091702,0.018314298760875584,0.19384476227969366
519,0.849176440250814,0.018590771154449338,0.23240746881174457
520,0.8367351838433693,0.019346867171137885,0.24544969897220803
521,0.8765341438922788,0.014951516168896912,0.18747962466023088
522,0.920472853006382,0.01000257862227593,0.11044938635631278
523,0.9241197334310196,0.006734144603256744,0.08358637785767227
524,0.9033521552500308,0.005391098237771796,0.09391030686383828
525,0.8860395545264718,0.006165256770504355,0.10691272554971219
526,0.8821989771472237,0.006425498221118798,0.1115444204936829
527,0.039599398586847065,0.08545605112085308,0.3005085167178078
528,0.03062630794036918,0.08439587597923122,0.31840206681142635
529,0.019163525115278923,0.09577481168236596,0.35541379024038516
530,0.012970178006356884,0.11465891783057902,0.40679939817390576
531,0.012072523441549935,0.15079599258829315,0.46221098148125533
532,0.013530659329996935,0.21896572521186405,0.5213836340108551
533,0.02280268986936223,0.3248034420638993,0.5960843443817532
534,0.07843033460886462,0.42168306557555024,0.6543981555886884
535,0.2282479600347694,0.4315308411245486,0.6362356406474102
536,0.4543819963909632,0.333834788182984,0.5246600242083345
537,0.6669173322947926,0.18646457554109108,0.37505004372793366
538,0.7886723522953782,0.07961518627926878,0.26706721871928457
539,0.822362642515498,0.04463428792732071,0.22437851142900764
540,0.8187375788912974,0.04607541178562634,0.22148906569648005
541,0.8184743516796394,0.05205220737014105,0.2265312397413538
542,0.8411658305592773,0.04743160376420876,0.22106705037123564
543,0.8691136360490074,0.035686085362850145,0.21547142676805922
544,0.8729210887504322,0.02497911520916562,0.21910622131398808
545,0.8534201134964495,0.020468435558541942,0.23658541881805453
546,0.8460450186119431,0.018721909371537532,0.23611261850786808
547,0.8702418528417798,0.015886803738397865,0.19377046446770566
548,0.8980266458601611,0.011966223280309786,0.14301349192262378
549,0.9038211332744298,0.009571091127482265,0.12363022706632323
550,0.8947979309903612,0.00820020764285515,0.128205512286439
551,0.8885324905526025,0.007639228196968575,0.13206995297298382
552,0.8881874388227422,0.0073268293503136826,0.12643023388465932
553,0.03485628395235649,0.09136849419602029,0.31597413612980535
554,0.0276318498912318,0.08943699059107074,0.3275053002483063
555,0.018089762885931462,0.0933525138024332,0.35341864347644364
556,0.013476226927288466,0.11518750840986561,0.39713872404064315
557,0.012186746668359035,0.1536991781574268,0.45085256707021265
558,0.01277792124210717,0.22667585265969772,0.516261610041522
559,0.02337810297726284,0.32505752228413015,0.5928500132957697
560,0.08956508047864115,0.4010334563591426,0.6352080858667444
561,0.25530774359172653,0.3907005043084018,0.6038893806244008
562,0.4879705344335766,0.2922767474474559,0.4975417002663553
563,0.6922506792161522,0.16060877248444444,0.36427805124635715
564,0.8064214240967384,0.06839852935756428,0.2675424309338435
565,0.8490739169002767,0.030804856318470075,0.21326555612590492
566,0.8617572159000761,0.027747825410818168,0.1913152843286525
567,0.861670808323727,0.03573942492011616,0.19137591462599485
568,0.8634043229278089,0.040356475947407204,0.20335635792119083
569,0.8695290420629882,0.03632049691780369,0.21201806547963317
570,0.8710288968648401,0.02754001688316115,0.21020570112612497
571,0.8652999786268393,0.020562792737710982,0.20906435357117306
572,0.8669686201171085,0.016621363268560504,0.1966850745049084
573,0.8804775734005557,0.014504523753977327,0.16903964598662016
574,0.8895970081273509,0.012744242073083651,0.14801781858513727
575,0.8875400176460899,0.011586432172149158,0.14611313880400353
576,0.8844397912378426,0.00947355706290936,0.15576756341026488
577,0.8878985304073806,0.008448976476512238,0.15903312660341345
578,0.024930791365307774,0.11027009701593546,0.37361268798431596
579,0.020847978477239702,0.10280347795634788,0.37047784951270085
580,0.015640517148718305,0.10329550644673008,0.38162993331304707
581,0.012642582174395288,0.12097489175019367,0.410929861539811
582,0.011578010435538213,0.16249415956889277,0.4566036680481278
583,0.013930467947061913,0.22761436166038493,0.5207401267559724
584,0.026250084476294254,0.3026410946607791,0.5921452744975315
585,0.08556185408908118,0.3465169060788914,0.6252404776714046
586,0.23593693986646866,0.3243581604585654,0.5954568025971689
587,0.4573388081799196,0.24041193662000937,0.5034309911944778
588,0.6668259645905855,0.1389726434300024,0.3840672235069597
589,0.7950927919789634,0.06438884559511207,0.28846032348583517
590,0.8535632406501549,0.02593015418766766,0.22302186750258648
591,0.8828936918912402,0.0173381771988354,0.18168530215546616
592,0.8994885119464404,0.022278565136272462,0.1628957433596631
593,0.9034371050830666,0.025475939131902187,0.16399745991079387
594,0.9002622916831342,0.024420783783908072,0.1670654747108774
595,0.8951790074107163,0.020046066586955028,0.16466697359350926
596,0.8913529873367672,0.0161383772566678,0.1580852892386542
597,0.8959503901737015,0.012950058679684571,0.1428899940116395
598,0.9037553954503367,0.01113577771826045,0.1299407882181609
599,0.9031483373102904,0.010022496302728742,0.12766785413262782
600,0.8937410556055418,0.009437954239849472,0.13841935569796027
601,0.8905806118575995,0.008036792585430655,0.1563263759508665
602,0.8972588714481675,0.0075647456627822235,0.16442617565510168
603,0.01862743417688841,0.1262918880501131,0.4330120402113825
604,0.01727831521992008,0.12201519883947383,0.4202211794914439
605,0.014685162227623968,0.11101188656498534,0.41031825886959744
606,0.012197059476323689,0.10620956061181036,0.4091602599453857
607,0.009668192075654865,0.1208027747442916,0.4227198188177061
608,0.009542671661288292,0.16184893247161386,0.45539864812806985
609,0.016379755673774636,0.21703385522015506,0.5121435956174206
610,0.03140265463500222,0.2654523946973366,0.5733564511169829
611,0.0733439620224298,0.27820521301991763,0.5960478632683833
612,0.186971714384626,0.24658328835176826,0.5676612282935953
613,0.38812132238776914,0.18091767362074368,0.4858435525550088
614,0.6135149777382679,0.11026950304522969,0.3831799650375013
615,0.772983983526044,0.05519218771423492,0.2961054086830123
616,0.8454894700209441,0.021907039158582952,0.23052322052277457
617,0.8796892343641493,0.014271980390764806,0.18587002431292252
618,0.9099383702451947,0.013991868518406034,0.1513978030851066
619,0.9273415793182311,0.01590641373513802,0.13275961521689159
620,0.9346268261979006,0.01556615209912367,0.11192364651106534
621,0.9326061637633056,0.012992807330670956,0.09906089612109005
622,0.9233338055287742,0.01036746562985563,0.10269177714049973
623,0.9214678857188618,0.008290403301351577,0.10027163323266297
624,0.9270215662569892,0.006844203156347947,0.0976738262081137
625,0.9291119848344038,0.005706735579753285,0.0954925152324755
626,0.9223702593750394,0.005400178005533647,0.10244285074377692
627,0.9169279570661802,0.00535503697546004,0.12154844654430484
628,0.9179477237650419,0.005553596606886687,0.13811352716777123
629,0.018639707069956674,0.1232978490410078,0.42681579011514637
630,0.01644601985554779,0.11799233898171017,0.4232918098980227
631,0.013843019583191141,0.10491957356252539,0.4201931784593724
632,0.011386362647485434,0.10016025559539085,0.41968988380662897
633,0.008066937321009233,0.11708065189489833,0.4295320671347589
634,0.009132566904140195,0.15218888932415045,0.4532838809334939
635,0.01978975285519144,0.19461644848605927,0.5006838926498991
636,0.036063940817958856,0.2182191747758362,0.5378749032200005
637,0.05985690484568081,0.21050492870098148,0.5304115645044032
638,0.1348791202695626,0.17149856092195215,0.48648080477282835
639,0.3121918464551845,0.12004436562592817,0.4066363022510501
640,0.552483573020903,0.07139072885316174,0.32926249167368693
641,0.7433189130660262,0.03707127889913134,0.26996831735656285
642,0.8332113780926217,0.01891930836918016,0.22278644586700475
643,0.8650152112725826,0.01083777324784228,0.19333950891923493
644,0.893400158693341,0.00915451673347364,0.16420113153924779
645,0.9515467764806166,0.007952386656082597,0.06213305059032677
646,0.9406978599198677,0.00720382642976994,0.07809677666210252
647,0.9340098549188388,0.006382188827808146,0.09327382619968287
648,0.9397305264961661,0.005189545603741794,0.09317596977224313
649,0.9508097445235627,0.0037024042910502966,0.07743906053488468
650,0.9535380216237445,0.0028990639710835824,0.06876191561712602
651,0.9475749277502892,0.002766594456451398,0.07867128793536883
652,0.02450799363099249,0.11832335248502616,0.39823853222034483
653,0.02396970267515935,0.10954373791340945,0.40200636025286335
654,0.02151971602213232,0.09550624083522757,0.40793868281399703
655,0.0195031882787555,0.09732017317452428,0.4145145807781143
656,0.016494323769062354,0.11713685164392827,0.4304534990288447
657,0.01768831027167545,0.14364467574886422,0.4570976404464937
658,0.026747397775471547,0.17135193204960245,0.500480484362819
659,0.038739280971704516,0.1772779574775996,0.5170613915018469
660,0.047648557396964504,0.15654062920507364,0.47138407784048636
661,0.09042977064152963,0.11994294463079964,0.3889390416360781
662,0.24191685267959176,0.07750452988174648,0.3025821098538004
663,0.4833158759075992,0.04286823043570509,0.25503202475781117
664,0.6967640866104419,0.01902165854223298,0.23316402153259552
665,0.812614212964822,0.011871718983515897,0.21248473178103824
666,0.8528018099859559,0.008193228293961026,0.20100407554442418
667,0.9427137253779857,0.005933795020001013,0.08387476253426282
668,0.9385942259421817,0.005552980330487422,0.10196068059983533
669,0.9450858850800843,0.00449656597582117,0.10057476226110529
670,0.9632316513328492,0.00285118299108102,0.07331956656190496
671,0.9725924963157492,0.002279422889414941,0.05220037980863322
672,0.965594688886513,0.0024002143261795416,0.05767907865338462
673,0.032034885524770455,0.11967942135525778,0.38669657636182064
674,0.032832998038853756,0.11499886138626426,0.39598592288830736
675,0.032331014800695536,0.11437329074174135,0.412934803492584
676,0.03351710860621262,0.1176980653061993,0.4282914697640493
677,0.03290625992158296,0.13886134324430646,0.44781655322481184
678,0.03183672210585233,0.15471003100100061,0.47219321657558055
679,0.03437266003857977,0.1606818366820201,0.5072402022231565
680,0.040513986534737007,0.1498143364407411,0.5165860153815461
681,0.04196682439173352,0.12926227052635736,0.4530515852261988
682,0.07072409032564984,0.0919653162240676,0.33870620593695605
683,0.21818368466680418,0.050942751286361124,0.23514807479338626
684,0.42746052109462107,0.02361040126582985,0.20931373185484417
685,0.6253252461841043,0.011393184625856256,0.21769898351248054
686,0.765349715110589,0.008222741224340713,0.20859104067994774
687,0.8186804960417343,0.0071333264835294,0.20629816172263468
688,0.9746056629817433,0.002084019790033554,0.051036923554469774
689,0.0331670497756278,0.14187897913482314,0.44089361695423945
690,0.037224987826597805,0.14605453387412712,0.45584338284974385
691,0.0427280343065971,0.16376170115781918,0.4721974211386208
692,0.043755700715570625,0.18304874382758704,0.4838441891062944
693,0.03938478971542009,0.18094533268763355,0.493230169744999
694,0.03574047966419917,0.16905566446916034,0.5088957666740734
695,0.04038092330368204,0.14808722422055104,0.5189153254087117
696,0.04440217462464312,0.12018375654414466,0.4789508477957441
697,0.42621935257331045,0.013305533638894602,0.22071171056176508
698,0.5606474196256501,0.008144918980097804,0.23123501449696393
699,0.6792560808388682,0.007623303347315359,0.21675837234053752
700,0.7423364149466648,0.00728467323656718,0.21290427130237743
701,0.01725976941283722,0.1693105088287925,0.5137274685494464
702,0.024924113812636206,0.16788714257477613,0.5016718773515564
703,0.0341112680372718,0.17392002788106323,0.5024959590626132
704,0.040822114277143565,0.20051209987708218,0.506606604846958
705,0.04040049377636742,0.21972135284451247,0.5048117735892752
706,0.03290624830273588,0.20363163785436636,0.4938551870167504
707,0.027402242546770282,0.18510080021154354,0.48797462816042697
708,0.5283159379497099,0.008274903681501642,0.254398318909858
709,0.6023461939190698,0.007295495532960019,0.23463440004921815
710,0.6440202353088142,0.007058290326868435,0.22694814076439476
711,0.012318870879761109,0.16705622536962428,0.5268493209179349
712,0.019732362257371162,0.16942273029056626,0.5155667284113056
713,0.02861074840835599,0.17817105022671104,0.5055352381564066
714,0.03218410544475953,0.19940535895303133,0.49881338713935236
715,0.027801276962716618,0.2065890982621703,0.4924193304228706
716,0.02068471411366541,0.20496929303976777,0.47648481543415716
717,0.015109817978432392,0.19418853935335978,0.45915964579196394
718,0.6014717292325046,0.00705050234272443,0.2333723854911805
719,0.0113652182020202,0.15513801408215583,0.5097754306190777
720,0.018283373502685375,0.15089981853991338,0.48874228845477
721,0.02494586083406244,0.1464096766085807,0.46361504358939293
722,0.025148626370581878,0.15903184058250183,0.4496930947421781
723,0.019236569548196924,0.17477519940812225,0.4476345142007646
724,0.0133751300663352,0.18634302312536433,0.4523455953375923
725,0.012354928558858282,0.13612707536952,0.48246571004606853
726,0.018470182704970004,0.129395173240788,0.45484023806037205
727,0.023596212019231063,0.1228530396877089,0.42376049328281307
728,0.023548653852873226,0.12345640054507809,0.401408392767084
729,0.019633822205540465,0.1373870897327394,0.39782346837596055
730,0.019666736447958133,0.11664623420630717,0.42680594851521003
731,0.02487491248185373,0.10933811468847898,0.4095859609466928
732,0.026827669007766987,0.10790660409921249,0.39015688184490915
733,0.024248319263645075,0.11600091489155198,0.37636407733057176
734,0.011603262295984093,0.11165163515321673,0.4168369322750588
735,0.01892125833689922,0.11053805181163408,0.41676893624023237
736,0.02761587822801726,0.108343621653669,0.4135398984068288
737,0.0325374565031503,0.103675482858483,0.4082083096532533
738,0.012209498512440025,0.10299907424600906,0.4088042211758054
739,0.01948694075026784,0.10279106561147366,0.4126636408014477
740,0.02894982755630623,0.10324897949900312,0.4169455275020121
741,0.03571728903859551,0.10206651888210283,0.42210847246866423
742,0.016545402286676097,0.09561606789208908,0.3966849894737916
743,0.023288716959017578,0.09569898841305419,0.398771815632881
744,0.028977190326571603,0.09636378835524133,0.40351992794187386
745,0.02867978996461503,0.09049209090579877,0.39979809247992093
746,0.030917127243067694,0.09103170301522018,0.4011421303216759
747,0.032647465236104886,0.0875119855507096,0.39379053662872376
748,0.03456627157676995,0.08567414956718777,0.38958988525475524
