fid,AGRI_AREA_BLOCK,BUILT_AREA_BLOCK,NAT_AREA_BLOCK,URBAN_AREA_BLOCK,SIARL_2_SURR,SIARL_9_BLOCK
1,0.9827147359422826,0.07858712368071553,0.034207333146173524,0.10374321391199647,0.011883344759325504,0.0927276039725412
2,0.9895499629480227,0.0617244101458776,0.045889530359288604,0.08254653717259199,0.041636578865139356,0.10545650981685056
3,0.9875848231273258,0.06957350879713023,0.03959935716825076,0.0921092728917864,0.026706978060969413,0.09155816909726949
4,0.9860956946814491,0.08027333361275546,0.03178845980438932,0.10488519457367095,0.012015667860027968,0.08735013009807086
5,0.9862151465641247,0.08600281350382674,0.0281308577270617,0.11112732658634875,0.008356598050109673,0.09091157024033805
6,0.1658744946231191,0.2890579677038788,0.3796609781051312,0.4063756815759925,0.008361687440081188,0.023973622677472613
7,0.1414371975452253,0.2696773336265552,0.35111124361689117,0.3918137537233699,0.004653521844963792,0.01970149341320246
8,0.11222165874580248,0.2535972347159221,0.3451740809815585,0.37571970759630835,0.0026297941114216293,0.013236924519336803
9,0.9767233173974119,0.06251686632292472,0.05881602377120993,0.08370296023294381,0.09090469406924948,0.16461662648291195
10,0.9872614888229235,0.06254127924826854,0.050447043228276874,0.08340174053910236,0.06880796103019067,0.1409403009362888
11,0.9900656334545584,0.06755545873715886,0.043552765454900576,0.08783094429316106,0.04738905314549585,0.11136632720686868
12,0.9897799984109148,0.07527788201250578,0.03620308142438877,0.09650375908968822,0.030262994090183536,0.0876263623040151
13,0.9878081225638267,0.08705300683581871,0.029069020053487157,0.1091284649243049,0.013985696844749507,0.08816371574221306
14,0.9869684474284328,0.09286199875184893,0.025087883747785387,0.11713307128563459,0.007250579279044608,0.0917912878404835
15,0.17970537038796328,0.3498097304002842,0.4492789341231993,0.4238520057012033,0.023001044564316998,0.023023539452710486
16,0.17100488998068594,0.31211440883178854,0.4267831467858465,0.4206468780520718,0.01083586255400043,0.022277734004252068
17,0.1505991509505504,0.28547635167211627,0.4226039196611927,0.4072235217782581,0.004461536596768406,0.01879907948379848
18,0.11432450950815339,0.259342638257851,0.41588016166353176,0.3828183042491171,0.002281581805961308,0.012409391857079219
19,0.09125644302990005,0.23718794957831163,0.4524471155448522,0.3608909791786183,0.0009831388921088184,0.008344590134387632
20,0.9501014331323155,0.06694231171277676,0.07577047315244094,0.0863105247009268,0.12275546762408106,0.17364039120998584
21,0.9676328078825246,0.06742407011839413,0.06304073295902986,0.08839532984503969,0.10445995212474593,0.17000938762896256
22,0.9846951053497153,0.0683633497051427,0.050161695786754,0.0913153235395634,0.0823924192275958,0.14765798639839922
23,0.9882603714948177,0.08167445918464043,0.03866931017598951,0.10022198253426859,0.051025671100517804,0.12841705051571
24,0.9787099160563931,0.09947082591683079,0.03339556319518812,0.117156951311431,0.02705998196548285,0.10956924239408575
25,0.9615079488367289,0.11155557207824617,0.03764512160727989,0.12926272556564927,0.01676357813192627,0.11674531947173596
26,0.26624063115891916,0.47822579467808385,0.3873923646373291,0.42974061522002327,0.12188495302578219,0.06833310460405803
27,0.20949309075261108,0.465678561792108,0.43374941289833807,0.4547708186051178,0.07272334567962661,0.03615360330455763
28,0.1863816452578823,0.41167812025676087,0.45352576068031086,0.47205094416951776,0.032494040905204656,0.02357607552753481
29,0.1789625907251818,0.34596196152738146,0.4593452832198256,0.45761351681169943,0.011512245582907985,0.02206908750959729
30,0.15230512415585357,0.28966978223443285,0.4940624439916828,0.4117116758195911,0.004507145965672571,0.018766705204719566
31,0.11535014850420514,0.2667173020735108,0.5121800912995197,0.39436381850900654,0.0017971772675011949,0.011888385145151247
32,0.08559921151033702,0.22331846859439566,0.5486325273906876,0.34550518316641027,0.0004603785154644734,0.007663344914033666
33,0.059371249988899415,0.17266793866653232,0.5706994595816767,0.2807024036469179,1.9166620432150343e-17,0.003524611172956354
34,0.041825618908725534,0.1311884792181763,0.590936236940255,0.22302455230369594,0.0,0.000890120172804715
35,0.937440207792089,0.07844486333393215,0.07789834497973416,0.09204085120522018,0.13327552296457623,0.17896368923641737
36,0.9514502065118841,0.0821834673440864,0.06625408779170035,0.09550473283102077,0.10970605353592919,0.17904745309047929
37,0.9702496898123255,0.07875762382689924,0.05526430437039378,0.09581156853141816,0.08023360466849387,0.1667671639467064
38,0.9706803218891404,0.09512894929152585,0.04429382519449648,0.108874474496698,0.04985756573648815,0.17646961688583235
39,0.9456795234168385,0.12272610169918981,0.04553866606646918,0.138287260698792,0.0261604487278518,0.1697502005614706
40,0.8982649765283957,0.15238979935232122,0.06429433548298562,0.1722226855915504,0.02507048113513618,0.16684251253614318
41,0.8323863584493011,0.18533811014601945,0.0965650449823479,0.2097376756006539,0.04276783532563874,0.16705072089100348
42,0.42965501939071826,0.43515152504990073,0.2729336709698987,0.4298023889255904,0.18609995313283942,0.15323122387626062
43,0.31892203965124094,0.5108730512543336,0.3217676037444727,0.4985803438353601,0.1476070687023275,0.09502183326447898
44,0.22962746929834724,0.5466656147039654,0.3788659897853778,0.5732353094784487,0.08941327438929213,0.039747684083126754
45,0.19398608973620046,0.5150707316762837,0.41057695476705314,0.5958205721193961,0.03707654236817938,0.024336332337344117
46,0.18164070173264124,0.42685205331784554,0.45404111226803323,0.5716825033055214,0.012411457271793304,0.02129472718003151
47,0.15023058218622726,0.33435713960079344,0.5410566555015228,0.477477931663319,0.004496935783608122,0.017109298539838235
48,0.10901230473813575,0.27558796977436356,0.6088770965254475,0.41299429975779295,0.0012787842474880008,0.010726026697879965
49,0.07762633900143348,0.19806633622193537,0.6746741315052376,0.31302212824900527,0.00010601660662232978,0.00739632833629101
50,0.055178880850531374,0.1596524312206219,0.6567326026792717,0.2626634612836286,0.0,0.002276235445998777
51,0.04044214363479666,0.12043569268622566,0.655289818577687,0.20569524147379273,0.0,0.0007443461661420953
52,0.9190042923830946,0.1110655812082427,0.06996229208884941,0.10454155431938489,0.17467294661137633,0.19168981937278962
53,0.9377800486877622,0.10672362888050846,0.062194422352851435,0.10596242980364662,0.0937867458862244,0.19638457520028793
54,0.9398646444359365,0.12085841487569722,0.05327322831591908,0.12795105304459412,0.04733438061251928,0.22157527920250952
55,0.8894900522474528,0.158482066704739,0.06906294768336081,0.1823290918160435,0.027315868312470303,0.22116342506171943
56,0.8256901533635145,0.18903549875775214,0.09972618304053488,0.2172976233627224,0.03834742119936053,0.21851707979089707
57,0.7601926562354403,0.2238486169391136,0.13033269972699527,0.2527354101795547,0.0753222768301184,0.20746203033109079
58,0.6529535877392981,0.3140711405701702,0.1607127533077906,0.34138272811686676,0.15360918172460367,0.22292202429984462
59,0.5070483367412361,0.45115999932251744,0.19529817556030174,0.477782395144916,0.19901873425648198,0.1926057957295574
60,0.37199071510935694,0.5940025196412626,0.21974105966539978,0.6238224449466799,0.17568571722781917,0.12545532522815536
61,0.26304746697777603,0.6315797929289285,0.2931794872769599,0.6994558651004539,0.11607723618297437,0.05158564644098828
62,0.21744308179284594,0.5940293721031756,0.34973312548737306,0.7023272347223757,0.04987260374497384,0.03547288547699448
63,0.2020468091111268,0.47771452741736103,0.4279107374245429,0.6363778724463266,0.021252674393152652,0.03538553480725217
64,0.15809974495432613,0.36398052460036157,0.5413860806421046,0.5183291163045775,0.007448991528283832,0.026920563023423796
65,0.1077567071790897,0.2815860445214211,0.6393741409438445,0.4248901888737733,0.0015808485141135125,0.015966037054185072
66,0.07012071157180567,0.18426610958881048,0.7290573629340991,0.2971484868528754,0.00011829352151069296,0.007698058646373372
67,0.049754956324838624,0.15069986533323945,0.7236132296569457,0.25213002336730417,0.0,0.0020506851321963906
68,0.03825628956522757,0.1039154583072806,0.7558795525896441,0.17902854053739523,0.0,0.0005491017681060204
69,0.8445735187500063,0.17099416756107136,0.08328576203710042,0.16385347200812936,0.5060267376461937,0.1684694814027532
70,0.8795171145528508,0.14317875387909254,0.07543594683520956,0.1270877492145382,0.32940057720905264,0.18919310491397556
71,0.8991102489690115,0.1284805550298441,0.07449557755543895,0.11951729124547947,0.17851369735397318,0.20168618898337184
72,0.8908552329935345,0.1280609244602243,0.08829210527593759,0.13484823416986452,0.062316936495049095,0.2205818263785414
73,0.8242456970477234,0.15699921949767387,0.12549744495470352,0.18738084785709735,0.03363173296275032,0.21782422920015687
74,0.7641959830010635,0.18213315275632688,0.15657745259391792,0.21481389975507958,0.052023962823687375,0.2329657252138057
75,0.7199877329145744,0.23771778425908927,0.15383501463147742,0.27170813076120126,0.09202549292534161,0.23999149502434172
76,0.6848270793455696,0.32419312930463784,0.12657571423649566,0.34979539517595953,0.17522603582626753,0.2819633965511337
77,0.5610936273112099,0.4887807961013116,0.12169830245026785,0.5378561066969126,0.22364080828718405,0.2226768879971049
78,0.40330233880066674,0.6345575359645257,0.16018079361502444,0.6990089125927227,0.20405571573946213,0.1381342922443731
79,0.2873592628447764,0.6491023025296523,0.2554604166115443,0.7497839104355902,0.14818881087598196,0.06219967768683202
80,0.24037129209377311,0.5885243706488732,0.3420787396592453,0.7181429501430032,0.07268551751947637,0.04898950060535468
81,0.2292144527513122,0.48816107254019575,0.4241250501646041,0.6566127803504436,0.03667855827478858,0.049303505639823574
82,0.18126380459668862,0.3979096542545727,0.525040721437014,0.5673431014985506,0.013416533191429646,0.03476917710007506
83,0.12250131596102054,0.3007507479741898,0.6341389869443581,0.4549800200498053,0.003530082341336301,0.019997086080123464
84,0.07460394035352039,0.19460595950911846,0.7319694820936085,0.31336997591701327,0.0008582993781958549,0.008785437841102063
85,0.04614347386458821,0.12772260335199298,0.7997125692102854,0.21765473191809,2.4475540472284406e-17,0.0021496577833628235
86,0.036467038540866734,0.09197282258812542,0.8251099949230476,0.16007950327916143,0.0,0.00034481409891253776
87,0.7582528570135803,0.23177996350548782,0.13167635481757098,0.26617198323558633,0.6243702229672585,0.0739810837178198
88,0.810246709471555,0.19875294517011066,0.10132965345100457,0.2123613824691674,0.5923642484399577,0.11831162508759133
89,0.8623671892268548,0.16837121420716228,0.07226683202928835,0.16034143115840627,0.4458565697853865,0.16584389837380023
90,0.8793427100693956,0.13829968626887718,0.07937685262611471,0.13454366941381024,0.27445846730572754,0.19419815356498535
91,0.8531471303963858,0.13191441447476962,0.11249460865391817,0.1436765664320929,0.08792771240137959,0.2069672547926902
92,0.7919369407678813,0.1588301148777033,0.1494975616473526,0.19563320574613782,0.048970516849869174,0.203564018265902
93,0.7577377997373836,0.18124002865437547,0.1613513050132609,0.2211517529987716,0.06905078379475635,0.24228161877116322
94,0.7432587507226678,0.24341395018051343,0.1272124270819792,0.28006797111197923,0.11379152377310892,0.28121436247701176
95,0.6963235629192762,0.35809712579089403,0.08695088443522324,0.377660887982692,0.17313637302570653,0.3007149811938767
96,0.5630028272972514,0.5313796529386706,0.08145105199189642,0.5665696968639187,0.22896604562807735,0.22371593512054247
97,0.4170501572408986,0.6548985609898845,0.12541610469361508,0.7013402487024207,0.2312324951250515,0.13971285328407793
98,0.33833614088648206,0.6327458858555955,0.21752731930048214,0.7149867700422138,0.18958318364183005,0.08966967398046263
99,0.30162446089041134,0.5495723270209532,0.3156953264902682,0.6565179143514468,0.11932628015006047,0.08364003264584646
100,0.2760228234230852,0.4667088642718249,0.40084821543891547,0.6129851444249158,0.06636843201229134,0.07397760646080334
101,0.21516330025778954,0.4011291314657591,0.4943709170999756,0.5557816519180722,0.024211969799229845,0.0453801303276082
102,0.14864729131085253,0.2944467166509446,0.6064563245737232,0.4419787840414044,0.007750021614531692,0.02363505699706391
103,0.09379083436449057,0.1808000507985264,0.713692290145202,0.29165413939637375,0.0017614405406951113,0.008330660573277153
104,0.6830231609304377,0.19839304383055842,0.23158535838858718,0.2392881855238854,0.523198021192365,0.03365750090831464
105,0.7774428394502784,0.18266897808148472,0.15029447449131025,0.2073232109229369,0.6294067727268853,0.06955801693037865
106,0.855838556365524,0.16076169549273822,0.08510974913180322,0.1727659524082003,0.5253539474466471,0.13936250873770406
107,0.8714612187768616,0.13383541682926614,0.08572947364160388,0.1459598951624655,0.3726080454246498,0.184506237896963
108,0.8374321812791071,0.12649912806491131,0.1238570125899301,0.14621386906703487,0.13066754468821215,0.20021567461662784
109,0.8064527446669093,0.14788508386586427,0.14301858119177083,0.176276759992354,0.056907659557590265,0.1889684782252019
110,0.8008999639905618,0.17227079644756563,0.12915141546675013,0.19791512988926438,0.06825587811245494,0.2205915681942152
111,0.7640662414696486,0.26705831679404374,0.08589217546479543,0.27687144085516013,0.11732016594088218,0.2595986166749266
112,0.6539395751823376,0.42403560772562127,0.06253675335361777,0.39638714671976066,0.1568694689721865,0.25590270102861173
113,0.4965971640145115,0.5930957531146513,0.079554538688977,0.5745064460307187,0.2016803488820331,0.18609944297376357
114,0.3905515943841509,0.6709178377158612,0.1283363996462998,0.6823490960525939,0.2153883371336671,0.12583743951548854
115,0.36123405558080246,0.6193692869211167,0.20523908078982267,0.691135275725408,0.19199284093376687,0.10927072888621964
116,0.3312752632870835,0.5427470672549923,0.29151878238763956,0.6422495512816472,0.14095679118650234,0.10555437421167754
117,0.27591577191991384,0.470570697396645,0.3805718245668501,0.6044871843321081,0.0812129912878837,0.07950075950849265
118,0.19910393702983326,0.39621510792501485,0.4884765003967177,0.5374391987406443,0.025817000950120083,0.03578144984561131
119,0.14402438146474586,0.25268158112744743,0.6233241193384632,0.3892280655202588,0.006786418832992016,0.010079169595213225
120,0.10468888865164518,0.13928130154403684,0.7106702290376808,0.2301219047496561,0.0015368185238410332,0.0033531447077416285
121,0.09204825587125727,0.0884775906365664,0.7517386128220128,0.15307119285356052,8.009300865847483e-17,0.0005396974361792605
122,0.3878364590374343,0.060187677546257194,0.605478736044773,0.094482734790272,0.13459148074907737,0.001013998240823245
123,0.4673933735253754,0.0887260391189501,0.5120239267309203,0.12715390345307828,0.20753549716655684,0.00347947708768226
124,0.6021861743530269,0.13401451390785554,0.35521725720960057,0.17257926751606348,0.36138403066011077,0.015293791211195444
125,0.7309630583288237,0.16461645543590464,0.21134363988812238,0.19911026175664004,0.5113371357859534,0.04568690060052491
126,0.8287205075241133,0.16983560583924945,0.10489130293543031,0.1984258215103676,0.5015749340630957,0.12097262869815731
127,0.8407245738778758,0.17015200432422145,0.08473223261076095,0.19309754678171864,0.402095162424038,0.17559413876148505
128,0.8232452180378534,0.16926254356974707,0.10048916882703357,0.19526655826922149,0.17586173523018447,0.20125917248087996
129,0.819838131948386,0.19198927224678627,0.09587088553864019,0.2131728159164823,0.07709547410161274,0.18362290705882953
130,0.8139125785059635,0.2243921858737326,0.07409185400958529,0.2326167179858391,0.07789388583366871,0.19040681742704985
131,0.7028952515746987,0.3745903263418344,0.04834867944988487,0.35229589556662444,0.10537840084839618,0.19434003142340917
132,0.5244575973098766,0.5752896471941773,0.04440119239980605,0.5013192696122998,0.12002586384245643,0.17156053790892262
133,0.3685278832149707,0.7384915069733082,0.0658410843565153,0.6820320647678941,0.14869069004350371,0.12493955675318175
134,0.32061433283167196,0.773611586006916,0.10242729300236997,0.7792676365721359,0.1691633306564322,0.0985587810269834
135,0.33977976399049714,0.6999772004225825,0.16253903686895851,0.7921924767006399,0.16007177470993775,0.1048116884556102
136,0.322855876858519,0.6130634197442599,0.24521092734872676,0.7336859727325519,0.11844464601486074,0.10295366422330904
137,0.24796482710467935,0.48575051318596363,0.37764188629745327,0.6137954542554338,0.06702866392965243,0.07170030645467539
138,0.15583909976301308,0.3439621378870705,0.5276576340546014,0.4602743498718591,0.019678608966555478,0.027816805257899504
139,0.1037044258768216,0.17925848872145003,0.6659360974791031,0.2825770486783199,0.004342838359345718,0.0036964005004599533
140,0.09266855609932231,0.08954332707147246,0.731071718832445,0.1539737640938655,0.0004478358652025332,3.488759961148719e-05
141,0.08426507326234797,0.07322987346476255,0.769124648233763,0.12676493640863795,3.582684597917214e-17,6.21412138246231e-06
142,0.06581647917434111,0.056168807193251166,0.8207373728163961,0.0964605122108175,0.0,5.558722885737507e-06
143,0.3405863332762807,0.051206372289231264,0.6553039763735288,0.08048109893434394,0.1009476015709239,0.0003444837927653475
144,0.41722499358932635,0.05926841368871375,0.5801036386084759,0.0916740905570239,0.1465860299954422,0.0006969419477126885
145,0.5617874491860729,0.08955122384640665,0.4269172900526071,0.12528561770049768,0.23987239978174946,0.004509280568603434
146,0.7097562400184353,0.12600209310113694,0.26193978146818125,0.16112405050270193,0.42001171080628036,0.03262768448679124
147,0.8169320782725028,0.1542363136877725,0.12920696238287827,0.18909082016855758,0.47855723441105763,0.10317831364986202
148,0.8277142860893563,0.18968519767982125,0.08292941580877139,0.2195201066755866,0.41840751886934097,0.1607709252748999
149,0.8335165548497513,0.1939079236779632,0.07326975384485399,0.2229967938057389,0.23905121235137353,0.20364617583880357
150,0.8358771571435724,0.2162883701658577,0.06336271634006949,0.22847460889104432,0.09753591814215208,0.19712718184743125
151,0.8053605223986817,0.26378293229071015,0.04970157826820688,0.2487754061915212,0.08007986570925221,0.19774186457166912
152,0.6226447045974092,0.4731632775748021,0.04015797275309218,0.4178001495200291,0.09740446047174862,0.1636225686868952
153,0.39541618339531226,0.7248825923088633,0.03720410212118603,0.623979125690841,0.10290842863679923,0.11659939380787702
154,0.24497703720737635,0.8950190174421434,0.04921588015552228,0.8279888286541625,0.11308661788460879,0.07127013510960667
155,0.23058633654491192,0.8944435629305211,0.08286521308277423,0.9096322233269358,0.11524445301492459,0.061505463596261384
156,0.2773765939809418,0.7890744866121735,0.1467130587007517,0.8967078821190342,0.11949297288612235,0.07527264247790412
157,0.2803498791654183,0.6680477896699293,0.23846316936154724,0.8001582232459362,0.08533525415272027,0.07819234869651925
158,0.2154011309644435,0.48500535935756056,0.40839760972786776,0.6051484785538357,0.04376813628379282,0.05482689843195253
159,0.1346612292672787,0.29913470983475476,0.5754755165731906,0.3995526581125098,0.01103873056774039,0.023494814710978605
160,0.08610218646008061,0.14670274671184158,0.6818391990047935,0.23288857718570757,0.0013318487809931025,0.002793129677837864
161,0.08538836043057442,0.08781542284469447,0.7114092354106005,0.151494053869318,4.14056474424656e-06,1.4139069103168252e-05
162,0.07818129366553751,0.07314214737547636,0.7561451593298184,0.1261724067601219,0.0,4.766379430876201e-06
163,0.057845124669463475,0.05162896549970967,0.8229658374071789,0.08800823710513996,0.0,4.686823473755351e-06
164,0.04579029396245798,0.034884472414048684,0.8838108211208393,0.05958919012617444,0.0,4.275159217819591e-06
165,0.22391975917999143,0.035042760747488313,0.7718357769978472,0.05601319187604244,0.03208182139388729,5.349796460427607e-05
166,0.29395324372108117,0.043600946508217504,0.7030060586836738,0.0688224956540216,0.06531132913691695,9.935488392471517e-05
167,0.40080267749590776,0.05190933096774624,0.6007296572213316,0.08215445926342367,0.11259206043777692,0.00011888207452385295
168,0.5599430880747929,0.07597222326076652,0.43985791283425435,0.1155879868177498,0.15522994190477843,0.002331193944829032
169,0.704668938307297,0.12451758704753772,0.2703777868751998,0.17120765325814552,0.28455813685414133,0.023060478529506694
170,0.7988305911160821,0.16017472921809892,0.14342674388252954,0.2021416745369616,0.36959867799302126,0.08319180594033229
171,0.8179708023287695,0.2025190373609366,0.08490037797020172,0.2348607892134403,0.3434685017020447,0.14329072284607675
172,0.849161291460546,0.1979474686229378,0.057360780643467744,0.22435331600049987,0.260686207869166,0.2097114479889863
173,0.8546614074449496,0.21754293693686289,0.04649039727672789,0.22764524826117152,0.12729382190982255,0.23817811825865198
174,0.7995548460052818,0.28194091368321555,0.040947119727636073,0.25263451451002017,0.10186119567839791,0.2583495891986289
175,0.5965578312069729,0.50289388151408,0.03862558528561483,0.41463156304377713,0.10413639297705485,0.20877945533515935
176,0.3554984806546081,0.7711949910799409,0.03253291765595099,0.6401389548246351,0.089299699976558,0.1313804346278823
177,0.20562986954498086,0.9473494970790919,0.03379626825616854,0.8585859145573712,0.09081045805321018,0.06129039992519137
178,0.19263723844294164,0.9434556524218791,0.062321957070793556,0.9576490837503602,0.07639455906000242,0.04389499689689331
179,0.2555769117197974,0.816428224303887,0.12708367666556758,0.9311715731587777,0.08130474479284822,0.057289403341045236
180,0.2845307460633548,0.6585640535528139,0.22448382888165883,0.7995077402768656,0.05582095382909113,0.065649587777374
181,0.23346313105375183,0.4582693831829114,0.4068435466603083,0.5745623590799361,0.02829958469121109,0.04905914148833558
182,0.149259793912488,0.27197388684881774,0.5736626400863416,0.3597797259984692,0.007730526311682322,0.024522056444825496
183,0.0811530541425125,0.13888808199306193,0.6481619738291826,0.21382136981617958,0.0007358684436799074,0.0032489803407927315
184,0.07216388829743463,0.08997402206620461,0.637132069117372,0.1532333561098241,1.1149609149373132e-05,3.6058564381891854e-05
185,0.06809775384591789,0.07851942973414974,0.6565456797073512,0.13462071027666203,0.0,2.5907952347884016e-05
186,0.06346011161591983,0.062118945528140006,0.7538245739337344,0.1048899773674373,0.0,2.5602006167479047e-05
187,0.051484758071337164,0.040109927862200814,0.8520034746221924,0.06825945291172233,2.076511936803097e-18,3.2694636793367923e-05
188,0.0453593784600669,0.029385945540826217,0.898869727947247,0.050032308131196204,2.6061845448552275e-06,0.00024880212691182025
189,0.19523400167445065,0.029553964976539684,0.8011218555608544,0.0488415943039899,0.017501866176580748,3.966549029919944e-05
190,0.21349382160021374,0.03228720392216397,0.7827848683883804,0.05282828626389535,0.02285142400519717,6.560763847844482e-05
191,0.27429889621113257,0.04129012713228388,0.7222391203863087,0.06610204976302426,0.043390103986770526,0.00018273911198845395
192,0.3970504320690213,0.050462837158196064,0.6045464400826338,0.08049516657252934,0.09368588374079102,0.00022341737950589912
193,0.5785318096737614,0.0716403719266396,0.4258687441051145,0.1131600535255366,0.12560689677852865,0.0014011417092942332
194,0.7364772297707465,0.1229407856733592,0.24221845940578757,0.1764849580965333,0.22924510322223338,0.01598724985883583
195,0.8157391174608539,0.14834874668321738,0.13429627072978323,0.18861938601106867,0.32215334451270317,0.07071653885438957
196,0.845887074828904,0.17494139481352064,0.08112091619544783,0.2031461375270482,0.297408697825646,0.14139959383042375
197,0.8839003723793605,0.16891597277898338,0.04894601157541183,0.18771352838489833,0.24771996111542013,0.24350739015798534
198,0.8905335464890589,0.1940302427042735,0.03477161915147618,0.2038979338230092,0.13062535320004748,0.32853867222148736
199,0.8294425303650559,0.26307480608569095,0.0330634450431378,0.24006476791363437,0.11621922061550709,0.38152933399990796
200,0.6662019325291133,0.4359110906014845,0.03456080894683249,0.356711802448838,0.13890457600260395,0.3366618642048443
201,0.45971313768729566,0.66421701045688,0.03281204748863907,0.5464341300773712,0.12954176043308072,0.23229705097184605
202,0.3182181510850936,0.828829500433674,0.032730806794789916,0.7320310963824472,0.13552512716056186,0.13023024325746885
203,0.2816988542434831,0.8489379985187759,0.05795088053544162,0.8458758534851033,0.12781312930069605,0.08798955487440507
204,0.32033570597014926,0.7408697909079223,0.12142735834931241,0.8380458586352948,0.12184951881908491,0.08382760180028785
205,0.33196324000724453,0.5992807586109772,0.21717466448768985,0.7336502530506139,0.08344295384629612,0.08062688640459316
206,0.2658460762739788,0.4425800612845016,0.3806189258067976,0.5536386855009499,0.03866228216185962,0.053678615311306674
207,0.16947239120260438,0.28582100128182064,0.5412397363867505,0.362669203271147,0.011281770212558544,0.02531396697153952
208,0.09057259095136977,0.16010571139657911,0.6313315300382272,0.22611014840139967,0.0012409536747742234,0.003492445486153756
209,0.07204009823656268,0.09503202690419375,0.6396372192651698,0.1536619755716584,1.5739861827384576e-05,9.789615407462358e-05
210,0.06868724663069786,0.07993288786362567,0.6411700805292683,0.13385617319706342,0.0,0.00013697012612603386
211,0.07680436474849499,0.07162786383614862,0.6938953705791983,0.11733753332492983,4.153023665954749e-18,0.0010320556641174072
212,0.06742108849604321,0.05221995130949636,0.7876240576609717,0.08508894236550682,2.595641604517043e-05,0.0024314440823267145
213,0.06579902643269418,0.04120889497366489,0.8581752155911916,0.06312922406099206,6.004995711475354e-05,0.0048473903445335805
214,0.05521445566523461,0.030185834925635476,0.9094976032621171,0.04552847234032196,5.702170581516641e-05,0.0036775161311245444
215,0.057642110445198444,0.026265650365631645,0.9180049527085332,0.04068453112407395,1.9517804340438895e-05,0.0010847813294244477
216,0.06610806591950545,0.024381652623982463,0.9065310621800834,0.03885464476418718,2.6758258484002843e-18,1.3523784260499017e-05
217,0.06736910233503565,0.02274975916717015,0.9027134197050566,0.036542428765215934,0.0,5.071421104388156e-06
218,0.22144838782162474,0.032294818711425304,0.7751609905182185,0.05372533968664058,0.02233248653156865,8.449592674292595e-05
219,0.28841928198421024,0.03934044333268942,0.7096930898536489,0.06447209131066263,0.04619467861265216,0.00018195639468381584
220,0.4092687907959598,0.0499412849246276,0.5931594597584007,0.08110629470607805,0.07574011773560053,0.00025242261994895716
221,0.5832701034302711,0.08092436887474858,0.4141512307128034,0.12468274792648655,0.11027133229852612,0.0029818537051209603
222,0.7459518270388392,0.12482764771032492,0.2262987071274763,0.17282894975898175,0.18173746722500211,0.03982196372855795
223,0.8301819794958817,0.15038602431561124,0.1178565823885186,0.18604452407516256,0.2411030612904964,0.11076809061897935
224,0.8604829408790828,0.1652228223682394,0.07485153966183662,0.18735156310716558,0.23120137977913802,0.18526364709603452
225,0.8924029631559768,0.16416674479498647,0.04718116379324957,0.17607012771366284,0.20932542844997742,0.3012388970222626
226,0.8937240117585279,0.19499515807108225,0.03401895532175191,0.1981680340074309,0.14461973382784404,0.41683419264055904
227,0.847942428198703,0.24746434496324643,0.032688814587065705,0.22330755735588861,0.13001350789152324,0.5004889774419236
228,0.7450905904154944,0.35074222470689626,0.03590950245144984,0.27659455170804353,0.14388930311818912,0.47240259530795836
229,0.6002894445685648,0.5093159522614855,0.037109215391748905,0.39857942281066644,0.13847516181629876,0.3561602450039388
230,0.4771804105651947,0.6465595532345533,0.041400369984442506,0.5423324409768904,0.17143423949132702,0.2268616424109143
231,0.4174056263122985,0.6899685121677078,0.0667042043972678,0.6722634813362377,0.1901857537245021,0.1613041798210945
232,0.4086296607885028,0.619999957985548,0.13511871030018913,0.7040454604828417,0.177801433345229,0.1301783019730998
233,0.37166738383877695,0.5146454963956195,0.24173235968495693,0.6431198111175764,0.126093482662348,0.10451914761742656
234,0.2715119442822711,0.4131253742415044,0.38568976147122774,0.5222846767549589,0.04967198333307878,0.056889997121121604
235,0.16600270968459976,0.2903411668208832,0.5361414380968471,0.3640926762018461,0.012643086451169608,0.021342826203511463
236,0.09715493906125135,0.17556658459757155,0.6409092228025705,0.235113915537226,0.0013342121072869772,0.002603382205683233
237,0.07945588423234647,0.09289280230510982,0.6866103745634248,0.1416257795055164,1.573986182738353e-05,9.714908424519237e-05
238,0.08014815147958822,0.07516687705926595,0.6836150193112656,0.1192509079052019,0.0,0.0010467404280804892
239,0.10988178957629272,0.08468181315331344,0.6646725737774075,0.12493538019761415,2.5956416045168664e-05,0.007549093774604601
240,0.12214872886340657,0.07886235866987701,0.7139493100747265,0.1102929365280626,0.00015759248445826055,0.015820796141318493
241,0.12202189257125799,0.07120870605161893,0.77736401800206,0.09467144380474281,0.00016912866607117022,0.017076846702962705
242,0.07661385761089513,0.04302170659239966,0.8861347790452301,0.05890254756461018,0.00017922282292241913,0.010851570021970958
243,0.0663988725291943,0.03603405126699168,0.9014451131382712,0.05336543773658357,3.110649859380744e-05,0.0017753664093711858
244,0.05413157136573127,0.02011058060660975,0.918634196123146,0.03187420654061847,0.0,1.74682225759745e-05
245,0.062255389900497754,0.02015897543266769,0.9044870403334453,0.03254431819823899,0.0,1.5026446991197438e-06
246,0.856478500099139,0.14841501453227152,0.09104250952246652,0.1770831692019583,0.22537253907415755,0.18178842345937388
247,0.8759439094215464,0.1573954385117035,0.06556270032124872,0.1778253619002822,0.220161867180485,0.26679213085585685
248,0.8802803978145645,0.177934141821708,0.05005805740755441,0.1906851670943897,0.18412746671690455,0.3572437665363227
249,0.8601525660327042,0.22301329293221342,0.04378336590236732,0.21912911517864828,0.13004290753076994,0.4615646577562203
250,0.8388076418256515,0.24542142209540663,0.0444421840048212,0.2239050947150736,0.11555987737784068,0.5564991252207991
251,0.795377707254534,0.278270801217321,0.05271786732871956,0.23913367981598477,0.14001967778297328,0.5430574128217576
252,0.7260187136499373,0.35761937582065023,0.052837737790952126,0.3042903043155243,0.15300983623949616,0.45047433527867975
253,0.6383967190825572,0.463552247513633,0.054540028563823055,0.40405704711961776,0.2105040215734589,0.3266207454454928
254,0.5600431934705282,0.5346722393749714,0.0763273498619615,0.5222576733913697,0.241915690793152,0.2485856491248114
255,0.4849812406220845,0.5218457363932545,0.1567408592446195,0.5877499658885708,0.2252116378263696,0.1829660247649366
256,0.3819491037811322,0.4500029162657717,0.29651414496404294,0.5637238653791676,0.1560306373840195,0.12463651599427167
257,0.24923549793323094,0.36418114508016985,0.4574178766258158,0.4701130907628262,0.0535404127335754,0.05387128899399062
258,0.15534075498012795,0.24422456711526297,0.6123794976459479,0.3163274692391627,0.011090190141457523,0.014422624732758536
259,0.10761335471110492,0.1484274805922819,0.7252621695414261,0.19912126124248603,0.0010686780111234739,0.0015353995115514607
260,0.0904103887990455,0.07588665119493383,0.8092597884496519,0.1118467172355978,4.590252678014218e-06,7.192495895395971e-05
261,0.08427021545982707,0.0602241750362781,0.825457375594442,0.0895329437590908,6.574737738558229e-07,0.0016766794159218065
262,0.1185157083134706,0.0792926311702873,0.7537998232824674,0.10430991727415384,3.3661390528760394e-05,0.011863601639397888
263,0.13734074344478367,0.08353609680421863,0.7352986176751409,0.10424541318760305,0.00016261941634615327,0.022332475950018534
264,0.13937666164558266,0.08362889836799527,0.7576641045131782,0.10305738813504414,0.00011460733315186113,0.02263578793330305
265,0.08558344064357863,0.049750099389894414,0.868913107705199,0.06672461562580288,0.00016995268125657534,0.012894170811899
266,0.06393382783607922,0.0372767396050381,0.8977542271354413,0.054779952942424666,2.6780429252950592e-05,0.0016790056225277207
267,0.047078369324841204,0.01756503709605213,0.917267207831759,0.02795640097952375,0.0,1.5926908819277816e-05
268,0.043621803947762,0.014092186885608171,0.9143607925707301,0.02292065876941581,0.0,1.370058402140997e-06
269,0.8824448487182495,0.1583414218269911,0.05960725312335463,0.1732830374743458,0.20091102877840322,0.38745301572945107
270,0.8848954572290906,0.17246202191823531,0.05091783067924723,0.1793089096510412,0.1704516752235146,0.47040405390205603
271,0.8576016137990963,0.2204894236895239,0.047679642400243256,0.20719868336455674,0.12586858295274436,0.5351030789305522
272,0.8531867853559255,0.2289192602025049,0.04556095108597066,0.20334807081382672,0.09900104618436839,0.5957774637493003
273,0.8355227293969795,0.2366827016182558,0.053048667373994135,0.20735886106154353,0.10272772131429111,0.556453046021925
274,0.7960792936586906,0.2807471588430907,0.05365042778391829,0.2479924299455294,0.11598221381301414,0.47709278838792435
275,0.7122269861203354,0.3703002654523217,0.06173626861255872,0.33650163806815453,0.18693968592864174,0.366063125981648
276,0.616864383829993,0.4583878585440026,0.08416982723653843,0.4514318812095206,0.2336608823046932,0.2897288099053154
277,0.5111280237685027,0.48247586813482607,0.16612346216725804,0.5338987478860703,0.22849269656087867,0.21652161695570535
278,0.38192800940456356,0.4208861731139247,0.3288074827883595,0.513223681663162,0.15230298758159505,0.14389630968614
279,0.24532239923441013,0.3224714818785098,0.5158813853741382,0.42132384567600095,0.050339833159680804,0.05843245053924761
280,0.16536038478273887,0.1914172753550717,0.6834917183737779,0.265043432792171,0.007875536109559846,0.010977972955441156
281,0.12788770296268528,0.11087214354872034,0.7817447200365364,0.15996199066154676,0.00044396206109296283,0.0006293513463348726
282,0.09929330225961272,0.055292566784568925,0.8611087939721476,0.08414318642151251,6.57473773855618e-07,1.0581577204271178e-05
283,0.08235730609351181,0.04706617387246125,0.8841376174051102,0.06878119742203474,1.119834560285193e-05,0.0017231222433610992
284,0.1163942573675969,0.07369871489800477,0.8177914875540555,0.09247859219597251,7.321626679888652e-05,0.012250885555879566
285,0.1377697713674387,0.08401319441698347,0.7837826207903899,0.10140320619482347,0.0002030244146505037,0.021665460505539778
286,0.13763205061660627,0.08503173656226642,0.7865364780424601,0.10232023876575645,0.00020974993738966628,0.022286202296154606
287,0.07879332719211589,0.047083215171040554,0.8804570175846973,0.06182254044621599,0.00018773845458339183,0.012387563257087886
288,0.04571122537952851,0.027226758438325428,0.9199017990972158,0.039174996646634166,4.9080279625240806e-05,0.002983948926590467
289,0.029954347072519247,0.01432533523059251,0.9296729086050993,0.02203149741073293,2.9532622066412128e-18,3.818721007747773e-05
290,0.02690341220874985,0.008734479149584879,0.9245140848606873,0.014359109017197898,0.0,2.5990814018996616e-06
291,0.8763919772688482,0.17075290563501877,0.05574156370031846,0.1679151189504594,0.16144376716888192,0.5274226077622227
292,0.8861273242233455,0.1735320677801907,0.05056475991474077,0.16787266554780328,0.138268642227082,0.5894333209212399
293,0.8679870225310882,0.20613400088137418,0.04873357868728903,0.189685200217299,0.10146859260885033,0.613123262978696
294,0.8655255233273105,0.21302133165126416,0.04613798891696368,0.1956766187344808,0.07355783532020387,0.6092857563518038
295,0.8583680150547127,0.21690008500990918,0.04913303510428634,0.20325112757069216,0.08254536994802975,0.5404313788240477
296,0.8267595013141944,0.258522998266119,0.04604374808030912,0.24171410395741377,0.10202214598204425,0.4825173926803071
297,0.7521946453294102,0.33591180584544333,0.05391031471959624,0.31730032206238823,0.1642613893324816,0.40814734026548755
298,0.6382031376924937,0.4468124547229739,0.0753537172922809,0.43439436773419987,0.20821780106573726,0.3251593011966433
299,0.5110466759067726,0.5021512034399946,0.15357749410791116,0.5355287081735137,0.19332478062647648,0.23023299852602624
300,0.3688846763694085,0.43827647839757866,0.3344695260615038,0.5100654239711953,0.11892471371905233,0.1394938650729424
301,0.24156642732068123,0.303182695373225,0.5508603569484161,0.39380273693135426,0.04075276366437178,0.05245159376269951
302,0.17178216627154955,0.1438103382414361,0.735270643093154,0.2115531461326852,0.005375715598209596,0.008187650108106716
303,0.1323641352779331,0.06938435107968761,0.8263342229886363,0.11081505311934564,0.00011717358864648095,0.00039072445063945626
304,0.09172804479908707,0.03467464626421647,0.8892619788906306,0.05634145639559838,6.574737738549799e-07,5.937955020715138e-06
305,0.06928235655290334,0.03539373606677722,0.9085640528936517,0.05299960976576365,1.1198345602853293e-05,0.0008338935368872215
306,0.09268914189137051,0.06219915763728371,0.863205536279775,0.07957117180649473,4.615090755991658e-05,0.0061139795729061395
307,0.09757278050388489,0.06941258890601829,0.8497909506959459,0.08661184144526547,5.957969086253393e-05,0.008865240369822124
308,0.08437915771171232,0.0631193926461734,0.8655453911768212,0.07746089056204664,7.603346171718427e-05,0.008651654026622884
309,0.0496073680497861,0.03318267799527812,0.9193069299802643,0.04328394306349613,6.626962996041016e-05,0.0053024722971201435
310,0.029912262938681676,0.018515874016098458,0.9435438854839061,0.026839834562710094,2.7315766042916693e-05,0.0018664848906982086
311,0.8686402513998187,0.1871535688003896,0.05084807324065206,0.16454374981727737,0.13203595909732943,0.6280720023477667
312,0.8807023885801122,0.18292800693066016,0.047994586781912624,0.15771353199426477,0.11319121927960461,0.6866662055657021
313,0.8827942826219566,0.19274743791586024,0.045723580819328924,0.17214530631380998,0.0928909640478413,0.6908426613242377
314,0.8781349633023434,0.20566851973016348,0.04015368769452561,0.19696009481288718,0.07095211094546958,0.6361218270093302
315,0.8785939882483216,0.22014185281280166,0.03127633081381927,0.21638449984772815,0.07434047820972856,0.5586262120870329
316,0.8422535403705871,0.2752151479399327,0.02492159600858901,0.26600345428413635,0.09906324995933902,0.5019782767512997
317,0.7846376471200442,0.33182392966114005,0.03417391421678315,0.3191067174029884,0.1573537514867233,0.45333975000797927
318,0.6641324169726176,0.45176732970378225,0.054226496848531126,0.4335598225899478,0.19759154079210792,0.36121102065491884
319,0.5222423552581285,0.5323240661518198,0.12496169616851437,0.5588448624860775,0.16922159894768377,0.24634115398268713
320,0.365053288846618,0.47238243826055754,0.31611044062543747,0.5364096545602531,0.10296256852393461,0.13540265176183994
321,0.23865473441606538,0.31926468597620633,0.5451900422758736,0.4119950420481968,0.03529344633982327,0.043760057670264314
322,0.1763226824928235,0.13490783555136934,0.7396338531320741,0.19989532798462065,0.003950992299311277,0.00579410598095693
323,0.13424083073395243,0.061339193310126175,0.8314263092562888,0.09758436353647368,9.820486708396009e-06,0.00015662049352359103
324,0.08865957232406864,0.03109703603246851,0.8934956125140874,0.048863081965419906,6.574737738548746e-07,5.937955020715547e-06
325,0.06594828700265529,0.029658823411678012,0.9152951979931732,0.044949435368823475,1.119834560285491e-05,0.0003601702967912331
326,0.09224554041503685,0.05455169456216521,0.8728274518895615,0.07245464169720087,6.658995657624413e-05,0.003131955837058008
327,0.09325812919862234,0.059053440246707285,0.8685774898089164,0.07721895220786026,6.815671344277194e-05,0.0036020680300607893
328,0.07548516592168858,0.051485283675291954,0.890480116123943,0.06551782488826614,7.426485470372707e-05,0.003648241923761592
329,0.03478070955845633,0.023053686361975603,0.946590504186232,0.030200847525077755,2.9625269299574162e-05,0.0017163098252841148
330,0.8704291377738774,0.17591883079218507,0.04986204264287361,0.15157096808598294,0.16690398617880123,0.6346239923526853
331,0.8706190839010804,0.1877616661108161,0.04825172265893971,0.16167671482373802,0.14533009689137952,0.6626101709013775
332,0.8814295727964899,0.1851536742167079,0.04898718593435443,0.15989158317115226,0.12338676915088816,0.7061085954263917
333,0.885913588060126,0.18366336020605256,0.04923174864597395,0.16461103121034906,0.10166632392273733,0.7040138551434697
334,0.8772727279562721,0.19745466055359773,0.04502926169478048,0.19051336248808745,0.08467654920971972,0.651960522342477
335,0.8820853211623685,0.21623078989570366,0.03145261790629028,0.21118165519337323,0.07947649087291397,0.6229463030373329
336,0.8451810163494873,0.2745431471722773,0.025077325301488883,0.26393832456714367,0.11127560428395558,0.5850752208434187
337,0.806964304851185,0.31635273747422893,0.031209261667313037,0.3005096801400802,0.16688503302688515,0.5439133567146444
338,0.6962768486951838,0.4332170611849317,0.04549301977011302,0.4038896905120665,0.2088791243109988,0.41699148086723503
339,0.5429014981140676,0.5323939208421135,0.11026473546720696,0.5487972793050732,0.17202194446744815,0.25879579939237013
340,0.36436963217096113,0.4882652129854541,0.30632100041943633,0.5434266724678537,0.10153806536399117,0.11765569927248949
341,0.22065206336488358,0.335262958648482,0.5495320211225868,0.42813549582292393,0.030210724144013754,0.02566611267672604
342,0.15852457703708442,0.13513258870724015,0.7551705007003638,0.19795232291521284,0.0029332679554492655,0.0024311970460456555
343,0.11820000409517928,0.059825414628525336,0.8464038823675223,0.09400953117706903,9.82048670837726e-06,0.00016511668836748417
344,0.08085443327624461,0.033846014074882635,0.8980595909119408,0.05203245777757437,1.0519584361480726e-19,7.468758651806181e-06
345,0.06140259131623694,0.02760415956909559,0.9203326253590378,0.04096974464252222,1.9781576294439262e-05,0.0006899229923053867
346,0.09546815274618468,0.04781733541163933,0.8743633817511672,0.0612938469020078,0.00014111754651769138,0.004702017494594445
347,0.09606563765314495,0.05008362173840063,0.8730202702569313,0.06296544977339937,0.00014494236702181353,0.005490235023254841
348,0.0808152651541088,0.04571075885544388,0.8907136865574384,0.0563511780494042,0.00016123505852680615,0.00531730594751245
349,0.035278620301148686,0.018824173245406882,0.9522779404242258,0.023398496006310603,5.9316578025537834e-05,0.0018966242113951308
350,0.8789944652836007,0.15723912796401296,0.04944212604795116,0.14332239536528926,0.2173447249807776,0.6270651905470507
351,0.8751825076671914,0.18042760850127787,0.04672311275212093,0.16318157864303326,0.18794731573509263,0.6582916609878271
352,0.888567560827875,0.17004063851175488,0.050294303244021864,0.1509887315495092,0.17105991402256837,0.6951770717107559
353,0.8966125410769651,0.17062857731143405,0.04789518782621378,0.15308858871520267,0.12525002662062104,0.7179560316036103
354,0.8960302950400322,0.17812938801258396,0.04336515704203523,0.16885075860073465,0.10155571773495381,0.7053628489563447
355,0.9000313742844588,0.19221152927719237,0.03355479474452815,0.18226110893939543,0.09365196636106642,0.7196346447027465
356,0.8663910139688744,0.2380014309131072,0.031615125211075776,0.22020061179230457,0.13789855215266875,0.6945881977589272
357,0.835406674885228,0.2751030109936616,0.03513797289768601,0.25326423127454306,0.20040913889269274,0.6431079629728169
358,0.7369654305089721,0.3759631450453189,0.05148081666913823,0.3439163532949143,0.23896778860501267,0.4852030525215789
359,0.5754963162618785,0.4635941943370339,0.13349211613809828,0.4786763014515762,0.18729227194126868,0.2893332392951393
360,0.3836543183104892,0.43532915446598036,0.3293678932862201,0.4858128059236106,0.10182513386552108,0.11676608490592953
361,0.22600373366686072,0.3045395001280681,0.5685165938672782,0.3897372089712882,0.02497841955212783,0.019464030780680694
362,0.1598635875074882,0.12995064099285547,0.757756986479498,0.18709905661972018,0.001990259791422716,0.0009538303297992235
363,0.1133291742535913,0.05637812972165996,0.8519383013566675,0.08678205801215831,1.5712788864639994e-18,3.444134754231504e-05
364,0.07565753581349681,0.031886009940441704,0.9017532083740752,0.04912240839493159,0.0,4.6265438687354355e-06
365,0.05386244911851505,0.022726690136476577,0.9278013757839503,0.033030057196430214,3.758608672780317e-05,0.0010061663864029341
366,0.0954206697246424,0.04216957685323226,0.8758983016905736,0.051593499023555714,0.00022683743964628219,0.006561986121155726
367,0.09884874217189873,0.04363432505979154,0.8733312398935945,0.052418139614441354,0.00019249821822339203,0.0076556998577864905
368,0.08741210449055636,0.04167420362828971,0.8857601123609605,0.04923160832996285,0.00024723183556235714,0.0070571904907177335
369,0.03812862368861629,0.01930418373500394,0.9479653317035026,0.02336184389554729,7.80767905498554e-05,0.002069934290350536
370,0.018413232883085013,0.009517320411503738,0.9731202515545905,0.010895916862630185,4.311178369346904e-06,0.00011363273857095467
371,0.8817269487786769,0.12891115145778323,0.055727987903909815,0.12478644960500558,0.28207200451960385,0.6139080506437278
372,0.8908453337263778,0.14119872462907673,0.05102876975582313,0.13510474582367746,0.23719150263554015,0.6623344716315792
373,0.9120383711463514,0.13763756651307757,0.04871751871315777,0.12631261305397398,0.20058067968056162,0.7107769811031974
374,0.9205039677873309,0.14701253210601828,0.04355421303223337,0.13164069815547047,0.1485309514773116,0.7516498019467047
375,0.9218719531332541,0.15299466140530155,0.04173795964667476,0.1415519568887759,0.11364459963793463,0.7743201497235492
376,0.9139260805248967,0.1670323438768003,0.041618607659959145,0.15356285763167382,0.10502375579665088,0.8080634167127319
377,0.8778776206539022,0.20928742638111938,0.042948000587687184,0.1873555052171302,0.1377264346413921,0.7980294664240102
378,0.8314348545974032,0.26086956663441907,0.04749423467502989,0.23761928754866132,0.18469117380178832,0.7262450623627852
379,0.7247854186201947,0.3528995939559502,0.07776166820993448,0.32689727540988484,0.20313934389946037,0.5269655181837282
380,0.5619531736604221,0.4015048640012257,0.19149579515724277,0.4160648838706069,0.15778553611923374,0.2929179586731231
381,0.3846259905930446,0.37083835211537125,0.3761929347491857,0.4165092079445737,0.08625779993020388,0.10124176459914659
382,0.24359213320279433,0.26036707984211427,0.5860347281184015,0.3320683731455689,0.01941115623685969,0.014461745436777885
383,0.17513072970892868,0.1332995853775628,0.741658459811302,0.18552466707733029,0.0014683297250492574,0.0008768420377896534
384,0.11651475138512064,0.06070471569965102,0.8461601446862649,0.08853309965503765,0.0,0.00013891389315419394
385,0.07001393100142095,0.028208880947414906,0.9086822122467348,0.043441528814397556,0.0,0.00010935758272460146
386,0.04637285884796087,0.01859693340189647,0.9358128066187831,0.02648946821609942,3.890706614501375e-05,0.0008722373900635703
387,0.09033711917078918,0.04788783330741446,0.8746893320568428,0.05872168050855281,0.0003250930326388385,0.005881403303566247
388,0.0986505277801876,0.05504152855804616,0.863857899714441,0.06849859656089179,0.0002891028633510664,0.006769356682640051
389,0.09280431070334184,0.055349931297920804,0.8683710001261481,0.06878579064144616,0.00033273706251441633,0.006034656799472185
390,0.036734411512775345,0.022616140922891312,0.9448133481952455,0.02972289297272338,3.984083573249519e-05,0.0008879533790737844
391,0.024818959407127444,0.01562742370445724,0.9600368534977398,0.018475351933197225,3.4271729915103424e-06,7.6383182795404e-05
392,0.8700011438345999,0.12209962854547358,0.06387295079688785,0.116935784701945,0.30685623095443815,0.6085382119893372
393,0.8804516306097409,0.13569162424945738,0.05804745384394098,0.12253365110253465,0.2621455070433612,0.6580482808431204
394,0.9143516989136797,0.1336584589607109,0.04829510937283622,0.11538440952703213,0.21936589136295123,0.7371096589984483
395,0.9343521404753541,0.13981672103030068,0.039638760285470684,0.12128935552604016,0.15316972642500765,0.8017893690658179
396,0.9397939129131782,0.141871560804106,0.03816069073596096,0.13303848588380687,0.11359187190446854,0.8496782641889608
397,0.9233820342869733,0.15910432097963495,0.04103403571831078,0.14871122019715255,0.11404083776497928,0.8842424118104032
398,0.8913304715443618,0.2042394773755996,0.03651479730144489,0.18525059504669186,0.12914021599624284,0.8874918433507144
399,0.8369479392773215,0.26480941351554044,0.04086049218178019,0.24617278755608699,0.1745750396238821,0.7953292475494927
400,0.7133950248762223,0.3465610999981154,0.09068759474980052,0.34125875543570394,0.1761448495216212,0.5569038460302979
401,0.5397750605283552,0.35144623759432597,0.2443479145981462,0.38321627632391503,0.1304804840742284,0.28514634710688597
402,0.3735073135324619,0.30204255036818695,0.4295757340783399,0.35742133083754046,0.06242508298609889,0.08360270490387456
403,0.2575466565591243,0.20082206648588347,0.6121671193562163,0.26275966138894313,0.010412627803026432,0.010173867851055129
404,0.20078915527299585,0.12919584707690604,0.7174695536671898,0.1777668274690529,0.00035383229896335467,0.001166007812331489
405,0.14125769877521832,0.07468510438189464,0.8124539307198299,0.10564842600042848,1.9011849429471485e-05,0.0009588415461605483
406,0.08626301157001313,0.03971002668848269,0.8856281262612649,0.06045276528757677,3.0418945941933243e-18,0.0008402323899781893
407,0.053156750477566996,0.021239024307878503,0.927800329131639,0.03179886397144146,0.0001114336616445512,0.000621366785549936
408,0.09023163525445554,0.0503316859934515,0.8732888220760014,0.06502820256411997,0.0007206969974789499,0.003845626878127744
409,0.09936339287710728,0.05914503487905101,0.8599724193025365,0.07702122517672993,0.0007180550407581577,0.004362520455336308
410,0.09427338704062531,0.060694844600487706,0.8615290254061202,0.07802904081237667,0.0007296911050390543,0.003882365701140706
411,0.03699626528652363,0.025436276275409092,0.9393598981002615,0.03278956181215754,0.00011143366164455867,0.0005168935772085752
412,0.027202317461186017,0.01962578571326313,0.9512451188058233,0.023140086945951134,1.118705857021609e-17,5.18920282925328e-17
413,0.8521827973808164,0.18112005841624354,0.0545392277989483,0.1590974572517874,0.22359163837519422,0.6523003420383979
414,0.8902169979996744,0.17063145651481348,0.04218673508208134,0.14695427315981538,0.19505065555934037,0.7333855070642795
415,0.9284667385114739,0.15505269933947127,0.03526791188650657,0.13406530418470372,0.1434389742435336,0.8081991620585935
416,0.9387838934346991,0.14877942404858932,0.03502687974269121,0.14085062917228966,0.11376109089836776,0.8715770115952081
417,0.9218857669132706,0.16763069574943829,0.036194192806748966,0.15936084826229777,0.11228805919407012,0.9172051961742509
418,0.8915252479150415,0.2151191291663649,0.027914195633332427,0.20571713487164395,0.10780860284737558,0.9325925615972073
419,0.819982846580988,0.282266781626463,0.03938505866051414,0.27648327781329785,0.1303428258923357,0.8059564439960036
420,0.67139173634062,0.3447372069395703,0.11265892832341398,0.358925186787051,0.10700546174617379,0.5280030847637095
421,0.48870597420520206,0.31181316138357945,0.287865590295453,0.35208430715016215,0.07996914302668051,0.2380897885222697
422,0.34050647696683467,0.2346707028168781,0.47096459729156165,0.2896679839307438,0.03406186430257392,0.057971572742861265
423,0.25502811804490216,0.1486603663816268,0.6271287440760697,0.20188405839882415,0.004501752301500273,0.005856625397607622
424,0.2171977376103178,0.12091534633204006,0.6982776737013937,0.17002485222050004,0.00021021146559167716,0.002322307273637157
425,0.1620838671566646,0.08677193029778624,0.784430711019828,0.1251828470386536,0.00011407106615785502,0.0024202467682972757
426,0.10173924910282342,0.052273601500999044,0.8641003021381695,0.0801392024683862,1.9011849429467382e-05,0.002013210615136122
427,0.06089625398213379,0.02443111728111031,0.9204707293362743,0.0381271533490753,0.00012594278082226146,0.0007065311139658598
428,0.0951951521259568,0.05029689240795331,0.8706929854788794,0.06986863755076145,0.0008789402955409339,0.003122897423854472
429,0.10308848565334866,0.058654535661732225,0.857792768927289,0.08127828549628952,0.0007147018455664332,0.0035626351339207957
430,0.0991603927631253,0.060715628294478394,0.8574157861009785,0.08268152511654552,0.000980932497846189,0.0033797849188981054
431,0.03382007168462013,0.023918257126412226,0.9424685023979663,0.03171893038421175,0.00013400311879489512,0.0004099452630544088
432,0.021852254111324368,0.016549965538810447,0.9565072334834779,0.018871504897783258,1.1527164555361657e-05,3.5264153166114354e-05
433,0.8236157039568006,0.21830898419727257,0.052804787342383364,0.20688585226949305,0.20136537771884466,0.601089248396069
434,0.847419345177811,0.21362257940862855,0.043744547088064814,0.19474978663310752,0.1876091379677031,0.6415848206235327
435,0.8888345232913999,0.19686350938406896,0.03187760893979219,0.17584778256345235,0.17665301898184613,0.7208588976603487
436,0.9258277284485732,0.17010772308162844,0.029277655816031062,0.14864442223925545,0.13283132651786253,0.8038459152016108
437,0.9367031774258527,0.16010324117814934,0.029058590227215422,0.14922089890074244,0.1125791755333937,0.8912671622872401
438,0.9243353924202811,0.1810077042865808,0.02522471686188217,0.17018188894122097,0.09993048551878093,0.9514295488113887
439,0.8924109619770906,0.2333387705638694,0.014848375669310956,0.22094490353586163,0.09021426366853262,0.9544617481989461
440,0.8079996179539563,0.3068833343398213,0.03250702454890205,0.29666075136581677,0.10562543417096151,0.7836829502094848
441,0.6391762840043809,0.3439514520637353,0.12668620601007555,0.35524698095120805,0.0818138521752895,0.4809451077571142
442,0.44278923290937083,0.28415058161391515,0.2898785511566984,0.32075452456581804,0.06207454198473997,0.1909122773272615
443,0.28832860996424314,0.18329780666939235,0.45749295576189297,0.2333148473818551,0.021524568821687864,0.03951255801767997
444,0.21688884154951757,0.11584515595423953,0.5907547600716805,0.16352240603792487,0.00226644108765228,0.004606796349340201
445,0.19523154257620204,0.10816812051430225,0.6748244481313102,0.15909377031744268,9.178086576363512e-05,0.0033401067638770257
446,0.15879373103047034,0.08951164793737744,0.771410477632145,0.13528049079915982,0.00013966416774491722,0.003473074867485485
447,0.10431742239561971,0.05711336499519703,0.8563678287578195,0.09086136908968039,3.149534619674052e-05,0.0021699451699159684
448,0.06447322072536235,0.02502695552128625,0.9165775091336815,0.03995710250000084,0.00024061217853327057,0.0009790010085785979
449,0.09912070644291873,0.041703815335866985,0.8735805595671715,0.06057361685035329,0.0013889848496417665,0.004491268566676207
450,0.10760192449539242,0.0467789093706371,0.8627009303697123,0.06641371632634052,0.0014355416165549252,0.005521969164070051
451,0.10640691681808834,0.04929866073526653,0.8608923992461329,0.06846122885142403,0.0017490386724803005,0.005613321884983241
452,0.04569092655778871,0.02482651287831242,0.9315295098237867,0.03227700471906603,0.0005203662234408222,0.0017746010400119876
453,0.017681375019637544,0.011215419740006649,0.9623033024546648,0.011915000099716754,7.036530922860349e-06,2.6865742099175494e-05
454,0.8743113938370768,0.19008092963847245,0.039900857744288844,0.1852627265543486,0.21519922763062946,0.6315512256197997
455,0.8935141944195936,0.19682618952606334,0.02726050826292814,0.18420669734023368,0.1761557825504174,0.6529756176117779
456,0.9123610022486695,0.1936961094325449,0.019322375607625692,0.17801109898627934,0.17981006244491526,0.7107000211983752
457,0.9293277836402735,0.1798142104811276,0.02033599150605782,0.15722590277079423,0.13593058869640434,0.7800319816542522
458,0.9281242391532208,0.17820280144633363,0.02269543413624201,0.1601922464894276,0.11304757583687478,0.8682886913634195
459,0.9130732542274079,0.19832057391530492,0.02116483948746349,0.18148801091330072,0.09698738011780253,0.9158355606589967
460,0.8636183020757431,0.2630452760600564,0.016601714225778847,0.2380969071913839,0.08837910088791433,0.8779551539737773
461,0.7610616238123981,0.34474559024328527,0.045461018568798806,0.3197386922607677,0.09047749285495194,0.6861895392613638
462,0.57406871685476,0.3574249994624226,0.17621047235359236,0.35062254110694574,0.058826796646323835,0.40063989358077945
463,0.38201954821914685,0.26636529144071414,0.348712786124539,0.2909492089277841,0.03898172144823812,0.14532435511759537
464,0.2387178988132194,0.1473012448289941,0.5129962511036226,0.1852211612594761,0.011080116078761044,0.026386635512494292
465,0.1931465176420849,0.11164657684631554,0.5966651175076001,0.1475936769397135,0.0011151129872915286,0.006593234469328888
466,0.17935144058219754,0.112718848340443,0.6768863718160734,0.15196013643194167,0.00021310185405089242,0.007217216165183077
467,0.15016297048403504,0.09513448980289023,0.7728103856402639,0.1318692284920954,0.00027091700360050707,0.0065637261920566395
468,0.09360508509610672,0.05145346706398153,0.8690655811879169,0.0793591878085084,0.00010965230997467187,0.0024295692149464672
469,0.05923925130971819,0.02149074653204039,0.9220358577016866,0.03411599427079448,0.00020809157761053816,0.0009802732247615378
470,0.09670754006204474,0.03809024484195232,0.8748075390448872,0.05623266605202118,0.0009393173053982958,0.005152364359174007
471,0.117256643685326,0.04945676715897824,0.8478259919224729,0.07048052274007612,0.0008528245396872153,0.006779952774412492
472,0.1275900756231056,0.0557898770839435,0.8356966647534771,0.07868041912016939,0.0013369249696806318,0.007266917166252455
473,0.0654056590649741,0.029018812563980423,0.9130019709779653,0.03939525237508156,0.000529572438754986,0.0024762718685240916
474,0.04171458340487036,0.008992101462175746,0.9279543932395253,0.013724418083786277,1.1258453735862093e-18,4.298520362084948e-18
475,0.058019168907529964,0.01419085115260247,0.8985883419476993,0.022871687375507332,0.0,0.0
476,0.06727413707062634,0.01758269295949547,0.8804955013913661,0.028564994019472125,0.0,0.0
477,0.9420983202189953,0.13776652075013282,0.029263996062101304,0.13828446314321327,0.25976763406045517,0.6729607621894026
478,0.9531432194496268,0.14339549039363833,0.021747478144411192,0.14004109625083436,0.23185317796659452,0.6736647961949974
479,0.9526137184709151,0.15891857365978374,0.014108158100663109,0.15096315594626614,0.20025733781230243,0.720960143805151
480,0.9431684214769421,0.1676103491847709,0.016857887538989254,0.14862109546162816,0.14910084085427788,0.7734074165415942
481,0.9191718911555042,0.18783509198918402,0.02067847818164637,0.1655781996828853,0.12312732992554634,0.8382683040001714
482,0.8835718378293302,0.22908798097084446,0.020954698361923794,0.20081741028950806,0.11388685772248437,0.8469998133016262
483,0.7945192559664466,0.3313129293858387,0.024032861503150076,0.29001947808032946,0.09672320968998407,0.7510157081583703
484,0.6604704853722142,0.42469300422928213,0.0767591237497052,0.3929591283793548,0.08631420912578504,0.5449004333797333
485,0.46147132596796536,0.4155084795572076,0.24954915340341138,0.41097248087509863,0.05028626845889145,0.2946185941367235
486,0.29264161315872866,0.28710648088177815,0.44426002951400867,0.32068625184695543,0.026818314846749163,0.09827581171408148
487,0.1781493692452877,0.14349432967448394,0.6074826356768507,0.18194526597630248,0.0063071221776888646,0.015102425185839922
488,0.1613730977326158,0.10904634068194875,0.6504715688743359,0.140069621279572,0.0005745101522393366,0.006458842260641094
489,0.16092944721206026,0.11128930367138193,0.7016910617098273,0.14267611372710365,0.00010037060561444704,0.008410546614730185
490,0.1458821581895688,0.10337266223756289,0.7685883296326099,0.13545332129903642,0.00018966473296717492,0.007883762871046515
491,0.09341210871482772,0.05899815145726306,0.8622639419523725,0.08527276391958455,8.211032501888976e-05,0.0028565671435537934
492,0.059803084992071466,0.024512617378613138,0.9188275805379701,0.03765803026452353,0.00018629752522524013,0.0008580457354014878
493,0.08927423857137766,0.030782127503953354,0.8862109586574828,0.04680938108286467,0.000700761863744207,0.0038863737521050517
494,0.1236097191264638,0.04581789425547586,0.8446447839526762,0.06715222364536073,0.0008107248045814761,0.005201453381816202
495,0.14468952795767104,0.053605144078377354,0.8210907043652016,0.07816455753268228,0.0009439026075073901,0.0055324067405416785
496,0.08822471514641517,0.03186216345483317,0.891500755565163,0.0452292967796005,0.00034974302487310083,0.0019634429188081404
497,0.04909480507274786,0.011934332887978733,0.9381634463761828,0.017049000243289876,4.928517117059177e-05,0.00016323332007260277
498,0.04563533958851769,0.007752729748072969,0.9316124198600725,0.012372968809120567,6.875205285878548e-06,1.0867720179433892e-05
499,0.05692349312465608,0.012191977434789385,0.9055453255732878,0.01967692796033361,0.0,0.0
500,0.06657621230106973,0.01624712513944796,0.8825863524992201,0.026005162725136227,0.0,0.0
501,0.06704231448333467,0.01696841846257893,0.8761802113464235,0.026811707764243704,0.0,0.0
502,0.9763274903342836,0.09831430863782949,0.028842267094664635,0.10430059079997205,0.3378771934700638,0.6728676581461701
503,0.9882242167693643,0.10591050980426371,0.019689758266675496,0.10651179428034167,0.2786571485153057,0.7039577734721721
504,0.9815392088043229,0.12919588752473965,0.011031623825396273,0.12371934869572565,0.23453033972846102,0.7460311845687381
505,0.9607232445438803,0.15168128425712646,0.012740359829070454,0.13544540825463838,0.18453830156337434,0.7820387809257668
506,0.9240964330068273,0.18983939511833364,0.015703228629755244,0.1668618523329329,0.15195017147355047,0.8138607894970726
507,0.8585274695830122,0.2601026025366425,0.020734681811031073,0.2113106542524972,0.14626021250108961,0.77196213011695
508,0.7194973249249974,0.38950762477195716,0.044667130039167155,0.3245888972762796,0.11270146025056453,0.6219630233425887
509,0.5396404289334604,0.47019245210653793,0.14796594838593044,0.4271266508104753,0.09099395242136246,0.3976218756071242
510,0.33809090124041996,0.4261275792896597,0.36593613777922573,0.43226465488714905,0.0432199046804862,0.18892694911599484
511,0.20847585185458378,0.26979455530619106,0.5933917498382407,0.31506675711429544,0.014644617970514601,0.05424020150583877
512,0.14845020133242434,0.12845984311084596,0.7450880518568971,0.1673563174051128,0.0019030248440970476,0.007262821494887328
513,0.15614516636730402,0.09020810093920777,0.7642515122755876,0.11329024389661715,8.457487085615957e-05,0.005169872775984486
514,0.16268950143085456,0.09696724396204492,0.7633436732634508,0.11475393308952991,0.00010626299835342548,0.008187492878552178
515,0.14966830703440087,0.10032322366397631,0.7814030685489525,0.11974912247320531,0.00017196783003346132,0.007972898854585145
516,0.1035810940642731,0.07015875151839195,0.847882831575285,0.08920276816597338,0.00012023763668176141,0.0037148167275073917
517,0.06897749723482288,0.03519422567730341,0.9050189272310292,0.04824476931283548,0.00011570004117238342,0.000840900401860921
518,0.08497871158241802,0.02880110099326649,0.8937123325069245,0.042990836021340365,0.00019166404441102407,0.001931687073097095
519,0.1237562149392863,0.0417204040229613,0.8499584444212943,0.06202415271613637,0.0002541767992447614,0.0026627315027139835
520,0.1491980109311573,0.04897127018589684,0.8215639280668727,0.07214694447543893,0.00033415761199908305,0.002834359050416011
521,0.10603964193115252,0.03343958876796417,0.8744914357493124,0.0476409825765601,0.00017759708770835294,0.0009138947626000141
522,0.06326009927603016,0.013139058207070368,0.9274971380456766,0.018697079483298344,0.00011521101684042793,0.0002059233126233852
523,0.0552921237423999,0.009591224491931973,0.9267998751984787,0.014791793634021867,3.362083561618651e-05,2.173543927209379e-05
524,0.06346793036746304,0.013459908953237204,0.9012723689056567,0.02081250491769754,2.2731767037353643e-05,0.0
525,0.06915199920248097,0.0161712856821887,0.8799596608491415,0.024671742291150135,3.637080185138202e-18,0.0
526,0.060879625741958286,0.014577672578609063,0.8821989771472237,0.021401283661827288,1.9766739576816966e-18,0.0
527,0.9568024098803525,0.0895509305627709,0.0395993985868473,0.10694784533723473,0.47381181489274526,0.5810612012460148
528,0.9756084558598062,0.08998935592034017,0.030626307940369194,0.1018777674232802,0.41394582666749363,0.6266839695371235
529,0.9956845878580354,0.09477901415297522,0.01872086457776535,0.10009026356569488,0.3494571633956965,0.6838534319003657
530,0.9893690867214385,0.11517773047080399,0.01151468544262628,0.1136687196379814,0.2718074717513654,0.7351225507377922
531,0.967592312073855,0.14157004850406318,0.012347343513592821,0.1285624177968069,0.2143092727921335,0.7756290419451182
532,0.929572640841672,0.18909675235529086,0.012744840009064166,0.16101461307709483,0.1807079162451562,0.7982299550865667
533,0.8473094158209222,0.2803458219630173,0.0192614651094342,0.20306065241739124,0.16303750647581364,0.7334761046518044
534,0.68662560238996,0.40831628986605756,0.06371577615358572,0.3154694442103761,0.10615249670877107,0.563342475666282
535,0.46977390927466073,0.45908242044942876,0.22233239238406283,0.39461154544634397,0.0771530665199488,0.31566007744246183
536,0.2697241549231339,0.38180480916808973,0.4640932661218984,0.38534417534995447,0.031570089523156805,0.12387917037272941
537,0.15496972955923344,0.222312643438972,0.6924643333674346,0.260695116775954,0.006770804558296036,0.020404087917433363
538,0.12818109077525586,0.10100198199410959,0.8078072343448621,0.13294411472861242,0.00045469649666582434,0.0006554399378391121
539,0.13611891245684066,0.0563662267786883,0.83135721679519,0.07507374958091431,1.7711920184811293e-05,0.0014375813341658578
540,0.1430490498344652,0.06260807755778335,0.8191844687208649,0.07791524474630906,2.428665687140889e-05,0.003735819429150775
541,0.13852636582527092,0.08084289293155628,0.8091611599460709,0.09803785036121472,6.43949063497568e-05,0.0044264927187942504
542,0.1154131306857616,0.07946320265678358,0.8315036640532363,0.09587956510963565,0.00015194583384618897,0.0032617486060135194
543,0.09496101385979012,0.058138915452030954,0.8664954889033579,0.07184901986317639,0.00020069297763140545,0.0010550638671992592
544,0.10128237036725898,0.042460185548793605,0.8720805760871079,0.05520274531085066,0.00023453469110112278,0.0007821508688572236
545,0.12829530383304957,0.042248092586290066,0.8494091570881791,0.05968976703059351,0.0001844959201877556,0.0009452452130786881
546,0.14267618268764645,0.04187933576621961,0.8370374769181028,0.06050856508413231,0.0001756723479230723,0.0010247963207917364
547,0.11409573112007962,0.031880797463430685,0.8703234032992215,0.04455953039578771,0.0001292874639014498,0.0005440998006320483
548,0.0823812293620805,0.02257265559943467,0.9017544588832637,0.03028494065233106,0.0001964632145879846,0.0001795925188970904
549,0.07081301060882116,0.01961771647559111,0.9062920376959522,0.027328000645921103,0.00013331785890787815,1.8140103452642346e-05
550,0.06729702145274534,0.01893633525705144,0.8980988671405378,0.027418366520204577,0.00013607263904156385,0.0
551,0.06369007613274619,0.017616499621225065,0.8885324905526026,0.025828913079294465,3.8210823773548895e-05,0.0
552,0.05627818086757743,0.014390320877592353,0.8881874388227423,0.020015246610163063,2.3617449927698673e-06,0.0
553,0.945601490068847,0.10970618019449674,0.03485628395235672,0.12792058656730962,0.5192625885678123,0.5158904271294269
554,0.9645661502851828,0.10375192633512953,0.027876955088822434,0.11819879393159526,0.4557914938946928,0.5569095417859363
555,0.9886765932322998,0.10146361791213616,0.017967357982991383,0.10712380619340817,0.39729655919700146,0.6264061625755142
556,0.9796236209857744,0.12242352767165977,0.013173487532439647,0.12074750230357212,0.31391789446537016,0.685660104692004
557,0.9596061251811239,0.15121843398032728,0.012620862594203811,0.14012835866220316,0.2572841115299933,0.7377375872337507
558,0.9256494788892704,0.19867991738270452,0.012063095598975193,0.17218777496360413,0.22285889870540176,0.7674976897549676
559,0.8506056848798044,0.2813740110038325,0.019971210454291916,0.21049447462279838,0.1821198833430517,0.7089220701537895
560,0.7109011201833607,0.37547217840802355,0.07260603351722363,0.29247827934164156,0.11813915367044432,0.5500029380500697
561,0.49554925007661627,0.3923955834872535,0.2553304428750475,0.327084443040044,0.07385385504115671,0.3077514327066108
562,0.3001436777010895,0.3057629832779332,0.4978881960692212,0.29596628190134994,0.03430115039113994,0.12231738713848467
563,0.17037038536325944,0.17357616275581916,0.7178163582926665,0.19026391496150313,0.007538378282742239,0.019432715433085515
564,0.1378289496383218,0.08140068036212607,0.8144556492997,0.1013062743156261,0.0004944828284256515,0.0008683302692802438
565,0.12599411538448824,0.04084313412187343,0.8538349208999982,0.054084476738397884,6.574737738548031e-07,0.00023133284678468973
566,0.1151945509206134,0.035975025527454865,0.8665873812360274,0.044936029390452194,1.3149475477097457e-06,0.0012048870743756872
567,0.10715857754853861,0.05084132294691093,0.8632501277775865,0.05953988531138976,2.236496567613106e-05,0.0016823265069322863
568,0.09775248468568777,0.06025934549094515,0.8639471812587741,0.06937737576520703,0.00012849654732807414,0.001742055677589323
569,0.09557280815070407,0.05654593936985625,0.8685122139362292,0.06854891989553495,0.00014968802510748907,0.0008611922324086465
570,0.09885697927343703,0.044492310902860314,0.8733910989810733,0.05663225508122554,0.00022491872127912635,0.0006355143663355379
571,0.11539040873437252,0.03900260055445398,0.863426985854831,0.053993952661866726,0.00017743667894666492,0.0006399206544358473
572,0.11858218427443219,0.034625495161902366,0.8631995050834351,0.04882430654499856,0.00017707834141473107,0.0006300107487630513
573,0.10619427204194606,0.028180839270032933,0.8783921554671493,0.038948425007928,0.00013749636398852107,0.0003939371896784093
574,0.09155050543381538,0.02643238537018681,0.8870338202692919,0.03620227966080711,0.00019322835579659606,0.00014560365128437033
575,0.08650002845281961,0.028567477379631143,0.8827280958080945,0.04174290764549404,9.675630735376976e-05,1.8140103452638626e-05
576,0.07948917843530057,0.02956240398670213,0.8799294345776115,0.04532960208331982,0.00015339964621034942,0.0
577,0.06846596838958936,0.02574821814712125,0.8869275480483643,0.040048835432293824,6.351599067163745e-05,0.0
578,0.931777018466256,0.1462514205154652,0.025024455640954405,0.16176082337812844,0.5635137316671185,0.4354630624316867
579,0.9571481832791119,0.12911677101170463,0.02029484826320697,0.14011748860120915,0.522598013670639,0.4773884526627915
580,0.9822829550143513,0.11534867225927947,0.014740178035435385,0.12191933312074328,0.4667468132726705,0.5529334652163332
581,0.9727315250530778,0.13231406441101293,0.012795972944415174,0.13356026492927742,0.39719838566746124,0.629740372961495
582,0.9503236241063978,0.16566335174644425,0.011287813106007074,0.1585608775499366,0.33803786117322876,0.694071948932497
583,0.908791777062776,0.21974987410060923,0.012134433499734988,0.19387222584919078,0.2644396912000719,0.7277468546383955
584,0.8460662113652764,0.2836349565639023,0.022082999418258392,0.2294306657642367,0.179407985775087,0.6797343233769275
585,0.7444925993947054,0.33615939644023124,0.06841943197797654,0.27723216119119,0.12612592808326034,0.536165557333079
586,0.5673203128545962,0.33217330151460456,0.23116007578310646,0.2892900812754387,0.08287654748453936,0.31831652756033524
587,0.37299099354344445,0.25831731093535887,0.4622515989620764,0.24886101069551236,0.05307219059268271,0.13264389804575655
588,0.21403625854925795,0.15741224887913138,0.6873520573666657,0.16439295789358518,0.016890394820646585,0.028408778665586623
589,0.14414953826731597,0.07426574729142997,0.8061401326289439,0.08689459667039931,0.0015251554849177599,0.0027480635001604177
590,0.11529311311610187,0.03590320551450209,0.858804640897251,0.04766797590236835,2.158721063414335e-05,0.0001302454889079779
591,0.09257260316469268,0.021880940787914083,0.8896678840420126,0.030432912384295744,2.5101407714135374e-05,0.00022590252491228323
592,0.08165993211766752,0.028278958198165345,0.9022036285132427,0.03484925514709855,5.172955011690538e-05,0.0004684701334383542
593,0.07333445681483398,0.03611901504765648,0.9032111583166368,0.0423207768714178,0.0001320514006268294,0.0006445020669756049
594,0.07851832351479124,0.042586714839259944,0.8917950505326325,0.05201470967159537,0.00018868056738800013,0.0005938772044598272
595,0.07949210420871634,0.037742085094281445,0.8905822045067323,0.04770950116154481,0.0002142116530052693,0.000523865672433715
596,0.09148683770264751,0.03388520624247934,0.8833514570053141,0.04684872752934374,0.0001223584836508685,0.00038697484539273536
597,0.08448495359488853,0.026686169862845277,0.8964889396747912,0.03771513044584167,6.662235087636385e-05,0.00026791158740344047
598,0.07919868526256008,0.021880019307605986,0.9053412666478958,0.030842293158269262,4.3641661459785075e-05,8.799424302758169e-05
599,0.0746171028115816,0.020983601049533628,0.9043854981825544,0.029146800382485488,0.00013109237122588572,1.81401034526406e-05
600,0.07995010963253803,0.02696827621542479,0.8896813322180497,0.040256568593709956,0.00013146270383251134,2.902418423833256e-18
601,0.0803906532487528,0.030538163035600797,0.8819793852209081,0.04846278630322819,0.00016405018753544405,0.0
602,0.06763089852959185,0.029165438642481813,0.8972588714481674,0.0480464914420671,6.202648656213784e-05,0.0
603,0.9073341537541306,0.18964906385163965,0.018627434176888447,0.20273463246727128,0.6039877239835657,0.36751381620321016
604,0.930456070329807,0.1657734066125917,0.017278315219920095,0.17818934587524007,0.5950084999623351,0.39583702244853725
605,0.9604954443798431,0.1371181312801094,0.015021807646510331,0.1462957725980304,0.5674002224364609,0.44263814779619964
606,0.9817395578401131,0.12124232285799552,0.012503698170313311,0.12958758085206004,0.5320553677243605,0.5164138769669633
607,0.9763373808393784,0.13503177725817808,0.010424147265216175,0.13903945521223565,0.456592722967282,0.604207792414606
608,0.9542319092045004,0.16840444993379194,0.008549740786177498,0.16383042282182933,0.39477564723200465,0.6610203134847099
609,0.9026680727117277,0.22151592824973262,0.016516578494600198,0.20184232251809628,0.3131817744106552,0.6656027546309462
610,0.8287021716165002,0.2749522391391355,0.03168559997888368,0.2514902785047588,0.2138821831929254,0.5911185242170477
611,0.7180295638798084,0.30420814275377406,0.0639642921814635,0.2993440699590293,0.14442704073408982,0.4451888356034375
612,0.5688651213682114,0.3040573085880527,0.17285976345313775,0.32988342460849723,0.087137883500159,0.26213647626926245
613,0.3848219680790977,0.24961823944880832,0.38243513395021483,0.2918061812218906,0.056007287268288394,0.10624195194472336
614,0.2304062112188707,0.16747935101230574,0.6250534779821747,0.20295973048997354,0.02232410770492302,0.027780240046159525
615,0.13314291828336053,0.08008970523689202,0.7846641413010661,0.10180590573691368,0.002709176353533985,0.0032676278687724172
616,0.09985982936879824,0.0364625307928489,0.8472148991822108,0.05038845910748094,0.0001365516234252878,0.00031195173808172766
617,0.07933462924359402,0.020823609348856256,0.8781001539145518,0.030998269094746865,0.00015311854689393231,0.00020167141285383388
618,0.06829516385115816,0.01890324739022323,0.9099383702451949,0.026125713309593804,0.00016009451256956852,0.0002561220683687798
619,0.054465299282993866,0.01847441026998558,0.9313479370100366,0.02407283978947822,0.00011878409342287948,0.0002547100724982811
620,0.0452133412941125,0.018141547893203543,0.9370845723197696,0.02385168982760092,7.861023022190118e-05,0.00022749202940198533
621,0.045796380243998014,0.01834486359354573,0.9326061637633059,0.02561350377718574,6.827115623614546e-05,0.00018288578910343899
622,0.054240450298391626,0.020070764438398232,0.9233703223636947,0.031078424652576906,2.2474405660668944e-05,7.773863861730145e-05
623,0.05451983963730835,0.018892821345610933,0.9266740687499976,0.029334934383181625,7.344983344292777e-06,3.9130215206479156e-05
624,0.05680387230000934,0.016883913878129507,0.9276918108104902,0.026461733354690285,4.128922764379267e-18,5.29456909840254e-18
625,0.05503273434816676,0.01086667441472746,0.9320124573368719,0.017096255126010942,1.9870425731947286e-05,0.0
626,0.060330165083302384,0.014866494706736674,0.9231884113906093,0.024670499375788843,2.0506279355372517e-05,0.0
627,0.0620775679374139,0.019779374495635046,0.9169279570661804,0.03329816397945856,4.351622565861805e-05,0.0
628,0.05873266578967618,0.02372852952703641,0.9179477237650424,0.0408097284435476,2.7647243681706732e-05,0.0
629,0.920253068556814,0.17458522258194406,0.018639707069956615,0.18800539298936372,0.5968157174042144,0.3706456890633125
630,0.9485322998145715,0.1518410623504109,0.013981425894858684,0.16423012592732478,0.614490447066729,0.396250951362553
631,0.973253410740781,0.1277234647738226,0.0110933998473723,0.14110826202008497,0.6046876175326027,0.4468393087788284
632,0.9840352836502256,0.12132325589042428,0.009839037929209673,0.1371430999494883,0.587326620655188,0.5082996891718528
633,0.9861479689952981,0.13173023157842095,0.006102355840448734,0.1433937752181335,0.5342037311197629,0.5863995109615215
634,0.9657025171293173,0.16221996242287215,0.0049291963823535016,0.16311607470258463,0.4649401007343547,0.616865139541056
635,0.9105404158200543,0.20681401435839036,0.018137945957047798,0.19680678514868824,0.35192312461292996,0.5858774508491561
636,0.8128737740402652,0.25389863359962844,0.03488351995346516,0.24644857656151814,0.22196741596834452,0.4771144201074714
637,0.6463545818467245,0.2546278020007902,0.055311934867172965,0.27180489923501144,0.14071008961107367,0.3227125916540226
638,0.47476032897040443,0.24309464311642975,0.11387766774116158,0.2944346439408095,0.08766914902111292,0.16618352948889603
639,0.29244086146471643,0.1936909472116044,0.29970177530593456,0.26111735015979315,0.05089970480936611,0.05753747502735818
640,0.1837688989002188,0.13401529702801254,0.5634878741485293,0.18730076582661748,0.021602889600102607,0.017734354940001185
641,0.10462808535286686,0.06635774849145196,0.7645882215288257,0.09629015190585924,0.002743999572362326,0.0026613100552324003
642,0.08645221003171986,0.029516435676769082,0.8448293980024851,0.044765383829596106,0.0001506084061225312,0.0003324586385459588
643,0.07965104192240866,0.021792208759111063,0.8650152112725824,0.033125614338898865,0.00020783962168485385,0.00031971779524609425
644,0.07083286535636586,0.018531975155334928,0.893400158693341,0.027459282729935534,0.00023051258994554334,0.0003026102768686501
645,0.02769091217143749,0.011645815289010342,0.9515467764806166,0.018253967145722555,8.51850954062628e-06,2.9885428177936188e-05
646,0.035340359256592194,0.01707292016932203,0.9409560400360604,0.026876910211767423,2.427392871554999e-06,1.0325384564698408e-05
647,0.04410768770007407,0.019848679634455167,0.9331051911526727,0.031139841744262334,2.25539948806026e-19,9.662622589091982e-19
648,0.04412005050959042,0.017436807220390677,0.9380637776363243,0.02753076177611739,0.0,0.0
649,0.037230884323611234,0.006077945552754675,0.9551202151865918,0.009726620633216608,0.0,0.0
650,0.03547355611994944,0.004432400629101761,0.957565865560521,0.007557529552825675,0.0,0.0
651,0.042673589535280304,0.008399267493950438,0.9481012141513202,0.014594777753492907,2.752435128454724e-18,0.0
652,0.9237293237924022,0.15430571745188962,0.02450799363099251,0.17544228549376,0.550243749839402,0.36424930463248173
653,0.938653338952971,0.1299223302364851,0.026504132721640136,0.1495438382492309,0.5484614183545105,0.3834503426247384
654,0.9632574166649233,0.11607907046621092,0.02011995787512328,0.13684173540398456,0.5555336506748286,0.4458344824114683
655,0.9640345897662702,0.12220861179058484,0.020189767339529728,0.14276286033742985,0.529842446400797,0.5055283876448919
656,0.9675512886758696,0.13962727034139996,0.01353295473185018,0.1556234796045216,0.47280473074685525,0.5642356218794446
657,0.9491994879431205,0.1634267002554988,0.014982401993774581,0.16955132821884936,0.38786319145816184,0.5610463076029838
658,0.9138211054617378,0.18469138726338075,0.027009654224935224,0.18893614385650423,0.3107712029382301,0.5101188693707157
659,0.8178548153234485,0.21893787406028406,0.040618516474389146,0.234105640329399,0.2122057893669163,0.39545800522483665
660,0.6087743897108359,0.20990631828675388,0.04987315773734428,0.2522186195483447,0.1454366057297904,0.24624527309309457
661,0.38344227666711417,0.19819453639762802,0.07188824845270184,0.2666188010918834,0.0754195324793554,0.09621692871682291
662,0.18925750021047244,0.1479861934774231,0.22530713927472606,0.22673773455064927,0.030432047505731058,0.021210962266471133
663,0.13271487457800474,0.10152467253586303,0.4930063616824385,0.16107319745215182,0.012041637953723771,0.005690440859706914
664,0.09038295391664274,0.05403557686910327,0.7131912607895938,0.08812132453482066,0.0015195128789934423,0.0009389754477615646
665,0.0784292924135905,0.024143979567546762,0.8235110418181824,0.03968624424834372,0.00018524834314529812,0.0005646926814780925
666,0.07884169862645957,0.020257473840051155,0.8546836070278921,0.031943547513964936,0.0001890546315377024,0.0010666525560886736
667,0.03086262391786134,0.019155430884745583,0.9437251510480866,0.030120439513297514,1.4645460151509863e-07,6.274434078608836e-07
668,0.03760001472407098,0.020789120871439002,0.9385942259421816,0.0327284613800939,1.2125788192981385e-19,5.194951738009629e-19
669,0.03819107151021501,0.016359326230378366,0.9446065008857105,0.02572535316395814,0.0,0.0
670,0.028737749187494437,0.007173307784561789,0.9636756443129871,0.011260694204703698,0.0,0.0
671,0.022385314667325903,0.0025223550461623465,0.9742618011123174,0.003985351685736608,0.0,0.0
672,0.02537035861897079,0.0028104142474769545,0.9706965278796486,0.004561625545284778,0.0,0.0
673,0.9069554557881538,0.15314002951252886,0.03203488552477062,0.18264149697300228,0.4762526528403417,0.33543500254180775
674,0.9123645506310755,0.14416765430709902,0.03283299803885393,0.1737719879355588,0.46983420080773364,0.35649813503703215
675,0.9278638540894795,0.13752098629565052,0.029014542772939994,0.16962756378060875,0.4911203215680462,0.4217510334417845
676,0.9119827922881248,0.14601014851134128,0.03780645569658881,0.17270194088612295,0.45441276093042354,0.47533454804400677
677,0.9135691726147616,0.16482444201099503,0.03208603219926151,0.18424359797830023,0.3997007125802375,0.504502811362563
678,0.9023418497826478,0.17903898966141468,0.03453396635008524,0.1880602585725874,0.3107210021289472,0.4755643517105496
679,0.9046674478140514,0.18048458718450577,0.03303010667773191,0.192309952033593,0.2592411839913643,0.4410340801242705
680,0.8299341756182962,0.1927130986108318,0.03974115533289863,0.21977059163892698,0.18794753476406825,0.3616359357432437
681,0.6355882330505294,0.17414751289876326,0.04196682439173333,0.2166122986866852,0.14411330907341835,0.2503477776004254
682,0.3674721668957594,0.14150699040723852,0.06323715634163421,0.19487968418363782,0.07467897645760693,0.10751833662032527
683,0.14771304811753505,0.09458069794400324,0.20685050227019572,0.1480688439382229,0.017373078281082522,0.01648251798766226
684,0.09445260570145333,0.06146617315423192,0.42746052109461913,0.10432685714309899,0.003713734129112015,0.0018801390565167644
685,0.08788016141252614,0.041093193331827434,0.643117161741359,0.0708090725032313,0.00012341486292529545,0.001641695342857593
686,0.08474545654610129,0.02568459409708882,0.7810726390960082,0.043059324526388915,2.8615604794112072e-05,0.0021983252424184604
687,0.07962881274715118,0.022478538269143235,0.8267763677066431,0.03657989083403578,8.245072987175423e-05,0.0025641142001101794
688,0.018744565880979825,0.002866151042376476,0.9779787119497185,0.004475479129782875,0.0,0.0
689,0.8841161119243406,0.1768344335237426,0.03316704977562796,0.2005244222219555,0.35458273565042314,0.298819368321594
690,0.8775436012963328,0.18213846630338418,0.03508765942057628,0.20937911179687335,0.3422191956607377,0.3725507733086281
691,0.8368101532676596,0.2013981923448888,0.048829136481775594,0.22446805927975624,0.29675870823415373,0.43300910469839593
692,0.8349109264664929,0.22184393183649312,0.043030762820798124,0.23894412558579156,0.26683646824391166,0.46578615293180603
693,0.8408810685773958,0.22059961583938756,0.04423165042252035,0.22834094918076836,0.20273681809678842,0.44525760964398503
694,0.883763378291493,0.1945692082644858,0.03574047966419912,0.20325915575069275,0.1990329686002727,0.4412455578702115
695,0.8431773697032232,0.18112662513241543,0.04108179135355705,0.20643594628248238,0.1849033378466245,0.39352114503527036
696,0.706795776251405,0.16522501697729175,0.044402174624643666,0.20515279550540697,0.1602721402554287,0.29974786745712606
697,0.0917144182177531,0.04405561667746525,0.42621935257331,0.07720744239293395,0.00045020897164307417,0.0015980137766030827
698,0.09477060527740212,0.03885024192713936,0.555301648127281,0.06707183763394867,6.170743454789167e-05,0.0026817033422743496
699,0.08562114325277495,0.032255717342484426,0.6811539409748714,0.054944716994174095,0.0,0.0029824030106324795
700,0.07977759729018147,0.030493301397683116,0.7501352436288897,0.05075469632445853,4.586372527149296e-18,0.0038165463997103235
701,0.8844610238562669,0.21598047230275202,0.017259769412836967,0.2188691156860454,0.30484547863938666,0.18847591553114873
702,0.8789691743618768,0.20282556085550604,0.02492411381263623,0.21060508624796512,0.2913570641998433,0.23506873740358686
703,0.856905068055394,0.212541565772999,0.03133269228742484,0.22132195090458026,0.2846281409537692,0.30784371775331976
704,0.8017299573394097,0.24155554419065853,0.04607402021850784,0.2429746590169591,0.25995164087905287,0.36979675566489245
705,0.8027419951500553,0.25733185927885005,0.04099577492975595,0.25191741384515676,0.245419039436309,0.42603522363467766
706,0.826383790669688,0.24355645504614964,0.03783172359616535,0.2323695060393481,0.2002121170692859,0.439916545391295
707,0.8941457900860054,0.19897327364613798,0.02632378705918406,0.19774271960137604,0.1938839999628656,0.48866583304239214
708,0.09569453639443593,0.0405581247621022,0.5283159379497082,0.06919523690348632,1.2822320714502207e-17,0.00399052128722966
709,0.08108525426553798,0.03846049809835692,0.6023461939190695,0.06548617408705218,0.0,0.004015823341148849
710,0.06977578858256966,0.03707293547354358,0.6363506059348428,0.06349051708457665,0.0,0.0036101085263032027
711,0.9046030646140909,0.20310373000286663,0.012318870879760966,0.1995345680705311,0.3314339006604736,0.1769409060008564
712,0.8999302436996585,0.1850522586687577,0.021125623457674842,0.18369793494126055,0.30532265607723347,0.19972259903020098
713,0.8739701477276594,0.19699814929185946,0.027675071990026254,0.196569446208844,0.2876192028910169,0.2650844833146552
714,0.8291366786229831,0.22991143002276165,0.033824533616838195,0.22553281937811293,0.25564731861643014,0.3552837113763348
715,0.8356256973213652,0.2479222949086092,0.025714382574461726,0.23873593090367864,0.24813067441194855,0.45993188844305855
716,0.8740902433780086,0.22548856471616463,0.019913658198852872,0.21480136286652854,0.25352740437909127,0.5147031397047469
717,0.910216831684381,0.200271648857697,0.015109817978432118,0.19376939316408992,0.2360171270666273,0.5452967416966752
718,0.06682625607991646,0.03876330495671466,0.587350562267392,0.06714427278314124,0.0,0.0032967768110463043
719,0.9261764745879417,0.1760762037482662,0.011365218202020022,0.17699303833597754,0.3986375812069604,0.18864522459898075
720,0.9154167807638642,0.1625456381844931,0.01999634291453312,0.16895580237833885,0.35580662820692904,0.19430425588098718
721,0.9089819825631468,0.16083433155330926,0.024823209706914706,0.16548136680698436,0.34307198343840245,0.25644427573974893
722,0.8943727068387036,0.17476235824741024,0.026566304411881455,0.17337735406352514,0.33237838549957377,0.36038450590402227
723,0.9019802154674691,0.18888712970119004,0.019236569548196875,0.18386417466427324,0.3220299866942932,0.47251029449902937
724,0.9094074279055496,0.199026796263649,0.013375130066334978,0.18941757883553217,0.3086745466117019,0.5370875684361968
725,0.9322690464410788,0.16116913261562513,0.012354928558858187,0.17193393929093123,0.4687112406005144,0.20204563929848182
726,0.9233039404107085,0.15238400985138711,0.01847018270497004,0.1680897145162805,0.4586733963910456,0.21974528131619345
727,0.9296677038399984,0.13588994812338545,0.02226557385101861,0.15671571014822314,0.44847559699417366,0.2793298641103391
728,0.9310171275267073,0.12969462257340333,0.02453514441333649,0.15238049458436742,0.398304233559614,0.38080466465575186
729,0.9433599678727801,0.13788845252676102,0.019240849532994958,0.1499358265117918,0.3919563960310504,0.4677473327377316
730,0.9212054202764912,0.14999486914759916,0.019666736447958213,0.16817267400309782,0.5746204275660519,0.21734113231978316
731,0.9183474479916673,0.1436801036866204,0.02398778656212805,0.1623261142853615,0.5418710673659332,0.2709883153680603
732,0.925794734187424,0.12756088242808167,0.026827669007767063,0.14856269117243742,0.49121244850320783,0.35318178987860244
733,0.9416570494035508,0.12013776854269134,0.024248319263645027,0.1415526158351008,0.4549035578964225,0.42639995053642055
734,0.9533780921764923,0.14269288211222722,0.011603262295983907,0.154685437514871,0.7881857234062687,0.15737272809762143
735,0.9307725239023315,0.14442393134355258,0.01892125833689924,0.15795958484905448,0.7114346589362618,0.18445773099732746
736,0.9208227009151765,0.1372721170615887,0.02537554265020613,0.15146674614390113,0.6784998713235507,0.23940518636950217
737,0.9033949725860669,0.13146270669626617,0.033490753396836985,0.14699671045873858,0.5745807243331169,0.2873170353559389
738,0.9670545128774137,0.12589356592108503,0.012209498512439895,0.13734664344296316,0.8691582899549425,0.13938751508288127
739,0.9326186894681173,0.13292058661552802,0.022152707559472185,0.14321722977456508,0.7695047727353274,0.14322446954551818
740,0.9167043418383704,0.12902190368307262,0.0289498275563062,0.14108764133338716,0.7294633088295549,0.1891909545330976
741,0.8976269852536181,0.12999750854242212,0.03571728903859563,0.1422105284617543,0.6590319098741766,0.22478083694325185
742,0.9654476155718105,0.11053693562227622,0.016545402286675944,0.12464654718420322,0.8942876007851581,0.13746266363767332
743,0.9428033224749707,0.11134161015860058,0.023349680342208825,0.12663989007361912,0.8415823716363675,0.14722258768618615
744,0.9243961057142586,0.1143021925719822,0.028628645189307324,0.12945191680789778,0.8048433565401288,0.1621914896161672
745,0.91382257771293,0.10936537753064703,0.02991411060907565,0.13154348093807375,0.819984812973032,0.17070594414995705
746,0.9112937386936224,0.11015553343629711,0.03101104183137065,0.13122380999166525,0.8208961248816724,0.1693130816354358
747,0.8850800801138141,0.10470119197171764,0.03430129611893562,0.1298256396948756,0.7429401241040016,0.19853426204300983
748,0.8741643888627566,0.1020273548013582,0.035941651649062,0.1279528223613715,0.7084057138499377,0.20928803127090959
