fid,AGRI_AREA_SURR,BUILT_AREA_SURR,NAT_AREA_BLOCK,INDUSTRIAL_AREA_BLOCK,SIARL_2_BLOCK,SIARL_9_SURR
1,0.9862813692145932,0.08012423532069808,0.03470890650226147,0.17311888194621008,0.007708932897894134,0.09058071167584807
2,0.9914838772813028,0.06868203897096085,0.043173158921634376,0.1754494796743535,0.04471898093489639,0.10022009483477815
3,0.9903188674333331,0.0714398717386037,0.037276313494487255,0.17434254801678317,0.028763694070337062,0.08924500431041509
4,0.9883158915600695,0.08253411925046135,0.03522158408518711,0.17322953545054676,0.008847791477118004,0.0869381230587369
5,0.9868971740681414,0.08757362891946906,0.03868263695293213,0.1721129983668763,0.005447745303723934,0.08955776495448578
6,0.16203994136965474,0.30400801306748754,0.4052777797049355,0.1654536197905671,0.0077977993369463365,0.022207356858488604
7,0.14494749622295922,0.2858383915685606,0.4007288706007072,0.1643651622845646,0.004297724425542102,0.02013478196511949
8,0.12362976254473523,0.27068483187068915,0.40578775261765576,0.1632860477531346,0.0024150796547285952,0.015188853892438573
9,0.9796560764705363,0.06681299833196537,0.05817640572838675,0.17792924146419145,0.08536563804480125,0.16528655637083384
10,0.9882668076101708,0.06546081718664122,0.050328155695224266,0.1768003055784545,0.06883432832574005,0.13893018884654104
11,0.9898470832622028,0.0717582441617363,0.0431054328527691,0.17565800946844798,0.05015377923748538,0.11143367026225731
12,0.9885496989795007,0.0801189994915012,0.03700017704912781,0.17450588183522758,0.028789993243257206,0.09629673033608506
13,0.9880425961463881,0.08875002285493448,0.03495416977629504,0.173347113534967,0.010763603801834758,0.08920047424228196
14,0.9861318076818104,0.09828185751486034,0.03530633037197253,0.17218458075493384,0.006131234384749256,0.08979403575365294
15,0.17997781938310475,0.3608548496312205,0.436097617746997,0.16639687530771638,0.02240124791626607,0.02339896326285283
16,0.16869523859183247,0.32098884079217066,0.429290839964222,0.16525728285776822,0.009813755568023353,0.021859222936825063
17,0.14768436956590936,0.2920252368625452,0.42727118847984863,0.16412704180478935,0.004422781647212042,0.0184690506469928
18,0.11894994362665476,0.2679804020256762,0.44258724512049225,0.1630072499968696,0.0020866902895557093,0.013430318419058646
19,0.09507368926595451,0.24672967200723858,0.4781088067498741,0.16189885983659347,0.0007533980760855192,0.00914096008821464
20,0.9581415343056084,0.07302916184442762,0.06627379711686004,0.17937935868470445,0.12106635471073948,0.1745812725244625
21,0.9690385765896247,0.0701891258173157,0.061279432919458324,0.1782467582823742,0.10561749759186856,0.17046629870554697
22,0.982124736977901,0.07332948554802184,0.05220737229891284,0.17707159793238658,0.08179246150025231,0.15411516313599977
23,0.9824084529470452,0.0832647732917922,0.04244625555172786,0.17588150609736072,0.051061348583998564,0.13575791986303323
24,0.9753107651664247,0.09864605030040645,0.0369079528941339,0.17468050438317925,0.026018098885976695,0.12431337045235659
25,0.959967837000917,0.11330935709181703,0.043828610006241844,0.1734722152300093,0.013423392238345863,0.11944522099277277
26,0.2733874975102364,0.4980301216268217,0.3684782818243062,0.16862623079018982,0.11929777453251779,0.07299783239893322
27,0.2164865893475473,0.48058711950752875,0.4087526000087131,0.16742381248188792,0.07174770540493225,0.039883896522222524
28,0.18856832023724593,0.42757995333696325,0.4382694040949005,0.1662289881658228,0.030949560434320792,0.02455586581819817
29,0.1724552666133706,0.366235033616557,0.46221246616442885,0.16504332805282715,0.011180294742339045,0.02075128535944475
30,0.14945839657596946,0.3113512050316929,0.48510490952997964,0.16386820073865518,0.004527982689364106,0.017355304056422407
31,0.11693114075243587,0.27003211755293144,0.5189409805760268,0.16270479193919785,0.0016342720983691084,0.012411783985917484
32,0.08669316289493414,0.22798177100130101,0.5536779460832252,0.16155412184691592,0.00017763490790717655,0.00801231913247138
33,0.06094801051459629,0.17655221928133927,0.5893704161129284,0.16041706115572033,0.0,0.004017995447960517
34,0.050124317524559314,0.1527602292111955,0.6214363964008597,0.15929434581186058,0.0,0.0022287582369625537
35,0.9405484112683987,0.08627904743921957,0.0728538060541365,0.17976701167555237,0.13269207868823768,0.1828162715919508
36,0.9531516130251277,0.08489159084078683,0.06502759793896128,0.17858837950075465,0.11774144000436253,0.18124124148172127
37,0.9647443647107926,0.08842803679566968,0.05409549730092409,0.17736334641375673,0.08415825042178418,0.17687027754974263
38,0.9632034404057473,0.10257355195342004,0.04684545771825951,0.17612152671243025,0.04819983625517514,0.17538091234750736
39,0.9420971290207947,0.126727343955496,0.0480272386073852,0.17486753069385144,0.024703152447101476,0.17237204607338846
40,0.8955795584247163,0.15514591976080114,0.07052150662478104,0.17360549372049516,0.02044601935563275,0.16925002994768945
41,0.8231257850696586,0.19721446129051573,0.10313309895948705,0.17233911125608878,0.04039127525106123,0.17783572592478514
42,0.4345276117344376,0.4600834970427942,0.25224800995325275,0.1698060961827214,0.1847373651698867,0.15175156356239575
43,0.3223237440476246,0.5277652734242915,0.311784530019215,0.16854495645352804,0.15282439943010648,0.09741818981164227
44,0.2430258839268895,0.5476965703736063,0.3625542056341264,0.16729051835100506,0.08819008530691134,0.05045134408342045
45,0.20187637398228783,0.5132369605623122,0.4105794836780593,0.16604476307603214,0.03532825455649659,0.0280527511901176
46,0.18018956462717464,0.43258780034148914,0.45881926646175963,0.16480941481604036,0.012130968016880022,0.024221666896090763
47,0.15113345418099694,0.3444944829385093,0.5266272683124491,0.1635859651769036,0.004263169481147134,0.019622307025821992
48,0.11259457473059423,0.2768398145094664,0.5988788399531758,0.1623756958088533,0.001126883144406986,0.012955588974598855
49,0.07951329272168792,0.21268465191703798,0.641118586728834,0.1611796992762233,9.393155426920584e-05,0.007572545228630399
50,0.05608698664113436,0.16102668168403628,0.6579771489321253,0.15999889823927393,0.0,0.0032546923891598038
51,0.042632860337010026,0.13618660237126415,0.6742454925596617,0.1588340630290997,0.0,0.0008384237700957458
52,0.9216169150656257,0.11274191565147035,0.07015380838676417,0.17895671736986843,0.14470409628628067,0.19141389056761593
53,0.9338977918450043,0.1117116809739016,0.06255265156324702,0.1776777689376042,0.09165130318500282,0.1995859156244264
54,0.9248881460922055,0.12576093450341785,0.06368876818949634,0.1763798248701256,0.04463583279097525,0.20884795065576542
55,0.8857925943044387,0.1511293914981234,0.07817342195218856,0.17506820423249436,0.027855905437595686,0.21067358398022895
56,0.8266333844304598,0.18280251549844084,0.10448597497101371,0.17374765669468756,0.03604252611840763,0.21074312697793465
57,0.7600402945653651,0.23180108986730402,0.1275049152646814,0.17242240615698226,0.06613524865746906,0.21744475008105268
58,0.6505457081909655,0.33105114184811724,0.15630241647531726,0.17109619331248987,0.16055855884035697,0.2248511277541036
59,0.501845196557883,0.4707149987823145,0.19511106656875152,0.1697723166386116,0.21154307875989256,0.1880195475480522
60,0.3720167321462815,0.5786452218376548,0.2385466348993637,0.16845367145815404,0.18199498596993438,0.12314883655601293
61,0.27418263241933705,0.6122317515691563,0.29826690712598053,0.16714278683242437,0.11166889789741523,0.06432984671679334
62,0.22040805369402636,0.5755733523343065,0.36469110910987423,0.16584186014634233,0.04725281446540501,0.03666099085356312
63,0.19447621080213653,0.4789737842768507,0.44066666923720693,0.1645527893228392,0.01983593159140319,0.033011936935125864
64,0.16056492960653,0.37591783057959366,0.535647414774377,0.16327720266351992,0.006781306175756385,0.02645177344900365
65,0.11462699550988349,0.2895336913476939,0.6366675416988175,0.16201648635786192,0.0013825012596150035,0.016615456615618213
66,0.07492125236939405,0.20472728608516022,0.7082433075207198,0.16077180973642494,0.00010305147265240518,0.008217553192194122
67,0.05082500557266372,0.1448447573100477,0.7207621606467428,0.15954414836706418,0.0,0.002728652143007667
68,0.040148772624901366,0.12342958220013758,0.7234619380830137,0.15833430510880567,0.0,0.0006481970222528955
69,0.8468021764956053,0.17740030520788416,0.0876968807799032,0.18063593087098748,0.5183483445694236,0.16276169649530978
70,0.8827370820866471,0.14575455798925624,0.07671261190255424,0.1793547116549155,0.32344805891100653,0.18736904765988244
71,0.8996430921459955,0.130026169181284,0.07455680998025299,0.17801736778600874,0.16428154028031142,0.20406663165446068
72,0.8800427527761048,0.13654269623805984,0.08961584144670108,0.17665837320834224,0.057186835492716206,0.21567242380663917
73,0.8318171701305761,0.15958414280609357,0.11729055782268244,0.17528390784052414,0.03559132051915716,0.22137247712382252
74,0.7798484559567568,0.19115109554576024,0.14040747075980517,0.17389946330009295,0.05038069926521043,0.2348012926097695
75,0.734062475622152,0.24746833902095414,0.14112910657991687,0.1725098977307636,0.09031564675304296,0.2551997356253374
76,0.666237978416309,0.3538099812715746,0.12955887294764318,0.17111948927747792,0.1742109519387776,0.2604006217184531
77,0.5463918785700214,0.4964261749818518,0.1330156350461621,0.1697319875036345,0.23020613308358856,0.21488842725369323
78,0.4089089366746217,0.6162276404842092,0.17423723341639707,0.1683506622593141,0.20958411782520164,0.1397677073013739
79,0.3076945902346279,0.6405548045163348,0.25057579359430276,0.16697834968274491,0.1431221564260592,0.08017722133117446
80,0.2550080850479449,0.589630584110008,0.3360986724152108,0.1656174951551569,0.07202134187414237,0.054657058041444696
81,0.22574996051666976,0.49318692689609867,0.4234691249430544,0.16427019313665583,0.0356757676135258,0.04911040882187404
82,0.18383119560039735,0.39778991915350154,0.5217671300876067,0.16293822389274074,0.012613247068104409,0.03649731693091173
83,0.12688650906691337,0.30089923530094176,0.6338517026104009,0.16162308718202759,0.0032330900478951606,0.021098926832551747
84,0.07761391611200176,0.2060766763792326,0.7263060200590702,0.16032603301950465,0.00022060445034835713,0.009478813700008285
85,0.04953172192524627,0.13488387631641754,0.757058779503509,0.15904808965961706,0.0,0.002752449108528909
86,0.044224923891798176,0.11605825320519116,0.7819834052421429,0.15779008896258814,0.0,0.0012162508903483663
87,0.7579397978913174,0.20646992461664718,0.16088105024964608,0.182389222424385,0.6342429414376763,0.07613456079852741
88,0.8088380142851654,0.195801996330091,0.11390079969493447,0.181124003706755,0.6691836656507558,0.12035431693854404
89,0.8596946607030431,0.16430194401930118,0.08147431114350832,0.179785657914967,0.4813059940525557,0.16452135256677855
90,0.876338815922076,0.1401284787392554,0.08472826458355877,0.17838495871948515,0.2641811368954712,0.19379048850515387
91,0.8516388074625012,0.1362160447622318,0.11160226032113339,0.17695938476464712,0.08170242463101496,0.20804499034128074
92,0.8092559823399293,0.15713130117557372,0.14114105866255633,0.1755161716222242,0.04872542375546987,0.21676122091967479
93,0.7759377491724064,0.18852553938182867,0.1476180235843686,0.1740617153096803,0.0668523105142261,0.24049347529827433
94,0.7393388779012336,0.2590917504100932,0.12445183006848583,0.17260164188758034,0.11035725355924289,0.2704364883761775
95,0.6698641080767909,0.38345463391301543,0.09627682127413942,0.1711408753306063,0.1753840388565333,0.2714406061024498
96,0.5520695957496414,0.5341084049284709,0.09692026853325188,0.16968370267601646,0.2310296229298755,0.2191076777372802
97,0.4266165038591644,0.6346768742345908,0.14239256430828412,0.16823383576745338,0.23176050978152793,0.14740850904062716
98,0.34192852137597846,0.6364647685008398,0.22439143154035954,0.16679446916352622,0.18795243461492783,0.09846369360481104
99,0.29806675093701074,0.5734389623975152,0.3154553464146451,0.1653683339780782,0.11836131512873013,0.0800285170758902
100,0.26062252083069615,0.49004775146432067,0.4043080691458932,0.16395774757088827,0.06311243388137491,0.068428805898715
101,0.2071253062054785,0.4053526836404827,0.5020352853353005,0.16256465912142984,0.0231301446238695,0.044616971615498754
102,0.1441133947428864,0.2925433647251174,0.6168941678448983,0.16119069120118673,0.007304555859000317,0.021653306072419155
103,0.09678396204846201,0.1885695847854316,0.7009826947764649,0.15983717751801269,0.0010988248591319348,0.00879589386320389
104,0.6870886701105392,0.19268587057144715,0.24659811838212495,0.1829702853660119,0.5077993739146855,0.03801883843699395
105,0.7688408496700359,0.18645770954708593,0.15894299193514938,0.18165293448641068,0.6375791724914266,0.08027972239448378
106,0.8387496804433,0.1676770259556906,0.09758248853405091,0.18025322424699852,0.5624271656585391,0.13951170728256013
107,0.857576806676373,0.15164850747120132,0.09055906163281852,0.178783693766445,0.3574866101265603,0.18099114459545068
108,0.837134142538948,0.14583043164057718,0.11344172709048309,0.1772853291537333,0.11992649212663413,0.19778177456668147
109,0.8117545802984977,0.16287143824400807,0.1297872436890683,0.17576667421765538,0.05787112053642931,0.2020995915702868
110,0.7890620572781879,0.202897791204716,0.11858222012785938,0.1742352386114296,0.07078558450540144,0.22185024491954408
111,0.7310544393779785,0.30303425025116953,0.08935050496007135,0.1726975871351614,0.1139769456849384,0.24545562946642493
112,0.6256525110896656,0.4570736573874074,0.0698284090397771,0.17115942683108237,0.16046560871173618,0.23550747986996193
113,0.49549739764834927,0.6064734227782752,0.08149937696135628,0.16962569043909423,0.20391148008748586,0.18595066555474385
114,0.396963748032626,0.6766372783124491,0.1266772398005785,0.168100615248914,0.22017364715769455,0.13474221754510052
115,0.34970509458614396,0.6488880148692022,0.19892270227987766,0.1665878167563623,0.20239525104235043,0.10733148599707329
116,0.31750898684144874,0.5702999331561739,0.28669830011424247,0.16509035681905374,0.1452034143164593,0.09618812893369841
117,0.26711484795335205,0.4813784573673232,0.38590001454295475,0.16361080622447327,0.07763255635465773,0.07646924557781828
118,0.20007551844998855,0.3829326688633863,0.5012835379499015,0.162151301743671,0.02564395883741394,0.042008782873396835
119,0.138970212079211,0.2535264542747043,0.6221540663807499,0.16071359785778028,0.0069526203127840075,0.01455239986698025
120,0.10400835191504952,0.14707575773499845,0.6980026301791342,0.15929911342179576,0.000710618259919046,0.003504804004330498
121,0.09221550847086522,0.09429076959809679,0.7547394086619822,0.15790897357876127,7.909485015741299e-17,0.0007305205016740961
122,0.40557351924416685,0.07320405281898738,0.5545052630553313,0.18500271090733447,0.1334716472873527,0.0018952530132852103
123,0.4775939746088106,0.09554017765532867,0.468610847762247,0.18489707586521817,0.1841275371758851,0.004215612667217394
124,0.6086709947238771,0.13605859493785818,0.3413678728224265,0.1835988295843132,0.3252176706629965,0.016786087007903943
125,0.7308022104595191,0.15696483143264858,0.21646130987978812,0.18222693861576278,0.5125429330249729,0.05725997210241139
126,0.8150485496282566,0.16653800680271866,0.1216881091360671,0.18076144277453343,0.5336219962771394,0.11865988630648736
127,0.840923524515642,0.17035468963547962,0.09081534971076143,0.17921706844116136,0.39542720408640775,0.16986065706838305
128,0.8317660735261251,0.17294880861047576,0.09647090427474077,0.1776389366083376,0.16522542075434907,0.19426980702762411
129,0.8214323439263378,0.19042506420563554,0.09657399539207324,0.17603723124715726,0.0732766621563014,0.1945804738187473
130,0.7888052392429967,0.2500251567548158,0.07919359308601052,0.1744208486827198,0.07624676245214586,0.19835096384929649
131,0.6858226695033238,0.3916471159686902,0.057860548827139854,0.1727975135156066,0.10416331968913532,0.19936837173319133
132,0.5293258282976853,0.5807833125650489,0.05133618348427558,0.1711738917280867,0.12403658323860356,0.17370173998146363
133,0.39133577513063417,0.7313269828971222,0.06859597981728735,0.16955569887256558,0.1483993135121896,0.13238498008730315
134,0.32838958467891693,0.7748359256562298,0.10947982612091689,0.16794780195408743,0.1677753696032309,0.10510948808137346
135,0.3233166294710031,0.7174887236391154,0.17217126402853236,0.16635431417756819,0.16704727391032612,0.09864286944257918
136,0.30381359839916966,0.615228388276416,0.26361444440000464,0.1647786821573908,0.1238577858085279,0.0928152232694773
137,0.2446047526327414,0.48836106090435294,0.387059551658325,0.16322376550444886,0.06400189055027551,0.06928786319960986
138,0.17061497341953386,0.3467977889058396,0.5282218786137869,0.16169190893459998,0.018193094774297796,0.03354896113597597
139,0.11386340103321248,0.20378307472934956,0.6478838493591551,0.16018500720083453,0.0039091617229283235,0.007859680328760424
140,0.0923917275486281,0.1066333349308605,0.7222533879903502,0.158704563254961,0.00040394096561385893,0.00035951465848187635
141,0.08393489343229116,0.07597771658024288,0.7570176366534547,0.1572517401061095,0.0,8.807854598323667e-06
142,0.06888860291222351,0.06320692471807736,0.7985843301898005,0.15582740687349755,0.0,5.855766371669561e-06
143,0.34892488478252714,0.053023372891636285,0.6292142920768676,0.18491914072664092,0.09142310292038901,0.0004732678743076871
144,0.43453590342693815,0.07024832474333986,0.5391147744631534,0.1852199692099156,0.1432842104965485,0.0012494751442281285
145,0.5697835586660279,0.10172804318016287,0.41595649642668486,0.1842786497005278,0.23292302453190267,0.008793325241085202
146,0.7052097850907392,0.13419911671795517,0.25967091242369006,0.18285039159205255,0.40358895262071276,0.04296847617946494
147,0.7953180202816016,0.16422507152995164,0.14362206960047655,0.18131465088938148,0.4928787985293391,0.10058977215988017
148,0.8308821840933308,0.18578561179134853,0.08941083608024085,0.17968889634795968,0.4237121390051477,0.15909720660811763
149,0.8388705387080369,0.19516486302220942,0.07484236908162054,0.17802317716310234,0.22744399802712212,0.1982663584908534
150,0.8351423242711837,0.21572932347852508,0.06515497174128937,0.1763297601086871,0.09253321317113407,0.2092632553484775
151,0.7777882225866074,0.29833350718416324,0.05272229771729464,0.1746192896311712,0.07972623743711892,0.20360407991518198
152,0.6255521251811693,0.4796868400956792,0.042091652115540674,0.17290094020796712,0.09747485087943648,0.1773907888856401
153,0.4285532978703802,0.7022979931333778,0.04006383919372637,0.17118256514774652,0.09857484794957623,0.13050867392288446
154,0.286569819616463,0.860391083055478,0.05261708957160776,0.16947083867551113,0.10469221642526746,0.08729498131616113
155,0.2502729036419597,0.8822958832725357,0.08752572136488897,0.16777138925868557,0.11137865600775576,0.07037261796818552
156,0.27896945803791656,0.7935522384251029,0.14802155804382683,0.16608892299041564,0.11437683900984782,0.07670389275794802
157,0.2786462287245137,0.6583470905287578,0.2510200889731274,0.16442733649272978,0.08178383242503129,0.07681689392448862
158,0.2234143638862593,0.49035862735567337,0.4003527609751023,0.1627898192738897,0.04033961548351268,0.056884196100153175
159,0.15091286982783428,0.31541985199451056,0.5557495343672016,0.16117894580616685,0.00981372027826527,0.02779336322139773
160,0.09838026231074044,0.17398356955870253,0.6561494910033396,0.15959675781298413,0.0011800197974684984,0.006651263932231274
161,0.08043917019854355,0.09635525404063897,0.7015769507070173,0.15804483739347508,3.6754820023585414e-06,4.2464210599786476e-05
162,0.07483789473238542,0.07275103425608684,0.7457683565250705,0.15652437168912178,0.0,5.326746150444865e-06
163,0.061019700212600274,0.05634702920002357,0.7959531272187044,0.1550362098281052,0.0,6.2640056617673786e-06
164,0.0482677493546951,0.04513086267663466,0.8411974812751342,0.15358091288160566,0.0,4.876652862181334e-06
165,0.23475240173706682,0.03916809847621316,0.7184893371350071,0.18479861779681017,0.027085786618754874,5.991362138771157e-05
166,0.3014645537042921,0.04523417501551548,0.6773089836878771,0.18508441414659807,0.05450805838387364,0.00010591853737397257
167,0.41343129288643266,0.055645130354183094,0.5881721488227343,0.18512884083812248,0.1095337450455536,0.0002255550682914613
168,0.5609016525838929,0.08385073561419974,0.43385412004264834,0.185012900016642,0.1604437624291872,0.005054103277890418
169,0.7021701066355012,0.12235245464686399,0.27187322477012205,0.18352754748409122,0.2794393115185144,0.03244628183275493
170,0.7916529402598321,0.16120801249551744,0.15182400483721942,0.1819173368134663,0.38645253923006584,0.08407140135383391
171,0.8299705698727252,0.19013261947182442,0.08809389636182605,0.1802032199860247,0.3742070943003883,0.1483339910693717
172,0.8520718478269885,0.19913024607421057,0.060922419530346064,0.178441191981939,0.25402350054351513,0.2101163048383871
173,0.851560624726948,0.22058050296001164,0.047723167358390044,0.17664620225024524,0.12072420279301069,0.2511929792716598
174,0.7790341997184731,0.31187310764741905,0.04150487182125788,0.1748311294995687,0.10060962332557033,0.2584235371217461
175,0.6073984360360499,0.5047447952797808,0.03737850898525964,0.17300698462643013,0.10530655881711623,0.219582594280446
176,0.4011918861325083,0.7384882131194725,0.03468887567224716,0.17118310924540503,0.0908129697125715,0.14967053928419655
177,0.26053317066411713,0.898235078202617,0.04109868286230986,0.16936736495698962,0.08684325297281574,0.08813952465136361
178,0.22891439110338677,0.9130619590133564,0.07204385591305833,0.16756631026912605,0.08169099261756305,0.061381128562345795
179,0.26617627595100785,0.8088922158275845,0.13361964623200037,0.16578536344380845,0.08181614511975005,0.0659378720378574
180,0.2776479531048681,0.6524603426054518,0.24237886099966702,0.16402895054162564,0.05476697728289393,0.06681663852356663
181,0.22978002593471464,0.4702996680248402,0.3994019131805425,0.16230063865223368,0.026807173941784737,0.05018556393160567
182,0.15526360958902075,0.29553538762022763,0.5531236975161486,0.1606032547886614,0.007069092950037214,0.025957083651221152
183,0.09633415349591459,0.16493555349594502,0.6364937099798634,0.15893899124029023,0.000652563583736492,0.007059432409048313
184,0.07368406947585697,0.09844165769664268,0.6588044039817286,0.15730949836675379,9.887348732069967e-06,7.741823402539017e-05
185,0.07037587513802551,0.07748750826851579,0.6889712453251944,0.15571596590782213,0.0,4.5297713555473406e-05
186,0.06260285951951078,0.0619412214363029,0.7656572222929153,0.15415919390996,0.0,5.051139785812393e-05
187,0.05402335663052885,0.04413591195071716,0.8235059305097945,0.15263965434994337,0.0,0.0002199465480082202
188,0.047730092043955896,0.03225889374405844,0.8656463621241137,0.15115754448559726,2.7477321720201085e-18,0.00028538912351829345
189,0.20724965283929186,0.03394195281105764,0.7246983169583292,0.18452702207985924,0.009081194885907794,5.158341622853167e-05
190,0.22146089185771767,0.036728913738886586,0.7165536359030515,0.18500517685564016,0.014999618429199122,7.488670674181876e-05
191,0.28775490536904175,0.041714040442191444,0.6840490056775754,0.18500426924110291,0.04147166038882747,0.0001505001730646727
192,0.4098846503401517,0.053220633009864356,0.5797699687110267,0.1849940819724387,0.09056857642570339,0.00018993973617479286
193,0.5716523560463471,0.08378332022710404,0.425355738473583,0.1853439515735248,0.12631372748622435,0.0035248454060749627
194,0.7180046806008813,0.12302351537941356,0.25794976988200996,0.1842619862876804,0.20980049199779977,0.028162689403367823
195,0.8065165638964027,0.15586751360419185,0.14292707798148468,0.18257380651267535,0.30557815593993654,0.0827930785697267
196,0.8470359194119631,0.1762328136508638,0.08393773967302653,0.18076410061533435,0.3087248120224037,0.1585102669115209
197,0.8728154022780301,0.185028779307019,0.05315045192032435,0.17889613516710723,0.23894496012768734,0.24778420973325632
198,0.8734307861997767,0.21001821162763237,0.03864622460538192,0.17698836974925558,0.13105513119603118,0.3288959704041796
199,0.8075286449987172,0.29110911635168035,0.03489306807191223,0.17505658273943045,0.11817681025394673,0.3675224438891441
200,0.6583409583635831,0.4551113701148985,0.0346127288281038,0.17311414542825931,0.13652500266711123,0.33208360272104126
201,0.47773177503154185,0.6605926854476454,0.03337631820651452,0.1711722909636822,0.12973226675134417,0.24032511422264038
202,0.3467046616086849,0.8081272348502686,0.03868476217785801,0.16924037040920753,0.129074222799809,0.14956146273203516
203,0.30290250399717916,0.83299000266126,0.06738628493114399,0.16732609112922633,0.12365043385481955,0.10015672468128851
204,0.31861459779713747,0.7467868197611451,0.1294408136470969,0.16543573490972038,0.11857059761567049,0.08778668302810559
205,0.31433709538192234,0.6060808689896358,0.23605390156482953,0.16357435481377913,0.08236562656200662,0.07779898811586894
206,0.25416726650471344,0.44716450110839406,0.38516969422013847,0.16174595088081503,0.03738070456206967,0.053617321569981086
207,0.16940914838847293,0.2944812297663653,0.5328646086561459,0.1599536255154843,0.01032940311935462,0.02626548652505742
208,0.10128015481965057,0.17396437437646523,0.6195963192196244,0.15819971986928433,0.0011103511926621166,0.007020655995172235
209,0.07384704838374705,0.1042038364133548,0.643781449333369,0.156485932769878,1.395793348420995e-05,0.00013899328087056068
210,0.07429119619118935,0.08088131419752248,0.6563990881888573,0.1548134238596781,0.0,0.0005824593603841478
211,0.07811267079344149,0.07158068330831655,0.703758441679193,0.1531829026118436,3.686540503841623e-18,0.002427295384570447
212,0.07699969884172557,0.058184075558985436,0.7810795004290613,0.15159470483288945,2.3040900435689833e-05,0.004706018397430221
213,0.07015313104130914,0.046256225893326446,0.8401145634949508,0.15004885816178867,2.4686679038249617e-05,0.0055627762066941125
214,0.06410958390323379,0.035562271976905625,0.8825845718488623,0.1485451379538865,3.079957187056042e-05,0.004606415389598639
215,0.060091697508623344,0.02845226821640351,0.9048667899672117,0.1470831148067427,1.6909569514280143e-05,0.0015381706540067892
216,0.06776720593200734,0.02644154545491547,0.9075733501979782,0.1456621948527114,0.0,1.5890129316435935e-05
217,0.06965412959573976,0.02465044461953104,0.907786600419562,0.14428165381526462,0.0,8.137065829128663e-06
218,0.24269177244524406,0.035861879926590894,0.717073080223908,0.18463459609835867,0.019728393292302714,9.531650275221218e-05
219,0.29289022143560495,0.04199471188041941,0.6716996179484039,0.1848754429910947,0.04215175980725546,0.00015093232295470695
220,0.4157424882890426,0.052289707229298876,0.572441172768423,0.1852143229391135,0.07331490930286848,0.00032979807198845504
221,0.5792527724738481,0.0856411092040996,0.4089010593727843,0.18518883518583393,0.10628960375083416,0.004707552555480508
222,0.7377830365490619,0.12635135265044634,0.24426820497221835,0.18505556694865752,0.14614195274720118,0.04824215685175773
223,0.8292685059471332,0.1524549724860035,0.13137287776506956,0.18328751904357143,0.22850778953999368,0.11707777009461
224,0.8641796350649636,0.16478438736252607,0.07542703912552458,0.1813751817513272,0.23767468881257453,0.19796198844831647
225,0.883093265080111,0.17755337922070916,0.05062923481286596,0.179390850031979,0.20292076435934095,0.302520364659587
226,0.8794677091125324,0.206773453069647,0.03808377576818481,0.17735765730564604,0.138402400196068,0.4085160062265912
227,0.8329333116649525,0.26467681595727005,0.036230211972133906,0.1752952102189001,0.1288371979493405,0.4717450900764532
228,0.7311472325944461,0.37186045570582466,0.03872105884468658,0.1732199643948915,0.14737594455255915,0.4499952359303512
229,0.6013602934704805,0.51829061866073,0.04005148608250468,0.17114559479633598,0.14782425324307363,0.3535495345047524
230,0.4903872623716369,0.6419581369670886,0.04581095519438889,0.1690833480612434,0.16896545300481094,0.24394284292867305
231,0.4295277629766056,0.682912712603411,0.07481205646248577,0.16704236913753773,0.18982629131341316,0.17232159850469447
232,0.40124380407597526,0.6331069712993443,0.14328021997711637,0.1650299982073306,0.18352182519437452,0.13287310799411406
233,0.35316763439226606,0.5322493378830708,0.25528219141573366,0.16305203649277675,0.12524862237386702,0.09945257478301743
234,0.2650823164138843,0.41340952161543304,0.4000484477058406,0.16111298130189985,0.04846614846213971,0.05903635473120261
235,0.17206222221077708,0.2874087808985865,0.5437168653204186,0.15921623180613298,0.01176166823993523,0.024164626290604604
236,0.10764683837911312,0.1778515205695248,0.646972174931658,0.15736426770926942,0.001187234963930204,0.005527253365414297
237,0.08102082340050476,0.10441145819330633,0.6962589901609341,0.15555880330416152,1.3957933484209018e-05,0.00014824798640918256
238,0.08518778434978078,0.07914378433071638,0.7015551068384301,0.15380091952220704,0.0,0.0020189937164383034
239,0.10129206624171297,0.07826992284450261,0.7033307712005745,0.15209117653905987,2.3040900435690155e-05,0.007833197283940668
240,0.11209101483386784,0.07591053671341384,0.7335537235401227,0.1504297093649071,0.000139685422025956,0.013468123302741195
241,0.10523705250094775,0.06510735716376614,0.8043925256681512,0.14881630865936335,0.00017157237981712064,0.01427703857778401
242,0.08087137173932721,0.04657099334776659,0.8728529863507223,0.14725048879759994,0.00015614320179749812,0.009536885783185444
243,0.062286786163911596,0.03190192498989164,0.900741778164364,0.14573154499441057,2.6949624616742967e-05,0.0029833837576538403
244,0.05886236495471839,0.025056338891596645,0.9088406438331046,0.1442586010786059,0.0,3.041269529964226e-05
245,0.06358397971304743,0.02195308032734416,0.9096232964578251,0.1428306493085739,0.0,1.7655722781248562e-06
246,0.8513378433640653,0.1544111764270638,0.10415670849963427,0.18405980488656898,0.2343568142897558,0.18239583564257555
247,0.8736479924191023,0.1637985686831861,0.06755884391533806,0.1820388295449963,0.23583758162349633,0.2678088167084851
248,0.8784934926243377,0.1840486015194302,0.051463851181481376,0.1799272395500128,0.18450811055132363,0.37189754890067206
249,0.8677805328139285,0.21584582787358486,0.04332460318599151,0.17775451366352604,0.12855362718411933,0.4733016202920188
250,0.8417040809651783,0.2480727220532396,0.04350324567199604,0.17554541072776478,0.11639422514745908,0.5370029781681104
251,0.7891424961277599,0.2993787662536159,0.04717992328537491,0.1733204924084571,0.13875182398191957,0.524017086214774
252,0.7113625705821249,0.3855733919869306,0.0500473922680473,0.1710966422366151,0.1529002146494759,0.43537387247477316
253,0.6258636754137871,0.48108962446090664,0.05627890063389139,0.16888755945191453,0.2038639754916941,0.32802139699223165
254,0.544696269804262,0.5434849725220426,0.08642296724862061,0.16670421487844858,0.2518968946953695,0.24396398985495973
255,0.468986986553802,0.5322130142809156,0.1652135171017115,0.1645552623942029,0.2413056045501877,0.18172283193909985
256,0.3749988651711128,0.4623028992854356,0.29544201505304374,0.16244740394836152,0.1532849830140802,0.12310661813658287
257,0.26187371795121067,0.3641470493519942,0.4529298004388284,0.1603857089774317,0.05054045863189191,0.06350631594806894
258,0.16965027277752598,0.2525980309395956,0.6002363987417584,0.15837389085753473,0.010133157681623093,0.01999905174683561
259,0.11583765313716389,0.153556157818108,0.7131044829357853,0.15641454402126687,0.0009476917115849586,0.0034018099913218068
260,0.08955899547011296,0.08774092727351529,0.7822239678752326,0.1545093458095888,4.0705847521476906e-06,0.00010216908517271836
261,0.09284866497687044,0.06868478928150674,0.7899962261855933,0.15265922720756497,5.830403915699691e-07,0.003330020857091345
262,0.11427772621401158,0.07764307196290052,0.7583528169558452,0.150864516462674,2.985054475949851e-05,0.011685644519591093
263,0.1302421121850112,0.08361919749799777,0.741205972466904,0.1491250593015493,0.00016706729921077204,0.018807756245490373
264,0.12345929355223137,0.0759661826941038,0.7836194373196838,0.14744031911096256,0.00019284278967549254,0.01944744180627001
265,0.09171055692822154,0.054400109391678136,0.853229898367,0.14580946007532666,0.0001719838261135268,0.012779655895531131
266,0.06138129008517839,0.03462422401015105,0.903801451115997,0.1442314158934361,2.365806741165028e-05,0.0039042959634241316
267,0.04729683643021125,0.021658896975322996,0.9126573492734026,0.14270494634830286,0.0,4.123289305988395e-05
268,0.04508372610002957,0.01772908773961251,0.912847967919055,0.1412286836844569,0.0,1.5867801486970998e-06
269,0.8815186372656402,0.16720758453085996,0.05909571939667483,0.1827544776506364,0.22321591504090102,0.39629165037244446
270,0.8786223506315248,0.1866498887481914,0.05250554082047479,0.18050506835202385,0.1729670707036733,0.47433268076899604
271,0.8660567030819178,0.21420393603491225,0.0472621736486825,0.178177478717481,0.1216035329067961,0.5453230482717839
272,0.8536915949976894,0.23131635828727454,0.0480943700818866,0.175803552247332,0.09718760110988006,0.5807523696478931
273,0.8305432852175583,0.2528846444451045,0.05115484493920671,0.17340943319346247,0.1029796627449838,0.554816735046125
274,0.7815419043218409,0.3067881441666695,0.054297185462439494,0.1710163074270949,0.11626812608707093,0.4732274503169722
275,0.7079960814481353,0.38761588668337105,0.060890295863193306,0.16864110858624864,0.18264783606471963,0.37984516604008883
276,0.6104520659769742,0.4691043096496377,0.09132014496097714,0.16629716731800798,0.24587348916543453,0.29337860776339475
277,0.5007867016479113,0.48896279053869357,0.17732152931379352,0.16399479279906448,0.23887296984748566,0.21406337945588885
278,0.3777707597890406,0.4325470314302323,0.32829181490653825,0.1617417834168327,0.1471228679472733,0.13747888164601335
279,0.25741627737094036,0.3275974589206359,0.5097894614226905,0.15954386840940063,0.04634725891656326,0.06597010854525713
280,0.17212820543932963,0.20790423678629294,0.6673999220726015,0.15740508516115534,0.00707913689763744,0.017361062672947257
281,0.12493223770604918,0.1158753770895816,0.779356205684904,0.1553280983463144,0.0003937005919244784,0.0017271007976186264
282,0.09564790846264935,0.0637653307193325,0.8494344504550231,0.15331446767322354,5.830403915697874e-07,3.8729632738999414e-05
283,0.09202785908054104,0.05503907817217166,0.8621544651297659,0.15136487095054488,9.930567674102829e-06,0.0033285943980930757
284,0.10955729249982867,0.07074104396030516,0.8250729681258715,0.1494792888142155,6.551040717209617e-05,0.011072690452060099
285,0.12410854039718332,0.08033395152892063,0.7924356157845318,0.1476571568860091,0.00018659023189575202,0.01750978058294278
286,0.11613846696756773,0.07464708088901813,0.8168603029961827,0.1458974904890089,0.0002086689356671186,0.01783059701997239
287,0.08023374845423975,0.05048212759093473,0.8760906588460567,0.14419898639033024,0.00016424737888562693,0.011380023345880048
288,0.048572335636547365,0.029239518825042766,0.9103424167156277,0.14256010541740916,2.756679159270499e-05,0.0034440667791476383
289,0.035520238922640654,0.017607529000719203,0.921064608638071,0.14097913922260202,0.0,0.0002125168596213463
290,0.03653464369104087,0.01545473669663008,0.9189499749409487,0.13945426396141153,0.0,2.141042614890198e-05
291,0.8776088569348633,0.1813632944128089,0.05396205411256548,0.18351546045957018,0.167214467169336,0.5417445135311565
292,0.8794897773849903,0.18772462012370447,0.050782882126043496,0.1811196966121713,0.13814822465278181,0.5848554429002976
293,0.871257807122632,0.206724634253881,0.04715145004185936,0.1786214260477334,0.09892479905454221,0.614885496440507
294,0.8670258153906445,0.21807814101654666,0.04565145803636656,0.1760624705829475,0.07489884571503545,0.6079961192993476
295,0.8548381082311312,0.2328411441758659,0.04425688322614876,0.17347674771891486,0.07879033205609501,0.5595957826978107
296,0.8159780424011289,0.27913559415979355,0.045177406779347576,0.17089134781003962,0.09778655659185473,0.485844874376261
297,0.747554916147466,0.35478052292604034,0.05274697094192544,0.1683275655272215,0.15787062933884793,0.41321679965410035
298,0.6409560579583903,0.44917276132713596,0.08212837666866765,0.16580184509723717,0.2070463599826152,0.3293998072985617
299,0.5100270856845313,0.49255914340281076,0.1699192896446873,0.16332662013370802,0.1947689201134971,0.233520441934172
300,0.372993537886321,0.43756972390299353,0.33503179665621596,0.16091104295750053,0.11774818871145504,0.14052284714845836
301,0.25346989554862276,0.3124057063314255,0.5378160133542557,0.15856160698823535,0.038056654519650776,0.06181149342786316
302,0.1764265956614746,0.1740069759551657,0.7071438838402494,0.15628267065867313,0.004767124487670141,0.014734951706290692
303,0.13026773124860494,0.0835209878310618,0.8151584939005524,0.15407689360695526,0.0001039082283167752,0.00087474724389598
304,0.09551404044137923,0.04468365512536143,0.8768304968462052,0.15194559656297285,5.830403915692214e-07,1.2972381967629606e-05
305,0.08327640261435194,0.04382472769499775,0.8908703847103719,0.1498890560194561,1.0513608065672725e-05,0.002062318821779784
306,0.09367761019473331,0.060351049364488804,0.8641755240979874,0.14790674391073755,4.969059571085342e-05,0.006578495288093486
307,0.10245157923486672,0.06932901112723712,0.8430439577535371,0.1459975214029322,7.907044630964412e-05,0.01021731965377141
308,0.08924944862244735,0.061920571466560874,0.868480386211581,0.14415979470945972,7.349764882159333e-05,0.01007393569197628
309,0.054236084975746474,0.039301552090840214,0.9021779037638146,0.1423916396917367,3.469450447270316e-05,0.006050561156076239
310,0.031857412916331304,0.020691376414892586,0.9274492637512657,0.1406909009435247,1.9176899333050905e-05,0.002166639504292361
311,0.8718247047570716,0.19277806917028067,0.050924202069012416,0.18430293628470254,0.1271329516463729,0.6386413274971156
312,0.8784588193050318,0.19028681636260034,0.04899559721430994,0.18175777959629508,0.11057249773097512,0.6673791818122979
313,0.8780476968342589,0.19906438326823092,0.046718655084255704,0.17907432949655697,0.0901820182199113,0.6699807302528024
314,0.8775359335054842,0.21027581935061754,0.04231836128476814,0.1763088378378643,0.07042712399647119,0.634688938675295
315,0.8692909859613881,0.22974487507179128,0.03558273956486106,0.17350634031026108,0.07005229083273874,0.5792854843809707
316,0.8356418373601078,0.27659337196253936,0.03254518377327642,0.17070224925351452,0.09773704035686812,0.5183079765769372
317,0.7726459696027246,0.3476423759417142,0.03900860996146154,0.16792389389157686,0.15602923880574396,0.45808619222412494
318,0.6637149760216008,0.4494443281213627,0.06468029970064833,0.16519192960240503,0.19583914350953968,0.36677343210262703
319,0.519387783455617,0.5097236605509943,0.1506830903543897,0.16252157991500454,0.1702803968836999,0.24883980710114725
320,0.3714742383016319,0.4581024809115601,0.32364720653301643,0.15992370199184394,0.10024622090567889,0.1379052722134229
321,0.24902160979520077,0.3202786176990356,0.5425845961623236,0.15740568244273345,0.03233703280330521,0.05346205938880332
322,0.17494637366833676,0.1625334450487633,0.7229168157617437,0.1549721788603424,0.003512404493570946,0.010483849889273627
323,0.12881778360463406,0.06848952111075882,0.831370263027383,0.1526257261152894,8.708697812068898e-06,0.00047081152596732293
324,0.09159322949324222,0.03724482391201475,0.8880873878631308,0.15036722710634493,5.830403915691282e-07,1.4346322852656635e-05
325,0.07762765511166454,0.03739453458884281,0.9014777719913294,0.14819634663008163,9.930567674105471e-06,0.0012058162000717746
326,0.08631835955783142,0.051199852294882296,0.8812301813474112,0.1461118251608486,5.963426935413379e-05,0.0035487455180021428
327,0.09011193585095283,0.057580070255938635,0.869273835131842,0.14411172714086776,6.670048180938812e-05,0.004822542480632611
328,0.07151798326915602,0.04717631818832896,0.9000951731727056,0.14219363617784295,6.475480190558174e-05,0.004147691280577974
329,0.04197796356317301,0.028490120890828325,0.9267672004442188,0.14035480749832308,8.742003503285336e-06,0.002380365374229938
330,0.8710385879536781,0.1804695924203136,0.04996895392218655,0.18425842907550255,0.16630759497938216,0.6481836626774068
331,0.8713723384216568,0.18858528527303917,0.049385752507831455,0.18454796423035136,0.1318416192541615,0.6725005519789836
332,0.8815528736832355,0.18588216155531365,0.04824306195682636,0.18238903910538554,0.1195805906806393,0.7032031375861222
333,0.8853822866383105,0.18918828560251405,0.04764592828423463,0.17951124612029756,0.10189085064017252,0.7026318693300009
334,0.8874838061081266,0.1984246120700487,0.0415841151560928,0.17651847900627388,0.08461267739825909,0.6753046136632768
335,0.8807487556881679,0.2220837587917961,0.03247600365383502,0.17347215742113073,0.07600652996751815,0.6393252905414087
336,0.8506145323205643,0.2695599420681309,0.027828732887761488,0.1704197847910031,0.10958263770041829,0.5971476651539612
337,0.7968721453485154,0.3321633984102233,0.03281191004118578,0.16739729782311624,0.1736799991330572,0.5358206407079953
338,0.6918984726233288,0.43397414537513734,0.05567386216962654,0.16443122060350276,0.21575122736898555,0.41975575996763725
339,0.5396759160177963,0.502975768059328,0.14163320066096718,0.16154054913139837,0.17691779265949872,0.26776655318647813
340,0.37746448399127364,0.46020527413521806,0.3194673232000776,0.15873834722874924,0.09764020079509327,0.1333718433189715
341,0.24281800495862307,0.32575650370798814,0.5460449124089825,0.15603306631994016,0.02733746963749475,0.04214342857766919
342,0.16447456121882842,0.163942681750029,0.7309732269616873,0.15342961741699013,0.0026011892265984863,0.005390374460187273
343,0.11982584934379453,0.06525240439550639,0.8389653293784897,0.1509302296768073,8.708697812052272e-06,0.00026777242924489115
344,0.08356557451448324,0.03509149799292599,0.8936070030016275,0.14853513024126078,9.328639748183903e-20,1.4669025351826739e-05
345,0.07392372448249063,0.03383479367830766,0.9054887345847042,0.14624307742887768,1.75420806839766e-05,0.0015375870419234415
346,0.08731279882631417,0.04509845503157993,0.8855343828485034,0.14405177539144223,0.00012514146244426002,0.004103746473601424
347,0.09250514606379938,0.04959246820660978,0.8733401176646743,0.14195819405462856,0.00014515618567224385,0.005378528418548864
348,0.0734745254283408,0.03997803704422712,0.9047658343890794,0.13995881405408084,0.00014100086121295765,0.004586038385057128
349,0.042195554979078224,0.023289749373921625,0.9341694256695756,0.13804981270597322,2.287397005695265e-05,0.0023910156778999903
350,0.8792872688685072,0.16162205899251028,0.051492259844951045,0.18340440148011125,0.22087743595010537,0.6430805009127782
351,0.8796403785435826,0.17045509073958662,0.049819804595696765,0.18368654537584414,0.1925610459150554,0.6704934628872208
352,0.8899537721769171,0.1716942614160009,0.04842251789575223,0.18295037759301505,0.16674489422248492,0.707222578586511
353,0.8970929452294024,0.1742485406787964,0.04739335680268161,0.1798829881246994,0.12835827159104532,0.7228710728252473
354,0.9000836333097036,0.1809898371067709,0.04244634134571298,0.176647917780612,0.103022036777644,0.7243461525995548
355,0.8930433811761491,0.20141233595560307,0.03654297908422388,0.1733315153836821,0.09116657521014859,0.7192187266359814
356,0.8659722615940292,0.2424502016383805,0.03400930073319476,0.16999945926034374,0.12973357197999633,0.6965175116128343
357,0.8191216524960879,0.2984078388575369,0.039057623441809144,0.1667004031229783,0.19911238967275424,0.6275279381468443
358,0.7166381947670672,0.39124480273584594,0.06696250082669916,0.16346935046764166,0.2426473057422782,0.4803201526216898
359,0.558998212954841,0.4545340063670327,0.16081436162550478,0.16033059243876077,0.19181290191497527,0.2905263376608725
360,0.3877073477879821,0.4202978673956459,0.34046099529698237,0.15730016380585143,0.0984961245855553,0.13031977875228823
361,0.24627897731915102,0.30264287396684936,0.5589723776386609,0.1543878379832556,0.0231569272637879,0.033533751413041823
362,0.16354487528768144,0.1579933139057592,0.7373236658961279,0.15159871356953167,0.0017649401303291156,0.0024245237069745714
363,0.11492735046503635,0.06541843841827985,0.8437992324321509,0.14893445560613558,1.393391047789371e-18,0.00010474970162557637
364,0.07616791025265564,0.032957700619787485,0.9005582039245819,0.14639425406078976,0.0,1.2200168989365978e-05
365,0.06810100118281276,0.030071010337716458,0.9108336838290525,0.14397555582823918,3.333092146755424e-05,0.0020416323687043486
366,0.08594493732002527,0.041585212399080945,0.8876675498869007,0.1416746182660522,0.0002181159455458342,0.005188259571608302
367,0.09478927914318606,0.04772469284046224,0.8708275644332769,0.13948692382135294,0.0002544496527311904,0.006628806617778526
368,0.07862438138953573,0.041178380446587885,0.8990600328566246,0.137407487568868,0.00023380443053454397,0.00559392086772533
369,0.0421489103718742,0.02378438572805389,0.9315824436981069,0.1354310828306825,3.633370718535486e-05,0.0023859344551733544
370,0.01983898795654035,0.016420868375678466,0.9541462595305598,0.13355240454523107,4.429249124589819e-18,0.00013107148154773408
371,0.8822966827890317,0.1429960254474073,0.054757675500523705,0.18221882599037817,0.2913071724252796,0.6299094969431772
372,0.8884435389361306,0.14512698019264825,0.05239048016486187,0.18259193386745848,0.2515765961123892,0.6692108413578177
373,0.9045428686249749,0.14899861668105116,0.04860338530130771,0.18287710464504234,0.20606893812352217,0.7201899783631225
374,0.9167721628250568,0.15316280679415448,0.04440133652896609,0.1800946541964468,0.14653846185514557,0.7581843378396396
375,0.9195609345791619,0.16003668988781283,0.041347992632817,0.17661898240849475,0.11195213243603934,0.7882664065188763
376,0.9082969010436897,0.18029467133876337,0.03985274606592509,0.17301360240439312,0.10519206713955184,0.8075728489861363
377,0.8780197666147433,0.2201011313201987,0.03961082723709342,0.1693725235934459,0.13558718988018859,0.7944467508774644
378,0.8246025101843357,0.27805477403905954,0.04678218904266324,0.16576394811617537,0.18892843510076499,0.7082656449632515
379,0.715763241305649,0.35567484171855074,0.0897669664900611,0.16223566585303784,0.21397051834279973,0.5251446490051113
380,0.5577901498838406,0.3979413333277861,0.20203828272258514,0.15881975793064743,0.1651667816981612,0.3037687158676599
381,0.3912581267650195,0.36145214222415273,0.38199834828696416,0.15553648532385198,0.08208832561206304,0.12364664133265614
382,0.25794801753119656,0.2613617505327843,0.5764269288625461,0.1523973900518878,0.017425255118310303,0.02693903668383877
383,0.17718029251458572,0.1464820919658169,0.7316499626166988,0.14940770533362438,0.0013020983830668788,0.0016360192084251468
384,0.12346016845149922,0.07125884598251467,0.8334740089372221,0.14656819258554948,0.0,0.0002701349592625771
385,0.07764794821072542,0.03471599723667754,0.8985938032940732,0.14387652011121338,0.0,0.00019048962060108526
386,0.06536060445221116,0.029385799555358368,0.9129539430447748,0.14132828441615225,3.450235124511562e-05,0.0019226387834315347
387,0.08405932310947488,0.04357117150142243,0.8873288903748489,0.138917757836608,0.00030466074771781063,0.004876152585209108
388,0.09585477673729102,0.052875527686518466,0.8647512120157044,0.1366384293751006,0.00033978476294932995,0.006149107435198089
389,0.08246595054838934,0.047988009760389416,0.887872013404037,0.13448339091504527,0.00031015018838656875,0.005046865226749081
390,0.04652497631728337,0.02911187528870697,0.9265927105227071,0.13244560881455636,3.512401523152929e-05,0.0019478149913633495
391,0.02572530813728635,0.020530021848397223,0.9469401168850108,0.13051811117188974,3.526170568488406e-18,8.750649644988272e-05
392,0.8731878973000934,0.1459393343846559,0.058097109166882585,0.1806453194300281,0.32287884223105423,0.6251286079640813
393,0.8825204871785391,0.1442129199465497,0.053962222888845994,0.18080184783293143,0.28208661498283133,0.672757657372721
394,0.9062568293376562,0.1474710779293868,0.047753401364613465,0.18116432754409298,0.22046865572976934,0.7382431501008758
395,0.9277222535570365,0.1461706275478691,0.04070080498329267,0.17996531137803778,0.15032206793859357,0.7977705080260403
396,0.934196779971955,0.15032466130869476,0.039160588854955575,0.17629094612354765,0.11112683871574,0.8493845140310573
397,0.9206360847818574,0.1702434033490602,0.039022660273940225,0.1723998333500393,0.1119942158158165,0.8840875051730871
398,0.8867154722543378,0.21387165651245893,0.03826817984856749,0.1684316991565073,0.1332414816256295,0.8750891625160698
399,0.8204773420275846,0.27882525615774273,0.049464031901063285,0.1644860733273209,0.17319991342194194,0.7661742832594507
400,0.6975705203932316,0.3390519915503185,0.11301993991853848,0.16063097564699677,0.17602167549068684,0.5456706830493692
401,0.5370465270482327,0.34933950703181876,0.24843164760525083,0.15691061080838484,0.1294031632216997,0.295392870161892
402,0.38137295915041786,0.2994691230773986,0.4297829905009726,0.1533516973075337,0.057686414938746676,0.10757800593929392
403,0.26612776862001214,0.2133572150780914,0.5952702340602865,0.1499684312245183,0.00931789741367657,0.019732820007695655
404,0.19716672907372546,0.13315341119394825,0.718684740856027,0.146766253811345,0.0003137745265910738,0.0016674963891621913
405,0.14121696545045304,0.07888859544368443,0.809480060250756,0.14374464330161443,1.6859495506286212e-05,0.0011111227542848691
406,0.08851929062116003,0.04216030498141832,0.8833007593671683,0.14089914522171298,2.697515216291967e-18,0.000851794351508114
407,0.06994018126178925,0.032996403281539924,0.907169215128822,0.13822282569448205,9.881812522845906e-05,0.001595493806551603
408,0.0848884790134563,0.04629180996773917,0.8843019033651079,0.1357072964818326,0.0006402774691701084,0.0036214573513751753
409,0.09614933131321736,0.057124978799643976,0.8591835510695848,0.13334342697476143,0.0007390955943985888,0.004587076338045253
410,0.0837821439173389,0.05279006613012072,0.8795132411513437,0.13112183004873165,0.0006469361412587867,0.0036767186998088405
411,0.04828703603373523,0.03401988865526312,0.9203012275451108,0.12903318618939275,9.88181252284734e-05,0.0013238390008065435
412,0.028673242523193428,0.020894367042124082,0.9425317513823468,0.12706845300583033,9.920550441544929e-18,5.010278462154006e-05
413,0.8622683176779841,0.18080895711886874,0.05096995990919786,0.1774011697190469,0.22382121830706228,0.6728145943547506
414,0.8947625985413158,0.17229669109942558,0.04270682761068291,0.1763573327525403,0.19397141421046454,0.7408751750530649
415,0.92435997078399,0.15993432746256842,0.0360502228738977,0.17444490845727129,0.14268503926809376,0.8138865680967754
416,0.936575936857411,0.1567768530380925,0.03484230598888132,0.17269338292103648,0.11368922394009036,0.8826215599947733
417,0.9235550641114889,0.17555380522940586,0.032586639676234604,0.1696835114381351,0.10870877623709511,0.928494284922184
418,0.8872926810741079,0.22376657790749888,0.02980763300190486,0.16700995043647385,0.1089927690659953,0.9154039303845237
419,0.8091393501925022,0.2898610410152077,0.04757071036674624,0.16271816417604562,0.12767410847793317,0.7815731208200132
420,0.6684316674976013,0.3312225004258992,0.12879575347234792,0.1585180818028462,0.11325769857362479,0.5305824665249378
421,0.49770881050904453,0.3104411411498889,0.2780086182003207,0.15447395484014362,0.0803622576791964,0.26421013978241564
422,0.3498673638435158,0.24087941526878737,0.45522337810253505,0.1506232044857451,0.03128538093680135,0.08401779391819948
423,0.2560001235209878,0.16745702604234317,0.5989815603681016,0.14698458750266555,0.003993264339549458,0.0129595855471473
424,0.20515133110461384,0.11939910765599407,0.7011849939257586,0.14356426433537203,0.00020327267285975855,0.0020446963684787375
425,0.1554128769892024,0.08580390016103144,0.7841798665946668,0.14036017039142443,0.00010115694606252852,0.0020703372105578123
426,0.09989633280324277,0.05122009212816881,0.8642695655476579,0.13736509132297728,1.685949550628258e-05,0.0015896549550762213
427,0.07703331265906721,0.036504048960822766,0.8981156521377768,0.13456878402416417,0.00011168464989163385,0.0017097724276189678
428,0.08876632129001631,0.045145539814429377,0.8826453342060376,0.1319594122662418,0.0008607092411023758,0.0030701181965477977
429,0.09997285527337613,0.05567555424839366,0.8585147042510899,0.12952449892477869,0.0009875961263535404,0.004028716965102054
430,0.08779564554921232,0.05181684391119411,0.8800314216423256,0.12725154202031674,0.0009380155819442856,0.003365949313361099
431,0.04735773008225721,0.031768400721563644,0.9194147100960153,0.12512839977967574,0.00011772165799390736,0.0012383169041514119
432,0.02375289712382248,0.01809368986919543,0.9433963686249397,0.12322231264265397,1.1818314135088352e-17,4.054247497818583e-05
433,0.8319983872698951,0.20333428338608645,0.047144553893110674,0.1732400091052302,0.197996281316006,0.6224221892566805
434,0.8601941534332382,0.20842611707653624,0.04143869794648723,0.1722178905374919,0.18466079737494506,0.6627792510443807
435,0.8965867453786238,0.19130950491197882,0.03313933677309198,0.17094034528695073,0.17096930108139374,0.7322794269213239
436,0.9220589014294432,0.17609709784077435,0.028990424515788645,0.16923142488806503,0.13441488709461927,0.8093648909671555
437,0.9336192549099455,0.16994375132975856,0.0285347203665123,0.16733669656195743,0.11305025613389383,0.8896149462796024
438,0.9197587100201452,0.19070127024948563,0.025002892381428322,0.16486634827583108,0.09911783354352166,0.9422830063202007
439,0.8787400687821251,0.2454434882340786,0.022362896285618255,0.16150483339517177,0.08968313688600657,0.9134484079742604
440,0.7872650676510278,0.3091952079652608,0.05084817072112437,0.15850753108184323,0.09989347811522792,0.7523290735223348
441,0.6284431515442446,0.33197222155552614,0.14709594421244254,0.1548648807333516,0.08354575795348383,0.48489397368464543
442,0.4486755603778995,0.2837358373476326,0.3022709914056903,0.15093393595263888,0.05928237925277971,0.22229781733029436
443,0.30588364266792534,0.19851900748801152,0.46560985074551986,0.14719220552640325,0.019486348309700353,0.06093327868316114
444,0.22888550390187123,0.1365796342424896,0.590510201172853,0.14360640465959607,0.0020267141114029756,0.009391726796020607
445,0.19309891128769358,0.11100540616307616,0.6843151562947274,0.14008308870952785,0.00014882820062525653,0.0037563161596393655
446,0.15467644024899285,0.08928074951116505,0.7721180399477927,0.1366399413731225,0.00014071211790477465,0.0035961903076413464
447,0.10280563983218365,0.05564133024838658,0.858179071505497,0.13353163397590573,2.792972086397031e-05,0.002146832017846594
448,0.08040815696696407,0.03644241792872423,0.8962976956401552,0.13062196748204438,0.00021337218968569657,0.002084402494900201
449,0.09217253668073086,0.04064391283876874,0.8823731875208959,0.12790133233880113,0.0012603830079914136,0.0038044220065026947
450,0.10673613178419594,0.05110433247018824,0.8560544336114051,0.12535877291950895,0.0015633495740686328,0.005263439952478894
451,0.09629819749148802,0.04847217901787169,0.8772489816307741,0.12298277571403712,0.0015468245983758897,0.004755406795447566
452,0.05107334710377867,0.030302442755637215,0.9151091800616277,0.12076179170780157,0.00026664804253331473,0.00204358534903667
453,0.022309359682917907,0.013644625993170957,0.9400811662866922,0.11888171579040947,6.971603315313498e-06,0.00012290557726437018
454,0.8759420661448144,0.18906882360688618,0.03640454260316669,0.16876751835344936,0.2031412539349687,0.6457342879017387
455,0.896908545276947,0.19164353671462256,0.031405858125900826,0.1675667760425787,0.17879470751749324,0.6679944835316042
456,0.9170160171863396,0.1875180623533372,0.02271448664142942,0.16610060184585715,0.1758230869988603,0.7247881447732301
457,0.9272652009921323,0.18274354562675224,0.02178577603386257,0.16427521496625894,0.13599220697704612,0.7978755194030619
458,0.9283712449276298,0.1824804134963347,0.02302805747128011,0.16244547280272364,0.10981985066622885,0.8701227919942397
459,0.9049085458221704,0.21304690288512815,0.02083231926957003,0.1598397319432697,0.09597745712956356,0.9091590250672074
460,0.8476244229585476,0.28336332605219794,0.02214927669014046,0.15714707582065682,0.08922229329456255,0.8516459221991733
461,0.7359619459688674,0.3487950783867984,0.06751308791271181,0.15418464349765362,0.0880801473565776,0.6678366430497931
462,0.5644391116731065,0.3527742428908831,0.18567855853810672,0.15082646585263038,0.06262039661219262,0.40811128894622106
463,0.38530669765370346,0.2765511776044722,0.35269318647154446,0.14730417008254607,0.03845908610222066,0.17426150856862477
464,0.25693514489395625,0.17607675946564394,0.5013544544333727,0.14385342495318784,0.010243332688194202,0.043549675258003046
465,0.19670502259257122,0.12125727785733434,0.6036387358939911,0.14055703298215436,0.0009888697292704505,0.008131845340930992
466,0.17480278064915714,0.10838832081890935,0.6829705304675749,0.1374256009569568,0.0002174612880068238,0.00619739376411629
467,0.14642775918601805,0.09259625169606751,0.7717399346065812,0.1343876968954373,0.0002414122505061881,0.005718389747958606
468,0.09944074127339787,0.05833241220049785,0.8588888811584738,0.13145595684099146,0.00010714258705910138,0.003021499021989468
469,0.07650198377162919,0.03316361011162548,0.8993942776402213,0.12861725248395908,0.00018453328439389758,0.002155273822097295
470,0.09198601335551192,0.03630880899862491,0.8833154034202689,0.12617582995734974,0.0009361375091172245,0.004212516894455203
471,0.11426105298883307,0.04778903012714269,0.8496772241637056,0.12390187048190159,0.0011988932081295105,0.006022593952246673
472,0.11072982971646926,0.046132003030665614,0.8618813718812642,0.12178314724298568,0.001304733930088913,0.0056095686435778825
473,0.06983372022443211,0.03135532390624011,0.9103852197617978,0.1198077845060168,0.00027268465073296364,0.002763286584467485
474,0.04360978791178245,0.010238055850912843,0.9286240055749916,0.11624267958670077,1.1154557511964701e-18,3.620113084553513e-06
475,0.059767545082390724,0.013943620169428392,0.9056609486467443,0.11453351064893891,0.0,0.0
476,0.06564270221707764,0.016360508728817683,0.8917443841556314,0.11292399302918689,0.0,0.0
477,0.9383613597152489,0.14855619587421967,0.029776979822004383,0.16475066588353093,0.25189980385348415,0.6848883638051876
478,0.9461845669861466,0.1522056956222458,0.02359550656857589,0.1634322436308062,0.23361712189654463,0.6911963576609809
479,0.9488914711808287,0.16184542379904163,0.0163302698223535,0.16182803141376315,0.20198575042105227,0.7337699466555461
480,0.9416061419655547,0.17380148817238206,0.016529669127269542,0.16008387958777384,0.14869928535805094,0.7913083932016021
481,0.9225961636893508,0.19214265056472732,0.01935083471196926,0.15816587854602404,0.1181337984617617,0.8376749801570437
482,0.875414105417435,0.24584121426424668,0.021190444918339435,0.15560940191728098,0.10990924725358284,0.8387082741065678
483,0.7861785159085823,0.3377842999621594,0.034719632926835206,0.15306576242199182,0.10010061711187583,0.7390983606784548
484,0.643843760468515,0.4066305064719869,0.1077402999182178,0.15027727984859854,0.08744825470164955,0.5395885255861586
485,0.46452236620915366,0.3899321563714201,0.26087621221325874,0.14721563871133275,0.051389939322773553,0.3075714543178272
486,0.3022938068106172,0.28423727437516316,0.4517450571147,0.1440721814023246,0.025054917689827,0.12132327850900436
487,0.20350591546135577,0.16653285913698637,0.5936013924316427,0.14099963380193936,0.005593085428478232,0.028334952903182276
488,0.16807298478473975,0.11355254622675663,0.6664668994675106,0.13805958582295486,0.0005210946304988142,0.00678839861784566
489,0.16167795755018388,0.10693568215933577,0.7112287020655756,0.13525339040454828,0.00013725843732191403,0.0074257162750579735
490,0.14067373442637182,0.09544410463686878,0.7780601475879297,0.1325590302052947,0.00019496952180233972,0.006852500501006847
491,0.09765767618143224,0.06333223582764208,0.8558815618627285,0.12990363533220972,0.00011534628257667734,0.003711670871942549
492,0.07366785357218048,0.03385788268935912,0.9001245205792938,0.12735303979740784,0.000175110706988194,0.0019178610876420064
493,0.08984364509326717,0.03295126790172819,0.8863676299621085,0.1249084843494033,0.0006197088669514275,0.0033487992724741036
494,0.11831248672238487,0.044081641208868,0.8470136129275342,0.12256961092113641,0.0008266514162338876,0.004820561815726968
495,0.1262052217063028,0.04733457785417706,0.8454750371352451,0.12033484112759346,0.0008848823315340705,0.004535237094374494
496,0.09154772730231264,0.033216414794111034,0.8897365921553853,0.11820168947572889,0.0002065119909166751,0.002142688923685534
497,0.05255323632379522,0.014544777585666654,0.9343564842335677,0.11616702895666722,2.341074696295267e-05,0.00018290482256316454
498,0.04755816775068638,0.00913450255784966,0.9222092312454806,0.11422729390245924,1.909867525876581e-18,1.2644138856253094e-05
499,0.05738321547776073,0.012911580384272765,0.9038300904321684,0.11237863915754834,0.0,0.0
500,0.06578541751335916,0.01613075514947196,0.8903083784703821,0.11061706359116075,0.0,0.0
501,0.0667040635612288,0.016486545884701418,0.8877674215218854,0.10942219308671984,0.0,0.0
502,0.9742728976134608,0.10593248819897902,0.027374144099464582,0.16116051853684316,0.33687002536068533,0.6826663964822095
503,0.9802158402202948,0.11651359937977507,0.01996237565566571,0.1597482061256467,0.28870528066767603,0.7079799811708051
504,0.9762826088195393,0.13320974683622988,0.01379819985190441,0.1580968167145181,0.2303593027081965,0.7469889522586485
505,0.9582355696909519,0.15833111421325866,0.013490792384566167,0.15640591542515242,0.1810996225132607,0.7912318566363805
506,0.9217641732237424,0.1979038882476157,0.01633340343526966,0.15443871678246912,0.15279259122331038,0.8126193360826416
507,0.8482277277801239,0.2770330874986151,0.02295571475098941,0.1520179851806721,0.14294253629229195,0.7704606878790666
508,0.7205535905137936,0.3833792110025546,0.05802746559789038,0.14959671058623303,0.11598772656051819,0.6290313929747093
509,0.545372126586386,0.4423357754329611,0.16976957939685303,0.14697203899263492,0.08869355347377682,0.4178111384277833
510,0.36152309698521495,0.3998058343045874,0.362739588778004,0.1441649468452841,0.040550879218656855,0.21334667938277674
511,0.22648488059301594,0.27310500987596525,0.5706138625848481,0.14133515743577338,0.012986683477651011,0.0739344411612277
512,0.1625436147504728,0.14847047019224507,0.7053056037803715,0.13855699325776255,0.0016875811543975486,0.014546706951969508
513,0.15102540805449444,0.0967492034759914,0.7529828887454316,0.13591262996062015,7.558309025182602e-05,0.004922066789701535
514,0.15507561761870933,0.09384359673973826,0.7634537844258013,0.13337810257892288,0.00010877349083734457,0.006685083974669542
515,0.1407872476592801,0.0919877787118731,0.7920025778990231,0.130956905151573,0.00015832955191794537,0.006464626358351519
516,0.1056189512677942,0.07095573325549616,0.8445856460011814,0.1285613457644882,0.00012410905872228855,0.003804288933033328
517,0.08402737142790298,0.045335820360868515,0.8862110031037911,0.12622626437289886,0.00010435062406694869,0.0017057142861077884
518,0.09490662708180594,0.03701512987007006,0.8826631341764398,0.1239428306527383,0.00017050418822421896,0.001997659867788673
519,0.12192355756037747,0.042442438250631515,0.849833493287481,0.12182017982973813,0.0002273118777939124,0.002794656174304999
520,0.13415559155256526,0.044744759878536086,0.8405611829359654,0.11974880738642402,0.0003140043565759706,0.00261122973537791
521,0.10611645869227165,0.03336652369058465,0.8775365277819903,0.1177635198795982,0.0001651339265978822,0.0012588773337484087
522,0.07020611864714427,0.01880536338264561,0.9179448328034994,0.11586226702266005,0.00010043916514975705,0.00024647230579774874
523,0.05874312488663591,0.012351262981596755,0.9226131176460578,0.11404257688082778,2.9557538892569245e-05,3.649833701075665e-05
524,0.061368664058274236,0.01395764429453348,0.9033379506741005,0.11230168307072143,1.9843323616839445e-05,1.9040571990146623e-18
525,0.06469150232811972,0.015370811796810843,0.8905101170428633,0.11063662639373711,3.174926141578401e-18,0.0
526,0.0637364766705446,0.015808804444745018,0.8864693045020118,0.10904433526484378,0.0,0.0
527,0.9622802138871487,0.09999174848497004,0.032941721547239226,0.15923731418243187,0.4811956248137621,0.5923332070908889
528,0.9766872067290134,0.09550844104472485,0.027287580898056083,0.15795553902161336,0.42893395928923755,0.6342515358148231
529,0.988182412854363,0.10272392840899358,0.01942329646755343,0.15647743978721948,0.34726331137503674,0.6833019934880841
530,0.9839029274230889,0.12250996146819794,0.01332911143154311,0.1548873478851016,0.26156192390085536,0.7326046152790078
531,0.9639303440833265,0.15153335857745648,0.012141269607510207,0.15316088989789922,0.21578372208212912,0.7775249685102471
532,0.9221318304111281,0.2020098434364446,0.013951483683498318,0.15116759528413845,0.18777802810726915,0.789003804430451
533,0.837047652396353,0.2918685885457434,0.024727622352895332,0.14893117147133417,0.1610290514287611,0.7244009802860717
534,0.6879030106772404,0.3927331038636133,0.08273872836568782,0.14662947649739225,0.1135800062239614,0.5633210932438043
535,0.4912855900929408,0.4318107425604581,0.23003931427027288,0.14415672400839397,0.0770757595344008,0.34579670737485313
536,0.30469164006744,0.3687834702410558,0.4510131269886064,0.14156899322175173,0.030286723549168452,0.1548773361145419
537,0.18508893610591312,0.2365802004552575,0.6590198821134944,0.13900103839317682,0.006406910508237674,0.042536611775073556
538,0.1406976768403478,0.11884002602584665,0.782065707593558,0.1364544945245793,0.00040321976937085616,0.004407541247650385
539,0.13739617829423653,0.07000951288153125,0.8188104844192441,0.13405734344790388,1.5706732786395987e-05,0.0023535230632275197
540,0.14060198422427886,0.06831127006667347,0.8183876093406498,0.13175137651471727,2.212017616078687e-05,0.004037160884519487
541,0.13098220574112435,0.07561711697272872,0.820824183937955,0.12953987225904096,5.768772335571897e-05,0.004300912865045079
542,0.10909628719322521,0.071025213541546,0.8433964565433765,0.12739514179752054,0.0001364929877529524,0.0029867811876586495
543,0.0963453070016435,0.056624492951764936,0.8694327091461209,0.12524511880951497,0.00019547312859175594,0.0014629093868234221
544,0.1026887160448459,0.0444410866570458,0.8724949766748894,0.12316869891190828,0.000220873788359915,0.0009932046679251335
545,0.12187830455940682,0.0420670675070565,0.8544147741507238,0.12112956762843104,0.0001895443793045753,0.0012211146769677925
546,0.13033511186293054,0.040475495605082026,0.8483073705368459,0.11923871145144697,0.00019336893530549828,0.0011405290509888684
547,0.11108319895059446,0.032346083863482165,0.870946421080318,0.11738426409005816,0.00016012278739464982,0.0006603154392656104
548,0.0855942874221939,0.023862158032146533,0.8974702552691236,0.11560196793656194,0.00018402521006343777,0.00023140672112883368
549,0.07293625894318898,0.020634814546739766,0.9031608504963622,0.11389014167886007,0.00013553070481799292,4.3498553498267946e-05
550,0.06918787540231836,0.020424499020542972,0.8944192409493505,0.11224681541390794,0.00011874241677386907,1.5556022867780057e-18
551,0.06552822014898467,0.019064166001116364,0.8897137637198393,0.11066981358131962,1.9843323616838086e-05,0.0
552,0.06043752256372581,0.017844308485067076,0.8879328130630019,0.10915682230295642,2.418994762205355e-18,0.0
553,0.9529830059156051,0.11167027843234133,0.02940252110855069,0.1564062402582997,0.5173294514329859,0.5271242945124507
554,0.9652894423546649,0.10890916334479553,0.02559696550641641,0.15507970101497323,0.46935157833028984,0.5632639442394237
555,0.9817064289811055,0.11000483730964869,0.018227731794698797,0.15358785881358555,0.395218575682391,0.6271732536232948
556,0.979718862733059,0.12664325919956307,0.0135691446041414,0.15203852373289184,0.3064333282751524,0.6910376263761092
557,0.9584951294023528,0.15796152250070045,0.012151069956393062,0.15029989562277532,0.2589075477608983,0.744669150486726
558,0.9167917857644007,0.2121870744259223,0.013241108236623505,0.148348454309567,0.22338449134957802,0.7595406167805435
559,0.839136185445258,0.2932802921987035,0.025739629203780517,0.14626096515362255,0.17432056804128088,0.6982490836874031
560,0.6992678119987477,0.3680673089552084,0.09424001336537353,0.14407337616741855,0.11646566258234328,0.5414189794373969
561,0.5079789147788332,0.3819054920343483,0.2557333582905102,0.14174031364317835,0.07271416931610092,0.32665158670990463
562,0.3218337513023468,0.3115692927164904,0.4836298026186787,0.13934270033618962,0.03190747831139632,0.141400135555869
563,0.1937187579722772,0.19370936372087744,0.6850004661217046,0.13699539096698235,0.006684949576006532,0.03673446629939448
564,0.13901396282649356,0.0954162207727798,0.8026834240145017,0.1346661417353982,0.000438501843532301,0.0023972982953422515
565,0.12500575818273474,0.04914332703146613,0.8470647947517105,0.13244472510874744,5.830403915691121e-07,0.000577480139427578
566,0.11719584209355399,0.04281764696347295,0.8599272550635616,0.130332630175885,1.1660807831382531e-06,0.0013425189186234766
567,0.10784186551811649,0.05188938761126232,0.8613032647253986,0.12830012370710697,1.9833001503291067e-05,0.0018546945408043202
568,0.09734809545086279,0.057776259702782225,0.864146982341568,0.1263485198121341,0.00013073297792577602,0.0016974199510841814
569,0.09302232440614992,0.053810633153102284,0.8706056287376109,0.12438651068801498,0.00020722173748515896,0.0010385360913767936
570,0.09815500674666695,0.04471807292189642,0.8714305345291653,0.12245867103303383,0.00025130338495775716,0.0006312121067120462
571,0.10991109289532137,0.03870715518024407,0.8660865590252774,0.12055884162063904,0.00018896138255764826,0.0005929508033843965
572,0.11316019168598879,0.034246125116075235,0.8678688403388101,0.11879265269934122,0.00016822365695660926,0.0005354945062390606
573,0.10206495845168086,0.028691019329260038,0.880935993883508,0.11705442465461126,0.00013199110847251263,0.0003677032912397124
574,0.08887989204696742,0.02588807603484542,0.8903443714015659,0.11537853220065729,0.0001889736168438576,0.00015310662290291967
575,0.08121753501889273,0.026230459716527002,0.888822139242745,0.11376386497084624,0.00015553277502378064,3.159818769092359e-05
576,0.07636669443436793,0.026874156532471938,0.8855362218151672,0.11220904094624815,0.00014938050539037957,1.5556027047279046e-18
577,0.06990824794385939,0.025904299956223804,0.8907107970366832,0.11071247384855074,2.4855180920514784e-05,0.0
578,0.9407332726357723,0.1443060267529866,0.023663971956596353,0.15385641813330236,0.5713394716769319,0.4528888705058495
579,0.9604229940713785,0.12743003410980797,0.020867305393862747,0.15250177701819664,0.5286418368358389,0.4988467511314453
580,0.9774411285710791,0.12191934552628976,0.015780320783114185,0.15105440584548077,0.4668239732694169,0.5695419520446895
581,0.9756227819744392,0.1346608616496679,0.012587965678298712,0.1494960345845756,0.38932249966338917,0.6438186575237499
582,0.951283957235424,0.16962928138687955,0.011632257502430755,0.14777963517621304,0.3335897824906243,0.7018193158197071
583,0.9080686558321053,0.2232857045814475,0.014507177254794926,0.14590161338110083,0.26429561554212955,0.7193725082685367
584,0.8385932481235899,0.28729564993972473,0.028336605847338592,0.14393562037534302,0.1798270315428187,0.6603054270425547
585,0.718787173387219,0.3358563789033217,0.0902239504255865,0.14185540866494736,0.12194591467223603,0.5120468897399408
586,0.5501575199674712,0.3324424774617133,0.2374974169956612,0.1396502278327699,0.08283784522937154,0.31465495560740875
587,0.370802569864618,0.2665770319571494,0.45508478369005645,0.13741843851485414,0.04952995016233234,0.14206848885263124
588,0.2264582510339494,0.1697294031873151,0.6610348254982238,0.13525887151083982,0.015014078393310447,0.04072914023348176
589,0.14650264617496433,0.08694436867628559,0.7917245649267799,0.1331146637978296,0.0013524908315605763,0.0048492588578361775
590,0.1153062049654763,0.04178585412454156,0.8517386617582137,0.13103458448484873,1.9051049839297946e-05,0.0003046735825098267
591,0.09615391958222523,0.028437710322200244,0.8808698420846648,0.12908832797488176,2.1557766923416833e-05,0.00039702689491775213
592,0.08325297762667908,0.031068560403372608,0.8977716562737514,0.12720981269253764,4.4206958088407956e-05,0.0006345966292769678
593,0.07561506293606392,0.03683989000644312,0.9026529015109624,0.12540043409846208,0.00011636628823965026,0.0006939021808655425
594,0.07313499290639663,0.03753659719887883,0.9011851212378799,0.12363122942062828,0.0001843316593833572,0.0005909312843985804
595,0.07823916342284892,0.03596330472192561,0.8963682927346143,0.1218334949417174,0.00020093629593278476,0.0004760366978304014
596,0.08523592398650776,0.03203139259565734,0.8927135738617121,0.12008982795979849,0.00011481156475201632,0.0003839715183516757
597,0.0850369985145547,0.0274910044203662,0.8956757733609049,0.11829516087293039,5.907995586572495e-05,0.00029454878619296755
598,0.0812163832597495,0.02336679555475504,0.903189881988854,0.1167661464417981,3.870093743368226e-05,0.00016355343293497594
599,0.0774714877009568,0.022370401641257396,0.9031392286261328,0.11518576364911222,0.00011616362096795256,5.130202361181278e-05
600,0.0763338814835974,0.024556941615513146,0.8951655753542731,0.11365886527854174,0.00013255337280513896,9.722521084440367e-06
601,0.07580174484264915,0.027772528521230817,0.8982414076616189,0.11218450339109061,0.0001395382117965065,0.0
602,0.0705729957868769,0.030120361733578887,0.8989700307840625,0.11076153516697408,4.8831689700206296e-05,0.0
603,0.9194995801416127,0.1691632979355524,0.019704643567815802,0.15278272022382805,0.5920851346355559,0.38391208504366614
604,0.9364226936670251,0.16105008579402347,0.018492686689890705,0.1515484402563307,0.5987814444776972,0.40736358859830807
605,0.9624360393370875,0.13820921487957638,0.014833203422796183,0.15019616516565484,0.5742876948344157,0.45877053749124663
606,0.9794497844854172,0.12789141114621416,0.012242949243379441,0.1487784437543006,0.5256358832134418,0.5306892197184576
607,0.9770844184367348,0.1391975221524394,0.00967296305481257,0.14722628222242606,0.46191144694384006,0.6058865512945719
608,0.9516904333390829,0.1737414259802834,0.009946120893110325,0.1455484453198104,0.40463913891764414,0.6567207696215526
609,0.9035188668029461,0.22288583082534383,0.016644333077720817,0.14376300679825094,0.31457391880948776,0.6562543893637318
610,0.8233993629691972,0.27187984849045044,0.032175925015464554,0.14189716906373073,0.2088892582630357,0.5792148237172758
611,0.7016177227045185,0.30156081445234184,0.07652085082592887,0.13991718522745866,0.14093663697580938,0.4349670803299894
612,0.5410801423460778,0.29248261124454283,0.19119892379668624,0.1378288655653891,0.09522352662780065,0.26322611312884225
613,0.36996369550261193,0.23781157581090065,0.389160973658514,0.13574264925523333,0.05937249711131293,0.11825283097254273
614,0.22797950198705652,0.16021001181212965,0.6100906488968765,0.13374432773700326,0.021113394828262706,0.03495960443755853
615,0.1410062767532075,0.08675285359661261,0.76865374465404,0.13175917998002173,0.0024023750523555474,0.0060637835711830216
616,0.1008326557360004,0.03975119352127654,0.8442295315912961,0.12979415461721466,0.00011982104613916042,0.0003455398185786139
617,0.08236423354078257,0.022823802611081093,0.8795458389349833,0.12799093272015613,0.00016143254572479276,0.0002164117687850123
618,0.06920377791832454,0.020776813548996003,0.8993452732402522,0.12624591580552036,0.0001769741844270058,0.0002714261997154385
619,0.06062106705186673,0.022357499743264755,0.9169003859425656,0.12456050461851662,5.251523195413352e-05,0.0003254374945566622
620,0.04949050815871842,0.02141042024074684,0.9249514169718748,0.12293522399917632,4.0371783505497335e-05,0.0002756852325813558
621,0.048770335886155564,0.021758495309952598,0.9236636755816655,0.12128028591404942,3.995789579431908e-05,0.00020233622746983876
622,0.056156744666440495,0.021953124078335134,0.9232898845054412,0.11964383277446297,1.9845505565233324e-05,0.0001342298332598259
623,0.05791071232661356,0.020534501204214566,0.9206766148335747,0.11802137275650289,6.5030279164776905e-06,7.218238393151799e-05
624,0.05807112519045593,0.017525872310556787,0.9265012427500716,0.11647824143269339,3.661481559031439e-18,1.7735771114741154e-05
625,0.05775801185216046,0.014943349774606773,0.9283920473609172,0.11501861420917668,1.7620871371759542e-05,1.5556022867778855e-18
626,0.05926428587217819,0.015683157427053417,0.9225782360686308,0.11357124652461247,1.8097111138561268e-05,0.0
627,0.06320559956468487,0.020312479898741877,0.9191683025364173,0.11217022109024889,2.4923214462755567e-05,0.0
628,0.06195967222434824,0.02337725538992491,0.9157583737997141,0.11081472915754388,1.8989117047086156e-05,0.0
629,0.9279141839156468,0.16344315875197662,0.02015973398423883,0.1507019479888518,0.5905751325032395,0.38368327227161975
630,0.9425145943320096,0.15290462797653762,0.018421570103546562,0.14945968460043185,0.620226507074243,0.40053191226167995
631,0.9653957800698929,0.1332738940068902,0.014375019743174447,0.14813881253112343,0.6093331516298603,0.4500680527019425
632,0.9804597976972013,0.1263134397238826,0.011813956748146552,0.1467252037455867,0.57788650221905,0.5204423772068654
633,0.9779714695134075,0.14034762144908675,0.008716713974906648,0.14519849210774674,0.5341327596709262,0.5832949275879741
634,0.9547919437507029,0.17058758494817616,0.010240923972642353,0.1435659944740094,0.46784460139398615,0.6117553602986017
635,0.9046301249512275,0.21141065459299493,0.020244667474385886,0.14188123951152554,0.3516441200918025,0.5814154500341095
636,0.803943047490033,0.2462284458426004,0.03626466640432876,0.1400988470440811,0.22138103253865882,0.48135959802423917
637,0.6548881401791595,0.2596041380367291,0.061930476565471515,0.13821199149751096,0.1398358076071479,0.3355660202342036
638,0.47951528603930826,0.2465616273969522,0.14068301354550078,0.13623044469246354,0.08836830724486046,0.18615079385654545
639,0.30877135491096525,0.19958061525087634,0.31587893185046717,0.13427282953415084,0.051608249750396455,0.07445081424987741
640,0.1881556404277481,0.13561557885892983,0.5493706203823604,0.13241421791783747,0.020157586373428734,0.021287115619231356
641,0.12072563259308522,0.07628685898735636,0.7372006740247227,0.13056699966948507,0.002433147603282871,0.004751897387543833
642,0.08815212543646785,0.03559445981031435,0.8296456332895257,0.12873695001720678,0.0001619338883394332,0.00034953235601562833
643,0.07830828976025087,0.021807093109034597,0.8633060824081743,0.12701786187615366,0.00026019718520251586,0.00027650399606513255
644,0.07036033837261128,0.018466699287500058,0.8913981956458991,0.12538943211114048,0.00027656711743799815,0.0002721542403372492
645,0.030653905466337728,0.013075945482870305,0.9386222585985003,0.12078837044742638,4.344598255637922e-06,3.3991203698634105e-05
646,0.03774574062303364,0.017393022977597882,0.935987385479368,0.11924739680049878,1.2396174091017222e-06,1.6169110814407195e-05
647,0.04305704604326557,0.01924618102351672,0.9347147151946609,0.11774765558293178,1.9833869974636764e-19,3.263996204913923e-06
648,0.043960216519491356,0.01547735909062431,0.9387463591688384,0.11619058527285289,0.0,0.0
649,0.04080653272522822,0.010040633326029811,0.9495852030223676,0.11487296546301191,0.0,0.0
650,0.03966106122551083,0.007021990882972389,0.9477355338483947,0.11349789079060835,0.0,0.0
651,0.044223044528960385,0.009795984298483348,0.9430029592726189,0.11216388294667161,0.0,0.0
652,0.9284870033726749,0.1539240885011708,0.02411763322692171,0.1488029129032494,0.5406132212837214,0.37481918396214503
653,0.9369948475178459,0.1420596646997509,0.023519586879286902,0.14757073372575033,0.557701112112965,0.39226982254579396
654,0.9534206369289879,0.12938599996747738,0.021774840884148626,0.1462705111101582,0.5646984483286742,0.446417163217296
655,0.9615470038790487,0.1296488087490517,0.019583169194217345,0.144872052411819,0.5386475468509779,0.509338711939444
656,0.9585867965786697,0.145642941636835,0.017269370873556095,0.14337888043948643,0.4864567702256978,0.5511823570526247
657,0.9427368267002891,0.16790438045889994,0.01845335542058018,0.1418009202723746,0.4037372031312871,0.5543378276738109
658,0.9023436261151109,0.19621917300199468,0.026784710476057964,0.1402149806876863,0.31226312793775346,0.5049933995695699
659,0.7956480788161161,0.2167358696000927,0.038330182197479565,0.1385028356227255,0.2135722194041054,0.40207103642057296
660,0.6165932658746858,0.2154945512132317,0.048537471261586175,0.136702311444985,0.1382432268870223,0.26265536574803916
661,0.405622268513252,0.19202955298176294,0.09700156057358655,0.13481840450664384,0.06754150128291604,0.12423369908405467
662,0.22536201824777166,0.15060171608682624,0.24804449845926405,0.13297507811415374,0.027567650330313866,0.03666985837023615
663,0.13398398079635485,0.09983991414047398,0.48131880344420364,0.13123850593391595,0.010534296567607336,0.008491866369403285
664,0.09965956643955257,0.058989127885543995,0.6908658573265857,0.12951186525276184,0.0013162291035281517,0.0024771055495534117
665,0.08279011101583524,0.03230481154442529,0.8079111078469092,0.12780000575089773,0.00016544328824644728,0.0009904741558672272
666,0.079996599981462,0.021652110694576437,0.8361698298727669,0.12615056553638243,0.00026871999658840186,0.0011664043052479636
667,0.03452418141513744,0.01820165311630337,0.9408240744138943,0.11889338961100807,1.5111516961592228e-19,5.06517201399085e-06
668,0.03792904192898659,0.01889801298655377,0.9407311773879752,0.11747406628279662,0.0,5.966443252443458e-19
669,0.03853522205624687,0.01611615775388443,0.9473249001303993,0.11606011561562506,0.0,0.0
670,0.030427369685573212,0.008001272597293475,0.956884110119605,0.11464825262946511,0.0,0.0
671,0.025457740764442748,0.005256206764718655,0.962260438318415,0.11343629385237229,0.0,0.0
672,0.030787079682990107,0.005538619230886455,0.9538649928921855,0.11216369231088974,0.0,0.0
673,0.9115875365479439,0.15837651940565264,0.02796848165704091,0.1470695947614011,0.4668847618981545,0.3458035362848462
674,0.9151299070215909,0.1479379455906665,0.029946774258852702,0.14585896211788266,0.4613238780224732,0.36624641376428796
675,0.9175941303113035,0.1475755281237019,0.03259688670231774,0.14456927075007547,0.48489639780981986,0.4200247585483769
676,0.9110357491302052,0.15795279090958245,0.032855978899208646,0.14319649314751765,0.4560318512881616,0.47402162391565045
677,0.9062064544236353,0.17402016180623892,0.032799061054238764,0.14173907634839344,0.39307344553884943,0.5024337596214163
678,0.9035750392424972,0.18493126682191413,0.03142336072198076,0.1402302560922653,0.3011779357112701,0.49535941274681694
679,0.8920126453282208,0.19095584640025723,0.034354884305940074,0.1387248006167136,0.24814852177864768,0.45143348007441353
680,0.8111990995211661,0.1917913479047883,0.03894530382598786,0.13707840923360085,0.19348205120216178,0.3719096048768613
681,0.6354279886716606,0.18208963345762355,0.04909915986141484,0.13535784638815226,0.14123506030485325,0.25656771521245
682,0.3932474964037543,0.15499738430997873,0.11046607323068487,0.13356336210100378,0.05022268596967836,0.12326811699018374
683,0.17159184436061994,0.10737463026789659,0.2520688114030606,0.13182217600925344,0.009311222153782241,0.021987553111640794
684,0.09645930561943925,0.066702994889785,0.44836075266937553,0.13019300805248987,0.0018843929328590118,0.002168772862941127
685,0.09024849622814282,0.044539664300627335,0.6207224470550824,0.12857256123780142,0.00011063525910851593,0.0017095935521185522
686,0.08316962713454022,0.03065368459867345,0.7291113211265692,0.12696494586607102,2.4565827424356376e-05,0.0020351549509913026
687,0.08114292054294232,0.024902341521314833,0.7876198291190429,0.12537375484103747,7.911394551495396e-05,0.0024957664325605347
688,0.022976458169810858,0.0038948535645214216,0.9636003275110278,0.11335278105280809,0.0,0.0
689,0.8887735132090093,0.17762399750627586,0.03098478055701801,0.14428998216197877,0.329623336044172,0.31188043606464455
690,0.8736016830599406,0.18463865562506535,0.037364925938313254,0.1430195845606554,0.34357483385567533,0.3688516057551781
691,0.8522310663723848,0.20437687146256844,0.04154850028593695,0.1416758192117549,0.3090885960395808,0.42594417923850114
692,0.8462220373694864,0.2184286113704673,0.04324614094309379,0.14026369140307046,0.2568712128164276,0.45957277411186537
693,0.8580220206704909,0.21745085832784888,0.03835961068900047,0.13882290355229449,0.19154488651463297,0.4607383292764443
694,0.8813059023496839,0.19967016112507352,0.03551454581815477,0.1373807339122656,0.18317545453264616,0.44680007068467514
695,0.8389492119663369,0.18454571991137375,0.0381307549786483,0.13580046180739128,0.18574589930647178,0.39526539709091435
696,0.7049730966988121,0.17293191117932172,0.04570750699888033,0.13415396643008504,0.1689653842895847,0.3035366309775586
697,0.0919248930028299,0.04555000025051448,0.45279806919056553,0.1292581156430592,0.0002776473609074375,0.0017154083104259047
698,0.09213510979167978,0.03926425663826078,0.5821206005007812,0.12773183217668763,1.770164815427845e-17,0.0025833906765216977
699,0.08581474235088682,0.03403558128681492,0.6625547117078332,0.12621677223140493,0.0,0.0032560863227121943
700,0.08305038754294707,0.032354095433131114,0.7021967546589306,0.1247160305306518,4.529782362460614e-18,0.0038268318828749365
701,0.8867805347636822,0.20225602586250258,0.021571765578484767,0.1440335122207869,0.30412277854474556,0.19751282481031543
702,0.880124536574421,0.2018496227941065,0.02640399439681501,0.14285002156336263,0.2748988765835573,0.245729574255133
703,0.854865657538624,0.21123585186261126,0.03427718912743927,0.1416042515013906,0.2747775940126486,0.31374227807069216
704,0.8273444060861651,0.23230115040009255,0.03978995245232113,0.14029073732026376,0.25351420095016475,0.3846706019688837
705,0.8197027321328834,0.24634364949503504,0.03976618965805577,0.1389280278278263,0.23454009005648588,0.4387931977795736
706,0.842564617761711,0.23491208488371246,0.03179096777469309,0.1375555812550951,0.19951588460539357,0.46652709368754247
707,0.8828816428208248,0.20895729305626445,0.030359402300100678,0.13616674158783645,0.1903162821538444,0.48601883745325336
708,0.09625534839472036,0.03983412532376227,0.568077256644785,0.12697554640087588,0.0,0.004024964687253746
709,0.08348980079559248,0.03785864035259205,0.6221571952150929,0.1255431640343138,0.0,0.004155261273071465
710,0.07820705254455834,0.036873683375339306,0.6525705912532059,0.12412335066682949,0.0,0.003798167255573569
711,0.9055875448573127,0.19697512302941492,0.016533950111113548,0.14269070943798198,0.3369631366862759,0.18214951579965163
712,0.8955765574213866,0.1948643899459746,0.02128603950939794,0.14152817715122895,0.3036388419825768,0.2139739408223497
713,0.8712898835513988,0.20236489226796758,0.028567457372688,0.14030752637785424,0.2758265693399078,0.278813655450382
714,0.84729509911528,0.22205775805193978,0.03179247780942539,0.13902481909526976,0.2556689397653081,0.3647805092273958
715,0.842391414867307,0.23823096525080723,0.028005458612785895,0.13771394157366443,0.25842376679801715,0.4477998632046794
716,0.8670095005136442,0.2311520049435521,0.024340952417277694,0.13640906361227037,0.2546038513579065,0.5041539698879156
717,0.9002379830230609,0.21510202072512913,0.022212257150307085,0.13506548873574523,0.2362590144391135,0.5397006356702754
718,0.07475184866066208,0.03839353508600024,0.627355919170457,0.12358692013750656,0.0,0.0037123320090631366
719,0.9266480870204565,0.17863173229363602,0.014821906539347427,0.14145014645696183,0.405274796401177,0.1906599120646703
720,0.9158169948519364,0.16979686850711745,0.01889184345104911,0.1403106977026548,0.36331555592706866,0.2117693869962731
721,0.9020719316883317,0.16977991694726968,0.024791189032001507,0.13911586751640853,0.3430341627828372,0.2743916035768299
722,0.8930791345796463,0.1803981754041614,0.02497888256444662,0.13787503937181878,0.3312909248416822,0.3683984966675583
723,0.8946109005843654,0.19550622747689067,0.022150707624672035,0.13660616393517647,0.3337317095539701,0.46534028811496503
724,0.8998545665915737,0.2089425881200503,0.0190110591086843,0.1353673726000737,0.3128313014123144,0.5293247241603871
725,0.930773907884656,0.16306501688713101,0.014735018282148998,0.1403039483630988,0.47554088469202865,0.20267439210114288
726,0.9205770546197373,0.15638863515231388,0.018874246819350717,0.13918633578867232,0.47402380725373056,0.22300868463242485
727,0.9184075378549895,0.1478219297151104,0.023623201915716253,0.1380175988189769,0.4446895841170982,0.2811350313493074
728,0.9254251779237288,0.14380965808324564,0.02373054239611873,0.13682055972886506,0.40174540862589936,0.37592282416351636
729,0.9343368780322631,0.14596094761792494,0.02135111600633924,0.13559178239486736,0.38813242586568,0.4563049621604607
730,0.919783651188256,0.14942335381926874,0.01942866148232147,0.13814530729851834,0.5577871576526697,0.22033549364049193
731,0.9180965643604164,0.14185825582791114,0.02500834884770064,0.13700262317724296,0.5371334109218656,0.2694601956411611
732,0.9245005225151197,0.13160915484521565,0.02609434273130433,0.13585039746674002,0.48408824887130064,0.34863317535770716
733,0.9400690528015125,0.1331334073528879,0.024771657646092626,0.13465982270075838,0.4614879777612268,0.4240374188475804
734,0.9488771488907021,0.14275659132615498,0.015176230228978798,0.1382521102802833,0.8111601993527725,0.1619433616781532
735,0.9287695752852754,0.14425432952954204,0.020421070731072577,0.13717907954994032,0.7086455800503086,0.1907722235735828
736,0.9138014735758397,0.1409167302310367,0.026400761318421066,0.13607422538542843,0.6601629213822025,0.23523404867713962
737,0.9050227711528606,0.1358426317392512,0.02882928202084112,0.13495513638516315,0.5637892044964489,0.28171295660890244
738,0.9598693896685594,0.13012558162041432,0.018211186248683866,0.13733096332476777,0.8943254277301738,0.14415293261567244
739,0.9372576718936214,0.13098430668864455,0.021691822373040053,0.13628019077559786,0.8052241293820591,0.16019137575584702
740,0.9158957911959209,0.13242681425195577,0.026587636250044837,0.13521403324871897,0.7414167879182069,0.19263950838962343
741,0.896471545699593,0.13295037293737164,0.03116161515033627,0.13412666800830866,0.6426460811781237,0.21997328797443372
742,0.9581579487201761,0.1210632261304441,0.02214073956518803,0.13647085606039713,0.9274516067979715,0.1389189455787562
743,0.9373521001171689,0.1159932150329971,0.024707957615843976,0.1354420969734948,0.8657199139990842,0.15074274546958308
744,0.9228757331400615,0.11890506608185107,0.027517942467897724,0.1344150109259142,0.8353501637661135,0.1659470077956621
745,0.9176557032138385,0.11444506502554012,0.027014681932282392,0.13467137550005473,0.8102233640253648,0.16791172853971925
746,0.9130446534309367,0.11603321100293319,0.029065127947347207,0.13367102955747334,0.8039920648197072,0.17120215204496825
747,0.900595925543671,0.1112288251360058,0.02841645095596288,0.13395140234838232,0.6605039562101269,0.1903115378517759
748,0.8921372099233196,0.10945387807067428,0.02935865519257411,0.13327745111213063,0.5976273129891774,0.20245559798479984
