fid,BUILT_AREA_BLOCK,NAT_AREA,INDUSTRIAL_AREA_SURR
1,0.07824431295118686,0.0475346319131609,0.05192045920280854
2,0.06172441014587789,0.06765290688281062,0.04365262965875783
3,0.07003063369738388,0.05075856503057799,0.04851918588986298
4,0.08053141135315806,0.043408109958096616,0.054884832510149535
5,0.08590091042841211,0.050154728962913966,0.06377115950202226
6,0.29256385074726843,0.3174396303473046,0.1777370895955722
7,0.26967733362655605,0.29154537613367937,0.14421504097716367
8,0.2582864159040865,0.26712168929648045,0.12058089943619421
9,0.06251686632292482,0.19121867702392686,0.045583546245427514
10,0.06310757895727909,0.12233701819666283,0.04221854105125447
11,0.06755545873715897,0.05913568827146674,0.04701521509362877
12,0.07754427407975394,0.04253201061794389,0.054251421666374186
13,0.0870530068358188,0.03904406351785083,0.06137440580369238
14,0.09286199875184913,0.0497748694377925,0.0789512696013797
15,0.349809730400285,0.4012649692047587,0.26350366920742085
16,0.3118845976260245,0.3619576203418553,0.19167622822036665
17,0.28348609255465285,0.3348988135873669,0.14644204743604938
18,0.25918634764953213,0.3124537142559072,0.1165028201946371
19,0.23718794957831169,0.30724623056366807,0.09163395280475718
20,0.0699456180789299,0.2505947781867849,0.05756100613787764
21,0.06808614640016268,0.19786206708554455,0.04990463843916035
22,0.07041432126383022,0.11754364202536838,0.05231795123041818
23,0.08079677129342373,0.04985344400838486,0.0589103850810559
24,0.09764837777817373,0.03791632176120059,0.07098587783300986
25,0.11155557207824615,0.035702365773101284,0.08357388657101425
26,0.4782257946780839,0.40797031076365703,0.4513871474062646
27,0.4659179835797438,0.44768188262919817,0.4026092373443809
28,0.4116781202567621,0.4370097651546277,0.3164117380614132
29,0.35530000322189825,0.4373951136942915,0.22544626009201282
30,0.3043292305578483,0.4522015010698204,0.15128303241335697
31,0.26399873166238097,0.4443136772919888,0.11412924013478158
32,0.22331846859439589,0.4252225517254974,0.0824612823062514
33,0.17244796395577316,0.43693591390685016,0.055750617027339126
34,0.1441820833039829,0.4824193021353501,0.04519256363367132
35,0.07844486333393265,0.2143242640516082,0.07489841152634384
36,0.0821834673440863,0.18112508591594173,0.07048783472252844
37,0.08537023170265684,0.09054029726324032,0.07150133149495193
38,0.09957970915660865,0.0488212509087771,0.07787083923955586
39,0.12553492559504356,0.04626875810113016,0.09512142105386501
40,0.15238979935232153,0.06358140621088788,0.11507101793457841
41,0.18781313501113966,0.11017117652530266,0.1578525911225222
42,0.4385901153075606,0.29282857642116833,0.39997288133385467
43,0.5119509390455972,0.3505089981483166,0.4589665735133384
44,0.540308988329879,0.3901526932070556,0.44214050602986266
45,0.5030567296369849,0.41938770939211495,0.3596508760856829
46,0.42045217077597963,0.45850812495198384,0.2589174063037102
47,0.3366945270471579,0.5324434491559102,0.16482242616981818
48,0.2682874590105825,0.584979736619863,0.11135386060922187
49,0.2084587225231691,0.5893522535533562,0.0741250276985068
50,0.1554770335170285,0.5792239328861355,0.04730273840703608
51,0.1204356926862265,0.5812741902856616,0.039990162971915634
52,0.1110655812082426,0.12317495364323902,0.10240602764809684
53,0.10882050737222702,0.07415291392917009,0.099277748068721
54,0.12061124522710168,0.061838414946748056,0.1008035952391567
55,0.14930193678516626,0.07692878531386314,0.11320756235836174
56,0.182529940827148,0.11005736621077274,0.1363136078527775
57,0.22384861693911343,0.13992628915347077,0.18490813367749362
58,0.31407114057017077,0.17300429197371697,0.27844496864221546
59,0.45115999932251877,0.20848868084272892,0.39314851412024276
60,0.5683044263326972,0.2515874063530527,0.4595274997454271
61,0.6139385953891618,0.3036264107320284,0.4760715125488345
62,0.5709799224181423,0.3637477832740994,0.3962400228689596
63,0.4746653065670621,0.4347071342442447,0.2817997863675981
64,0.37102909533992906,0.540637926056737,0.1801957006616027
65,0.2786444542686774,0.6427002555001038,0.1145395568730195
66,0.19704414289706335,0.7081911272591027,0.06981126817267316
67,0.1389460204695166,0.7089211710544705,0.04235744943520059
68,0.10391545830728113,0.6765097277839014,0.0301859512188712
69,0.1732035733358405,0.0944998264960855,0.1449332911384544
70,0.14317875387909262,0.08175557796679485,0.13382727945225897
71,0.12949434614734678,0.07802022520527736,0.1202784611637271
72,0.13363507154970036,0.09246945029749705,0.11212937970243571
73,0.15700698239025793,0.12622581681796918,0.11719505956448255
74,0.19011046733053127,0.15142861563265128,0.1385197958049084
75,0.24175118138512566,0.1524542957455492,0.20066918633913458
76,0.33802283465533894,0.13911332660420386,0.2964419086137553
77,0.4863800626978051,0.13839407584609978,0.405135960586957
78,0.612848891086335,0.17121052019648425,0.48859652558326994
79,0.6375588178587496,0.2505084195945828,0.4831463514739064
80,0.5789607280315434,0.3410282740691919,0.39932230954926035
81,0.48524079145452437,0.42774722832447576,0.2876194240012446
82,0.39213839979454146,0.5299595273416953,0.19164087621033207
83,0.2894671360801638,0.6260446329282416,0.12206971663474393
84,0.19460595950911905,0.7129222763583508,0.06870566885239614
85,0.12987410431270066,0.769895495510415,0.039367670921043
86,0.10632286800633176,0.7851747567320119,0.026637812645546616
87,0.23177996350548546,0.16971092038638513,0.15218195756875014
88,0.19608043435240677,0.09691465033003463,0.15253070456182005
89,0.16039228735718786,0.0755654664879153,0.14120749293500973
90,0.13750104524805395,0.08694034022582989,0.12543707702275456
91,0.13394599202627797,0.11957533931384101,0.10878942845651751
92,0.15207015578918803,0.15140493038593542,0.11123837683854172
93,0.184174359839322,0.1585279713529297,0.13568611227372937
94,0.24949121416122405,0.13343767813790378,0.2093045480436318
95,0.3698628601341957,0.09986697988926381,0.3271603131977585
96,0.525903549619918,0.09454516927501998,0.45304775573637085
97,0.6307362908060155,0.1400268371631765,0.5139788483438364
98,0.6254654869142513,0.22684498080191734,0.48393986344446777
99,0.5526330716639504,0.3224575169940188,0.39352623648557894
100,0.474818203340246,0.42121480559589275,0.29506871832726594
101,0.3956590671869431,0.5308458979688447,0.20385606150546878
102,0.2855896724396347,0.6191231109907207,0.12212061526089799
103,0.18080005079852668,0.6905561725688842,0.06423604950775152
104,0.194333039352416,0.2574085023419352,0.11987113144750713
105,0.18896566875793328,0.14417404693156557,0.13608539284064491
106,0.16464695351202066,0.08903392077103771,0.13564327823291064
107,0.14409564318323648,0.09153354997307693,0.12472381684471118
108,0.1403792179786224,0.12065852928353539,0.11345563400381427
109,0.15653163126078434,0.13897100972374868,0.12112377601344258
110,0.1949618045823341,0.12749346422595176,0.1638216528492439
111,0.2888553539320293,0.09256635226938298,0.27445148762145233
112,0.4404680984545727,0.06701947381162306,0.4278787856735777
113,0.594199645886416,0.07989878889686682,0.5527455735978616
114,0.6665048725081566,0.12695131991282585,0.5782450000914628
115,0.633375016217275,0.20135826430717388,0.5112419253701175
116,0.5547534527440923,0.2903157926976805,0.40208271754666836
117,0.47352669331545444,0.4033243433253812,0.301717129036213
118,0.37825811480997257,0.5451717447722004,0.20132971703184355
119,0.24861352741234094,0.6442347397304782,0.11165192428892591
120,0.13928130154403734,0.6965394341599441,0.051477655627095546
121,0.09120596600697173,0.7480856881923303,0.023254027348916226
122,0.06779961669804548,0.6390448082071624,0.04012587239074959
123,0.0907644799140898,0.5504109331059168,0.059253489809484874
124,0.13401451390785518,0.3709770644896626,0.08465961657756604
125,0.15781415605253166,0.2111035140082702,0.1072348348042693
126,0.16407939019212595,0.11585415157701161,0.12100104411617207
127,0.16465661494043415,0.0896333351312604,0.1265407022437381
128,0.16945663089035665,0.09957221721561546,0.13072899033516663
129,0.1852507495319955,0.10085217981936362,0.15129564805878826
130,0.23962767295819964,0.08163849356556623,0.22434203873452835
131,0.37822278183852714,0.055172128324320856,0.38025624087795185
132,0.5708496407141785,0.05035376197757918,0.5714135237409982
133,0.7221532731910679,0.06983392855319652,0.6891460736343119
134,0.7596506263463304,0.108009476638846,0.6737955332517728
135,0.7011860229709441,0.17024025984925337,0.5647386894052667
136,0.6035531160957834,0.25867944450501723,0.4300287105654731
137,0.484279128940597,0.3956611973316003,0.3116060495902879
138,0.3408378957892752,0.5677954545169955,0.1903212949066081
139,0.1971105858978393,0.6860184803286067,0.08510743255933864
140,0.10470910229395583,0.7302776284750544,0.03759777333434098
141,0.07401091074678462,0.7749110921462309,0.016448401405560018
142,0.05616880719325146,0.8424744417501489,0.011328631570015452
143,0.05141983222260031,0.7116242726699078,0.021477354931386975
144,0.06567500091154663,0.6079330349870367,0.03540569822817142
145,0.09632181591957394,0.44185782429096704,0.0568687718511271
146,0.1309948754662143,0.26213640603645194,0.08206507417470503
147,0.16174525982145568,0.1395423428172184,0.11322153812077514
148,0.18463848120606977,0.08884347409810042,0.13402381710513853
149,0.19681770796367135,0.07722751392675431,0.15112094438568405
150,0.21316048523033837,0.06893575789514104,0.18271187521009605
151,0.2867663405842274,0.054270042632947664,0.28777958520476626
152,0.46924252958436313,0.04310639794819214,0.48853013258926403
153,0.7023431808159692,0.04195952470909842,0.7102256051378131
154,0.8579959984782664,0.054332556297621855,0.820219091306476
155,0.8713757372080926,0.08838426675853282,0.7673472387082925
156,0.7822452993001033,0.14948307845427142,0.6176082685039167
157,0.6495450657982476,0.24902626854779986,0.4565679249994537
158,0.48143654106936123,0.40705274659256296,0.31562183920542436
159,0.30246707053426797,0.5851207550503309,0.17938110234389298
160,0.16206380297252398,0.6918671363519301,0.07261715783986876
161,0.09382304693756963,0.7185346707860701,0.02040504127390852
162,0.07150535060558676,0.7544563687830764,0.014230352997817056
163,0.05280415487508653,0.8234119466049754,0.01111384756083582
164,0.034884472414049766,0.8750683096970499,0.009178583111448951
165,0.03504276074748834,0.7667067017034613,0.01400344239118754
166,0.04360094650821752,0.714686770789615,0.015614947601208393
167,0.054624891110697876,0.6189045670676485,0.023288717976308434
168,0.08016024179974901,0.4426598427466668,0.03700565850369777
169,0.11895599870983058,0.2706190201259939,0.065890430846976
170,0.15875092406220734,0.14888107275135473,0.10471718344584569
171,0.1866008530371064,0.08954221065079465,0.13345427956492562
172,0.1972373412028514,0.06279105176248043,0.15455597918029243
173,0.2149696033939117,0.049800396269103174,0.19342951443204823
174,0.29921634552663173,0.04418235132058454,0.31246361656863775
175,0.49419534087839456,0.04100301864320729,0.5275597458726666
176,0.7376479026823217,0.03606631323624557,0.7579850341675874
177,0.8981457225818386,0.0392510461524061,0.8644989058544162
178,0.9064321159118311,0.06843633312751414,0.7969706674388191
179,0.8006815854432909,0.1310074086090415,0.626802405469645
180,0.6453885185008548,0.2366334157219178,0.45196758961513406
181,0.46280507736527154,0.40307020966892015,0.3047714927530929
182,0.28386622522036403,0.5692759773778929,0.17410357582699457
183,0.1553944100911231,0.6518108631323395,0.07464752719228925
184,0.09564360662568279,0.6557119179030694,0.02511651162006169
185,0.07673109961905128,0.6844486290781613,0.014867055999954215
186,0.05938303995312661,0.769459580122589,0.01350192393819419
187,0.04127562336057297,0.8552883309456393,0.012739161956610538
188,0.02938594554082629,0.9270599723995131,0.012199039171451426
189,0.03021753062512741,0.7694908524465699,0.011713653199723333
190,0.03228720392216399,0.7484969717812444,0.012014194571381745
191,0.040373257195480725,0.7026442610072536,0.012944146940213666
192,0.051487006735393824,0.5865624058404821,0.02006476908743765
193,0.07872911637940679,0.4165242392546618,0.03673590176253189
194,0.12052836914638965,0.25352463002471387,0.0659768813299147
195,0.15459639400031386,0.1392312958212269,0.09962533227797968
196,0.17257919232534588,0.08484437952574847,0.12782129349322463
197,0.17888754876085727,0.055092119444851866,0.14748673055398953
198,0.201245815987643,0.03940662564376183,0.18804406143147473
199,0.2794712821730598,0.037275067806924474,0.2957345481618058
200,0.4429970229572835,0.03858370426397701,0.48721041746034616
201,0.6517709949677327,0.035913915385505125,0.695227310970975
202,0.8034598021657615,0.03834815281447416,0.7967408299239239
203,0.8246443904342312,0.06496844751040162,0.7386299106773637
204,0.7330157136427224,0.12524421541015274,0.5798489400920407
205,0.5931058490746879,0.22762524723791497,0.4160722616139692
206,0.43980104458980224,0.38319929711838163,0.2866851695922222
207,0.28835986788545687,0.537357671720719,0.17847362286363055
208,0.16769922802658566,0.6223079696284693,0.09011877108098201
209,0.1010550153101039,0.6339509478002897,0.03604771141100573
210,0.07986872964868286,0.6459676286440258,0.020364527773652427
211,0.07094903834547878,0.7037281643882504,0.02040852880011537
212,0.05648599318998703,0.7907714401709038,0.021443168948756523
213,0.041208894973665415,0.8673331531300331,0.020307065985427083
214,0.032127104030767205,0.9206198447973227,0.016878549352618274
215,0.026533885866066774,0.9346931196483603,0.012202361511303127
216,0.024381652623982432,0.9375571942658517,0.01023295396194251
217,0.02288528236082444,0.9354259657221871,0.008452292748285958
218,0.03405391193361428,0.7198213558965669,0.01179125604894028
219,0.039340443332689455,0.672103664589182,0.01485428355609764
220,0.05113279444730582,0.5578498024431264,0.019543219295008598
221,0.08187293447430245,0.3850519827828264,0.039485000675730055
222,0.12292761445827777,0.22254148388027425,0.06908487249273504
223,0.15038602431561127,0.11677641312621183,0.10058709230440947
224,0.16109759898352352,0.07469201496253898,0.12494307163319514
225,0.17262840565347243,0.05186197838337376,0.14629653833138268
226,0.20066731446907302,0.0388516714799245,0.18827064468696691
227,0.25724545861648357,0.03714958749556254,0.26807888535846763
228,0.3605264772733651,0.041458649766153134,0.4011929792725585
229,0.5058603083761417,0.04250393755578406,0.554289670984751
230,0.6328454485568008,0.046121944829004724,0.645269008497291
231,0.6740992805701989,0.07255341924639692,0.6160512584160924
232,0.6191846149062659,0.13987654628754587,0.49522630594469935
233,0.518749974447006,0.24906959216039506,0.3627848493923488
234,0.40615420813401687,0.39269551733041963,0.2597618206956249
235,0.2847871069793,0.5476855385068863,0.17525445898804207
236,0.17265122416826173,0.650823230220319,0.09814802163698151
237,0.09953603821714657,0.6891189292046306,0.04404665502120403
238,0.07657961225806849,0.6938594528003389,0.027388229966236792
239,0.07810527621303338,0.6940016997279823,0.032265256988898275
240,0.07566684146474406,0.7284941975261681,0.03718522043782008
241,0.06248016268876973,0.8030459118497938,0.031394809643988345
242,0.04445979143784227,0.8817443901734766,0.02388445838355369
243,0.0316760711621639,0.9198115799811101,0.014488783383485129
244,0.02348010745803173,0.9269055165268292,0.010298479366789837
245,0.0201589754326677,0.9288826604066027,0.008352494536305238
246,0.14841501453227163,0.09193112000351411,0.10929377820383794
247,0.15739543851170348,0.06598113878495825,0.13249520913672805
248,0.17969249153912092,0.05251981723247324,0.15844424545560074
249,0.21319688718376903,0.04591743393823643,0.19679649074464714
250,0.24475706182934767,0.047192898183241176,0.24638051008015555
251,0.28965786142687927,0.05248900133320643,0.31742214699930277
252,0.37230446447779625,0.05427227716293852,0.4130762902513487
253,0.47246178462813876,0.057577865234734266,0.48713275684253415
254,0.5341534851647165,0.08281579456367053,0.4915143998531644
255,0.5218131376298644,0.16191079174953044,0.41639120957889025
256,0.4540749534699853,0.2947785092406824,0.3139235513264435
257,0.3594631316731623,0.45702020991962566,0.22338532632920416
258,0.24960086182436478,0.6100386980411415,0.1494361696797083
259,0.15017587970510318,0.7248998281716564,0.08357443390886876
260,0.08403059671140727,0.7966590910761858,0.04011382507689305
261,0.06553760303756899,0.8067506075911977,0.030306130170098942
262,0.07651387403906797,0.7558948321890733,0.04117937784388163
263,0.0849145566935195,0.7321491171969774,0.05073783451615295
264,0.07685798420803443,0.7778169816107203,0.04643987841163461
265,0.05451441856690153,0.86116801250186,0.03208970187535038
266,0.03383276068931693,0.9019123644293854,0.016567553017310863
267,0.01975911624649703,0.9162432976671402,0.009406979176296865
268,0.014092186885608237,0.9218674186796834,0.008036211719736541
269,0.1597500268886638,0.06202042866890158,0.14857990749369562
270,0.1800683384350504,0.05496892218310559,0.16915575049290618
271,0.212663048330598,0.051184535681554774,0.2005467172898733
272,0.22997626098899804,0.052942362550841435,0.22849887751233441
273,0.24405245872454348,0.056619211859648695,0.25637337019885825
274,0.29292271057347613,0.058664548313224575,0.31120532102837695
275,0.3770702645909948,0.0653069547830673,0.3787488940320336
276,0.4580574566640303,0.09168614272892718,0.4212940791860968
277,0.47821001694820753,0.17319198028419952,0.39001020119454866
278,0.4244226910694977,0.3313277904382571,0.3016556601401589
279,0.31872660397519315,0.5203375901627917,0.19927179165930387
280,0.2007044419518759,0.679517023655537,0.11362589901037011
281,0.11108020492304359,0.7853402687890296,0.05550594471646955
282,0.06161712425625314,0.8620041603366619,0.027312694203434823
283,0.05208566887789833,0.8788947422199933,0.02712939439908423
284,0.06872632705313729,0.8234607135840035,0.04189276641614909
285,0.08156603922318352,0.7836125089044934,0.052652040511366675
286,0.0736852796479371,0.8122252436007297,0.04753866639450458
287,0.048463985409242745,0.8760365232603569,0.029913495519085773
288,0.027226758438325213,0.9073256662271929,0.016756919069756283
289,0.015520547111313194,0.9131970465665938,0.008686402120015407
290,0.013333421732751717,0.9178900489411609,0.007468434211196764
291,0.1717197451654175,0.062417056232464865,0.17083368594535794
292,0.18035143947545682,0.05619941735136099,0.18154313624507526
293,0.2016620619896648,0.051644840550560206,0.19893658861466051
294,0.2139770707616283,0.04901441741823335,0.21232906832920248
295,0.2263862123432548,0.04924281459363812,0.2285935606765251
296,0.26766107009520973,0.04919340567510181,0.27147119880011333
297,0.34624218337944523,0.056370389609641774,0.3397794134567567
298,0.4414419538451405,0.08169444652812756,0.4029222194918252
299,0.48617358538205585,0.16201146621638204,0.4016009977159438
300,0.4323167933401797,0.33484226243493903,0.3172080639371447
301,0.30306878750708777,0.551155222472174,0.1950852124255616
302,0.1643376083414334,0.7235396089659065,0.08945127477602531
303,0.07836222135443945,0.8231688786763585,0.0329694563950289
304,0.04220521764599608,0.8843110676480981,0.015683924082674026
305,0.04080613645737573,0.9044604008434223,0.021046334793091988
306,0.05923336983803027,0.8693189673204638,0.03557413469851543
307,0.07020775914990147,0.8424833353708028,0.04503965218438593
308,0.05883411369781165,0.8721640575443466,0.03674523012430976
309,0.033182677995278693,0.9164151439891389,0.02651602519475466
310,0.018515874016098697,0.9327020936413463,0.0157646657958034
311,0.18539018538283186,0.06448058637000205,0.18501997552108396
312,0.1861184470500929,0.0565126798651092,0.18982892891009517
313,0.19296814457860054,0.050432794713722334,0.19542846757667878
314,0.20455938951255223,0.04452183943666498,0.19987633812387742
315,0.22616710233790147,0.03650147661268598,0.2166805355194367
316,0.2698199939784366,0.032022229834844776,0.25733099475607696
317,0.34135159341866916,0.03874967973076746,0.32997828149981406
318,0.44383655557950247,0.0603282950938657,0.40724839643711225
319,0.5088797461401798,0.1362587638517377,0.42603661853695324
320,0.46012548896608874,0.3165542973819702,0.344023377534933
321,0.31277970923963605,0.5507505108846779,0.20549988965930263
322,0.15425351609582266,0.7366965656608284,0.08208814367878897
323,0.06507812523525792,0.8345457430012907,0.023454898125271576
324,0.03522292913505229,0.8919694857758045,0.01202856893915872
325,0.03469226299524466,0.9130111312507587,0.01752361053154776
326,0.05060437424994029,0.8816534391652194,0.02865192977053501
327,0.05896342112377011,0.8667050274762876,0.035645841978165005
328,0.045822012400751164,0.9033818153968469,0.029863905823033696
329,0.025115654838831773,0.9430385330301911,0.021590012795754652
330,0.1759188307921851,0.06787995973114762,0.1755064422659128
331,0.1877616661108153,0.06356305588685567,0.18351314802732951
332,0.186385538708836,0.056322428336152086,0.18701017043750937
333,0.18474645495924233,0.052271895483870824,0.18714579756670824
334,0.19484974657388276,0.04664984327305505,0.18809638682467394
335,0.22075059480760972,0.03510682017840572,0.20877465220593242
336,0.26322394629972773,0.028863947194286557,0.2502487697354313
337,0.324670039522297,0.03428399302803502,0.32018381828156334
338,0.4239350204288349,0.051416986032884776,0.39891424219478067
339,0.5004305512362547,0.1250359583872283,0.42489277539024395
340,0.46472840149703293,0.31134933496504485,0.3497458486101077
341,0.3187035782811375,0.5533657419906745,0.21184415447898164
342,0.15432794567603572,0.7456722199222867,0.08492534693982046
343,0.06340331943654105,0.8442022704915605,0.023991740888177036
344,0.035021066756988996,0.8977339662264024,0.01225472412549474
345,0.031833912721451633,0.9147980062265937,0.016556660452868768
346,0.04367725260982715,0.8823010897786729,0.02592374038931282
347,0.050458092133854264,0.870240751490219,0.03183045840675533
348,0.03911143119205299,0.9081747758644384,0.02608098591586977
349,0.020457338098347162,0.9526726362969472,0.018572038707339797
350,0.15723912796401293,0.06279764835766749,0.15992167020259832
351,0.1690051406435185,0.05941922215687769,0.16554527344655368
352,0.16991703057812244,0.054790288195743546,0.17239165503545892
353,0.16910947000163876,0.05099574997155078,0.17095107045477448
354,0.17706465137436928,0.04639651608564989,0.17387015910335143
355,0.19827580421699809,0.03951157168573285,0.19405294836028572
356,0.23562976834234686,0.03707934339317232,0.23233286416193008
357,0.2913523848545239,0.0403712603995602,0.29560610061666664
358,0.3801637077062371,0.05954171624380106,0.3668899015115408
359,0.449755305434691,0.14726992270705408,0.38934984425902175
360,0.4229384751698182,0.3365982543288611,0.32212072025803284
361,0.29679733070590336,0.568560743253488,0.19915275512452085
362,0.14841358524892073,0.7493522568255149,0.08404926091566406
363,0.06241088092883309,0.8506838610770365,0.027085291835787284
364,0.03247452963665231,0.9050276867650675,0.01224888144824808
365,0.02832360266308419,0.9220050726936306,0.01594938302924131
366,0.04004777871483695,0.8853113354048144,0.026065940339607952
367,0.04780420077963526,0.8672224625435704,0.032623727218958655
368,0.03892499184517501,0.9017874570003462,0.026127891070984736
369,0.019304183735004424,0.9482066291769938,0.01921727828787743
370,0.009517320411503919,0.9728713712505276,0.015541125106611731
371,0.1289111514577833,0.06246691127117395,0.14897752080608373
372,0.13899426631025671,0.05918321939499349,0.1493292011679705
373,0.14483316525110163,0.05232459812295933,0.15081174253413293
374,0.14861430577996915,0.04733749243275882,0.15226802607833037
375,0.15602768589592428,0.04562110405242167,0.15657569894908116
376,0.17428113953338084,0.043604779476166415,0.17711553209510286
377,0.2117194549402183,0.043530985531243585,0.21610373653581258
378,0.27084683526747655,0.048525651750873984,0.27482609907122285
379,0.34762239201962475,0.08442052158913034,0.32920707895426604
380,0.3921646040521527,0.19402674833748995,0.3357479380645942
381,0.35914354874493915,0.3816320599509788,0.2709212357755231
382,0.25580956382476594,0.5867337054893429,0.16992708322712552
383,0.1408094096079545,0.7422018981196933,0.07868655454516109
384,0.06668849629231927,0.8400638427605139,0.032624680835118956
385,0.03229203361638399,0.9063885196738367,0.014435327965081353
386,0.026699655271217985,0.9286849817111709,0.01589722563933818
387,0.042193692667164696,0.8867895828252222,0.026359519503068165
388,0.05416798633403349,0.8580485760560972,0.03412082263495493
389,0.04682745107422014,0.8872247936211138,0.029542439370668628
390,0.02644115088636422,0.9381227523345538,0.020696906858412134
391,0.01562742370445741,0.9659981429854324,0.017088720815787578
392,0.1220996285454739,0.06242419921127554,0.14634044975727756
393,0.13569162424945752,0.06141031280515275,0.15189921786397637
394,0.14268290028500097,0.05652598397148175,0.15491137677201242
395,0.14224285983537996,0.045790834990531,0.1475586015424374
396,0.14667876001096145,0.04325638612299411,0.14852664145507227
397,0.16554266034604678,0.04375499795294208,0.16699822222667035
398,0.20704646796278361,0.040897459612477656,0.2081720832356823
399,0.2720206287438802,0.04878786628018395,0.2651223294450661
400,0.33460504795451224,0.10544972615487472,0.30079433047406895
401,0.34689881028826236,0.24587191107661874,0.2847153377235679
402,0.2934795689401913,0.4332571663162121,0.21541661333244044
403,0.20794575967669973,0.6081057037779342,0.1341869893018958
404,0.13061037975620862,0.7231117827829305,0.07013142972011653
405,0.0774267311522815,0.8109811634263189,0.037185489945236995
406,0.04020883680212746,0.886252819037836,0.01761072429385663
407,0.029745228601019066,0.9207649975788686,0.016204726541323516
408,0.045420764641973116,0.8829786121250616,0.025642641086002633
409,0.05994974968873089,0.8513210270072606,0.034132297642095286
410,0.05331812960823481,0.8768919866458212,0.03034512011166681
411,0.031512483581153085,0.9353113448174581,0.021551359045948574
412,0.019783677899597882,0.9618131873018037,0.016729449496983673
413,0.18112005841624254,0.060776337004441607,0.1737992293486568
414,0.17024411016039084,0.056244504454024964,0.17255954717245617
415,0.15488756320636435,0.04289541665281302,0.1610261214956643
416,0.15219107274088017,0.038479936097794654,0.153952193493309
417,0.17186515673227273,0.03769116109116833,0.16902892126909538
418,0.2182857113421301,0.03241479201125427,0.21347978529045628
419,0.2841904758885315,0.04424831801418595,0.26540060802683624
420,0.3298411691699333,0.121318411394664,0.28230458061827945
421,0.3089812227923078,0.28403808797118174,0.24202901166939464
422,0.23468877021169873,0.4679932688212506,0.16486211342307666
423,0.1606046995026538,0.6122438912018765,0.09776398944711126
424,0.11733526797515441,0.703304723076125,0.05728186149337005
425,0.08586701080294652,0.7855973972007569,0.03742087014356118
426,0.05088168161658255,0.8663144064951053,0.01950102111855934
427,0.03364525483238935,0.9102588836468682,0.015538552995313312
428,0.0439956203495219,0.8807203092240377,0.02187437363837661
429,0.05739118949643402,0.8536999658451647,0.029607120026154437
430,0.05053911194806059,0.8816964362058082,0.027106334053201352
431,0.02837976381009303,0.938556702894376,0.02065985172904067
432,0.016549965538810593,0.9695100509972882,0.015956833968552585
433,0.21830898419727257,0.05475159773741056,0.18819459666490154
434,0.21362257940862772,0.0521051783320411,0.18943419892146962
435,0.19314599804076413,0.0443634138598219,0.18650840755081052
436,0.17163619541504807,0.03469316007298882,0.17679247478942772
437,0.16516192656551643,0.032320464210319214,0.16846944370764333
438,0.18550799165468596,0.028351796493138855,0.1845641209167109
439,0.237449957703952,0.02210234966506197,0.23517753231518945
440,0.3033933498412677,0.0413088506748051,0.28407581772186513
441,0.3300686948728626,0.13582154629773596,0.28594773197540657
442,0.27940692360491726,0.3010735645043705,0.2213252173991851
443,0.1894867646477384,0.47085623945698024,0.13392399025232019
444,0.12933641869403256,0.5925702286674939,0.07626599299267119
445,0.10807893125249289,0.6811532230767372,0.05299312636865241
446,0.08872023243359362,0.7740311178090264,0.03887149223746808
447,0.05445411103265721,0.8621491722057933,0.02027146190034954
448,0.03325077291953714,0.9087914829302686,0.01343111900861972
449,0.0392779949201753,0.8849471401977628,0.017895694452886197
450,0.051129206716685846,0.859597392261092,0.02514551659892279
451,0.04550418930557508,0.8880276872382592,0.0230427566437106
452,0.024826512878312695,0.9439938111580513,0.01847704947158252
453,0.012176469430704759,0.9750678533276012,0.012694890159059367
454,0.19008092963847245,0.045675127840413283,0.17375133592972883
455,0.19213789845588833,0.03859748856073398,0.17649432789974864
456,0.18729292782065493,0.028412262532192527,0.18321763710292216
457,0.17831451606822568,0.024968199910034686,0.18200296627682083
458,0.17917038115238473,0.027240746240427247,0.18291981982040334
459,0.2071673833383247,0.024308509469518368,0.2137236175816654
460,0.27239827941306477,0.020847706192585035,0.27928437165185915
461,0.342971959307614,0.056224320432691474,0.3292965917556702
462,0.35093690637806385,0.17520119508549128,0.31248600840474494
463,0.2693409549175786,0.35067481267102063,0.22224082287664998
464,0.1661991412878793,0.507032522688402,0.122799250732987
465,0.11647250854496674,0.6008287998646372,0.06929452543831298
466,0.10881733889863522,0.6770121671156026,0.056884763153857536
467,0.09158049710313015,0.7688412844491267,0.04473286765559
468,0.05515651698808994,0.8647426158566217,0.024944859533630043
469,0.030388905276995948,0.9150910865661843,0.012304074605828262
470,0.035116033295902946,0.8856194609974266,0.014971528428397801
471,0.04861064260630154,0.8519797790686117,0.021650476971885914
472,0.046832859190520014,0.8733358323997141,0.020849177072589348
473,0.02901881256398047,0.932919308871782,0.01631822350922552
474,0.009114433140338015,0.9533611590254714,0.005647904207048559
475,0.01419085115260243,0.931687783919667,0.004391094317827657
476,0.01625628498038338,0.9216805805769986,0.005013061251944741
477,0.13945371071161516,0.04177915415928677,0.1359254498874258
478,0.1466947916167574,0.028763513104792957,0.1441175647597351
479,0.1587158782320232,0.019684069694108183,0.15599927613405928
480,0.16963794643720495,0.019882555288379424,0.17333894250202497
481,0.18881087315900064,0.023747160149989104,0.19562948708964914
482,0.23844007280807814,0.023994756168099263,0.25545284343893027
483,0.328096795342492,0.0298371654197384,0.3389948146124034
484,0.4050066296337613,0.09334886064808974,0.3866142796110079
485,0.3909614633169543,0.2550970596488383,0.3427704635430436
486,0.2779405875868188,0.4564921184961213,0.2254878022224879
487,0.15809735273568062,0.6033153305119323,0.11577298016648974
488,0.1104097469167426,0.6635855679723139,0.06939220785142476
489,0.10868708536074269,0.7078152112291511,0.06509663958379164
490,0.09603536136442209,0.773830570190317,0.05470718176520808
491,0.060312980973272846,0.8585656533404303,0.03353367666447539
492,0.031390628608905624,0.9139432777221075,0.014987124978613616
493,0.0317160309600142,0.8885304893652876,0.013569564378486453
494,0.045556930852353635,0.845194258874328,0.018854550111911034
495,0.048409864200046934,0.852554458807796,0.019325279481051377
496,0.03186216345483325,0.9098008394126998,0.015204194233106127
497,0.011934332887978854,0.9483950106528404,0.00876341114437101
498,0.007752729748073171,0.9437557123063571,0.004868537494274137
499,0.01271307630801861,0.9209049434854595,0.004500400693056622
500,0.016183392859164782,0.9175762136236375,0.0053174215816228915
501,0.016218272173116412,0.9162668438710343,0.005755220184056733
502,0.10022697442947781,0.04660870361652231,0.10043747175550066
503,0.11089594301318298,0.027890614753916458,0.11124091982778327
504,0.13029981936094412,0.016700569733806542,0.1266499719473192
505,0.15440045487887585,0.016777630276043346,0.15770276465546001
506,0.19253174083496324,0.019793543212997408,0.20829060914266384
507,0.26874452516173924,0.024267446752421748,0.3009067688240376
508,0.3778215671278749,0.05093385122642607,0.3990064195667149
509,0.44680738445462825,0.15729120492880377,0.4310201378650264
510,0.40352834941882676,0.36708636935392147,0.35385323758756243
511,0.2683581420189383,0.5907200804789191,0.21339801549160806
512,0.14190729870988208,0.7266974924511599,0.09985999880608033
513,0.09231288392335717,0.7597628180314353,0.060446851213443405
514,0.09338030391929894,0.7658542610722011,0.060568576045073784
515,0.09302650225012496,0.7907805878019012,0.0590528130055761
516,0.07005011524522117,0.8468955374728103,0.044285585723719184
517,0.04194938032554893,0.8974314441679511,0.026138271872907688
518,0.03389102666133509,0.8894457236086826,0.018314298760875584
519,0.04195059485314203,0.8456354806265756,0.018590771154449338
520,0.045114748049591764,0.839648995034528,0.019346867171137885
521,0.032220238094437914,0.8838821579209893,0.014951516168896912
522,0.01616995442141294,0.9280680821500458,0.01000257862227593
523,0.011175296079253194,0.9307885922766107,0.006734144603256744
524,0.013535821516313716,0.9124312743973343,0.005391098237771796
525,0.015103204698952953,0.9073735773227681,0.006165256770504355
526,0.014577672578609058,0.914007256468042,0.006425498221118798
527,0.08955093056277122,0.06164826779088431,0.08545605112085308
528,0.0899893559203403,0.04776242544786962,0.08439587597923122
529,0.09923200262770135,0.027521480320242264,0.09577481168236596
530,0.11852335012135559,0.01631533907731453,0.11465891783057902
531,0.1469821166144232,0.015515431641623813,0.15079599258829315
532,0.1956029115165075,0.016754418608053784,0.21896572521186405
533,0.2841006748110229,0.025520100454050672,0.3248034420638993
534,0.390274129250392,0.07588635915589458,0.42168306557555024
535,0.4341250848660728,0.2250253593316757,0.4315308411245486
536,0.3652328039183071,0.46236563181155377,0.333834788182984
537,0.22789828017904745,0.6829764835247576,0.18646457554109108
538,0.11303477765350052,0.8015701380902407,0.07961518627926878
539,0.06557596790014404,0.828452116329298,0.04463428792732071
540,0.06537545879243103,0.8181811853500827,0.04607541178562634
541,0.07627297141973853,0.8162172225438529,0.05205220737014105
542,0.0722539246267138,0.8405410514369503,0.04743160376420876
543,0.05503832752778181,0.870530455925662,0.035686085362850145
544,0.0423610852907292,0.874897163158537,0.02497911520916562
545,0.04116184016634469,0.8485999473213086,0.020468435558541942
546,0.04016847969399927,0.8402163345616327,0.018721909371537532
547,0.031919293247925196,0.8721137494389121,0.015886803738397865
548,0.02302887509014343,0.9024330318890579,0.011966223280309786
549,0.019812326812877,0.9061749474007871,0.009571091127482265
550,0.019765371386599305,0.9036407914135444,0.00820020764285515
551,0.017616499621225152,0.908401392242762,0.007639228196968575
552,0.014390320877592396,0.9159761093659045,0.0073268293503136826
553,0.1097061801944969,0.05475226750233898,0.09136849419602029
554,0.10514234536549236,0.04363236683209625,0.08943699059107074
555,0.10626286062134357,0.025319418065028607,0.0933525138024332
556,0.12299917476643583,0.01662684921276907,0.11518750840986561
557,0.15416169882582545,0.015752589385929713,0.1536991781574268
558,0.20538205695212586,0.0159018662556714,0.22667585265969772
559,0.2853917977842435,0.02574661390236534,0.32505752228413015
560,0.36509046623120506,0.08744676605671291,0.4010334563591426
561,0.37967738960085334,0.2542063316086098,0.3907005043084018
562,0.30319737339820235,0.49514731524827327,0.2922767474474559
563,0.18408753553837587,0.7096755216179886,0.16060877248444444
564,0.09019394016092229,0.8164948917933988,0.06839852935756428
565,0.04638741385979419,0.8541389640584128,0.030804856318470075
566,0.03996949470538908,0.8639251605925732,0.027747825410818168
567,0.05084636823524981,0.8605411437101839,0.03573942492011616
568,0.05875573788228736,0.8622654061721315,0.040356475947407204
569,0.054816494378695894,0.8701624379385542,0.03632049691780369
570,0.04544557244820023,0.871922600139448,0.02754001688316115
571,0.039001057742629075,0.86149424433497,0.020562792737710982
572,0.03395066974449519,0.8611659782085981,0.016621363268560504
573,0.02836610150356777,0.8795536373003038,0.014504523753977327
574,0.0258545290156794,0.8902993283710925,0.012744242073083651
575,0.026930294306286948,0.888941141601179,0.011586432172149158
576,0.02775512379475743,0.9009624489857551,0.00947355706290936
577,0.025156043764116034,0.9164146820912884,0.008448976476512238
578,0.1457270270736915,0.045405203563069436,0.11027009701593546
579,0.12674259318773856,0.03261787120859182,0.10280347795634788
580,0.1185365214911202,0.020517813311262945,0.10329550644673008
581,0.13255955610435866,0.016472366240608344,0.12097489175019367
582,0.16679929580083333,0.015010180547721236,0.16249415956889277
583,0.21821972181262467,0.01653202794863893,0.22761436166038493
584,0.2813265906598282,0.027639605740087354,0.3026410946607791
585,0.33049580619835023,0.08171471481813154,0.3465169060788914
586,0.3281879309105998,0.2305662741651466,0.3243581604585654
587,0.26185689261593403,0.4597919884786209,0.24041193662000937
588,0.1648043834231616,0.680587326420015,0.1389726434300024
589,0.0836640918949402,0.8048605392105955,0.06438884559511207
590,0.039807809179459204,0.8526969704321341,0.02593015418766766
591,0.026539464537780236,0.885238099477379,0.0173381771988354
592,0.028904806127112635,0.9032643269583084,0.022278565136272462
593,0.0353267067009486,0.9039172323665586,0.025475939131902187
594,0.0376318644833806,0.9003581511985995,0.024420783783908072
595,0.03510613202568872,0.8978523967886949,0.020046066586955028
596,0.031246234733887643,0.8920333391200884,0.0161383772566678
597,0.026699904365539106,0.8959003929573637,0.012950058679684571
598,0.022193308004945882,0.905227870249263,0.01113577771826045
599,0.021438561994557286,0.9061311907975663,0.010022496302728742
600,0.02502504260429779,0.9008120722550518,0.009437954239849472
601,0.028547074356535803,0.9098738936842811,0.008036792585430655
602,0.029165438642481733,0.9250737453068598,0.0075647456627822235
603,0.18964906385163838,0.04147944641618451,0.1262918880501131
604,0.16577340661259157,0.03173461622607643,0.12201519883947383
605,0.13630553704367745,0.02228889344003732,0.11101188656498534
606,0.12453727980159147,0.016072321884056245,0.10620956061181036
607,0.13584399243438455,0.013502597772331846,0.1208027747442916
608,0.16979120838083825,0.012235252041490261,0.16184893247161386
609,0.2201122170868142,0.019524394246387557,0.21703385522015506
610,0.2697373313903665,0.03533566316625973,0.2654523946973366
611,0.2974193329852093,0.07079413561910404,0.27820521301991763
612,0.28855764747934265,0.18089371513290914,0.24658328835176826
613,0.23730175131044182,0.3877268683937035,0.18091767362074368
614,0.1580950738543654,0.6223576985033802,0.11026950304522969
615,0.08288447095423694,0.7794272176189543,0.05519218771423492
616,0.03813997517653927,0.8436731169107115,0.021907039158582952
617,0.02264304486053818,0.879100113860342,0.014271980390764806
618,0.01890324739022329,0.910867465661537,0.013991868518406034
619,0.020004465515785108,0.929487780271453,0.01590641373513802
620,0.01933009378851702,0.9379245395535294,0.01556615209912367
621,0.0183448635935459,0.9350489031924086,0.012992807330670956
622,0.02065828258284853,0.9269699574993743,0.01036746562985563
623,0.020761118692160383,0.9266339172993974,0.008290403301351577
624,0.01683520299939844,0.9319305871872899,0.006844203156347947
625,0.013532721541066939,0.9347851666147118,0.005706735579753285
626,0.0150010864010577,0.9311961695426916,0.005400178005533647
627,0.019779374495635053,0.9359876485765377,0.00535503697546004
628,0.02372852952703633,0.9434045187681405,0.005553596606886687
629,0.1745852225819436,0.04539049609330138,0.1232978490410078
630,0.15333316182769421,0.03320553232965004,0.11799233898171017
631,0.12927871459333454,0.018518288582079965,0.10491957356252539
632,0.12326033843999235,0.013816758989858222,0.10016025559539085
633,0.13584763429188054,0.010826542974991148,0.11708065189489833
634,0.16476002733945166,0.011141917407389143,0.15218888932415045
635,0.20712142050712343,0.022619674635117503,0.19461644848605927
636,0.24430537110415051,0.04022715919489044,0.2182191747758362
637,0.25643860413030367,0.059235898999547607,0.21050492870098148
638,0.24144247151507212,0.12578102705763083,0.17149856092195215
639,0.1978807952766066,0.3003191093667995,0.12004436562592817
640,0.13444274716480323,0.544052880284121,0.07139072885316174
641,0.07208208387248313,0.7461703845122726,0.03707127889913134
642,0.033677782059689534,0.8435178534947265,0.01891930836918016
643,0.02179220875911107,0.8774324235182139,0.01083777324784228
644,0.018531975155334928,0.9058963106094405,0.00915451673347364
645,0.01164581528901041,0.9592317178075973,0.007952386656082597
646,0.017044402415295503,0.9469485730629352,0.00720382642976994
647,0.01988636268842895,0.9452281751282838,0.006382188827808146
648,0.015726757885220013,0.9489599944207074,0.005189545603741794
649,0.008599487024398625,0.958350347757117,0.0037024042910502966
650,0.0059356107833967685,0.9612173555838073,0.0028990639710835824
651,0.009037909654051874,0.9594770399399002,0.002766594456451398
652,0.1543057174518896,0.05399855330538692,0.11832335248502616
653,0.13715154956527803,0.04331428600676238,0.10954373791340945
654,0.12364862214675873,0.027713648822843936,0.09550624083522757
655,0.12655840182586708,0.02243844061443462,0.09732017317452428
656,0.14246656761952142,0.019662355480898508,0.11713685164392827
657,0.16377179342129133,0.01971433044157574,0.14364467574886422
658,0.19090640848107912,0.029784768846644324,0.17135193204960245
659,0.21202852325036445,0.04403007159150884,0.1772779574775996
660,0.20973515392704095,0.04921205820082134,0.15654062920507364
661,0.18447368209949427,0.07504719648412847,0.11994294463079964
662,0.14311432463816745,0.20328280527223813,0.07750452988174648
663,0.09683436488250655,0.43271208858126614,0.04286823043570509
664,0.05585246016665191,0.6679104543514324,0.01902165854223298
665,0.02844797872946784,0.8124210466606931,0.011871718983515897
666,0.0208901213562467,0.8789667489249197,0.008193228293961026
667,0.018206427109467738,0.9537540011123614,0.005933795020001013
668,0.020789120871438926,0.9545893577351997,0.005552980330487422
669,0.015936641527095455,0.9600259967333648,0.00449656597582117
670,0.007385077144821238,0.9679803430710155,0.00285118299108102
671,0.0028636453386374485,0.9697615189146646,0.002279422889414941
672,0.004621119033335106,0.9728284473110766,0.0024002143261795416
673,0.15314002951252922,0.05902666428063944,0.11967942135525778
674,0.14416765430709913,0.051475685297437235,0.11499886138626426
675,0.14186942463120908,0.04082335089052863,0.11437329074174135
676,0.15261345183141284,0.038871176338849144,0.1176980653061993
677,0.1696165609827689,0.03750235288604552,0.13886134324430646
678,0.1809490906452385,0.03603104065642024,0.15471003100100061
679,0.18680716339550862,0.04042421464472949,0.1606818366820201
680,0.18846925342154874,0.048453873165059835,0.1498143364407411
681,0.17414751289876454,0.04784740220196427,0.12926227052635736
682,0.1447856983726051,0.05598270610939564,0.0919653162240676
683,0.09831298291529271,0.14894971103536156,0.050942751286361124
684,0.06146617315423267,0.3281050664103764,0.02361040126582985
685,0.04269807919612587,0.5436295484378667,0.011393184625856256
686,0.028376766355735588,0.705663895558214,0.008222741224340713
687,0.023142518154883815,0.8277997318666791,0.0071333264835294
688,0.003573121074946738,0.9771612617007561,0.002084019790033554
689,0.17683443352374284,0.04874382294517149,0.14187897913482314
690,0.18124720405140782,0.044164602355629946,0.14605453387412712
691,0.19955915078277334,0.04866798639686137,0.16376170115781918
692,0.2156701320389655,0.04769916906649504,0.18304874382758704
693,0.21190257376924218,0.043484688515167784,0.18094533268763355
694,0.19456920826448593,0.04378545072676414,0.16905566446916034
695,0.18114294323762184,0.04830328846869066,0.14808722422055104
696,0.16522501697729222,0.05129008578429067,0.12018375654414466
697,0.04405561667746533,0.24447473341861212,0.013305533638894602
698,0.03881484764475105,0.4584345379243324,0.008144918980097804
699,0.03341812086364741,0.5726751944602824,0.007623303347315359
700,0.03057754519302541,0.6420835865759795,0.00728467323656718
701,0.215980472302751,0.038539178685814295,0.1693105088287925
702,0.20282556085550615,0.03562394881507348,0.16788714257477613
703,0.20718387104234262,0.03699059991155491,0.17392002788106323
704,0.2328419393062345,0.045075971706980675,0.20051209987708218
705,0.24889229683022226,0.042402578586314445,0.21972135284451247
706,0.23226718609210903,0.03509616296899709,0.20363163785436636
707,0.20168360860219892,0.03437331324219848,0.18510080021154354
708,0.04055812476210209,0.3995312375747626,0.008274903681501642
709,0.038460498098356846,0.49299529614704224,0.007295495532960019
710,0.03584265973072105,0.5559347298447599,0.007058290326868435
711,0.20310373000286622,0.022853453970812843,0.16705622536962428
712,0.1915626483312247,0.024739821651854208,0.16942273029056626
713,0.19712784393177818,0.03122593729304469,0.17817105022671104
714,0.22136721865549927,0.03521430401891844,0.19940535895303133
715,0.23777049994561522,0.030107284315207528,0.2065890982621703
716,0.2238537550124874,0.023007964410914173,0.20496929303976777
717,0.20027164885769766,0.024166083262990117,0.19418853935335978
718,0.03795387653023235,0.507002757869664,0.00705050234272443
719,0.17607620374826627,0.017390716928154616,0.15513801408215583
720,0.16621417064734087,0.02148012090175302,0.15089981853991338
721,0.1643016009846796,0.027767702136051668,0.1464096766085807
722,0.17513930299827826,0.028496713986192673,0.15903184058250183
723,0.18888712970119018,0.02247299737908212,0.17477519940812225
724,0.1990267962636489,0.017665957913466777,0.18634302312536433
725,0.16116913261562518,0.016722727356726797,0.13612707536952
726,0.1523840098513873,0.02047499986292229,0.129395173240788
727,0.14292821717113824,0.026052155482832542,0.1228530396877089
728,0.1366665817678323,0.026742764661505058,0.12345640054507809
729,0.1412010022690034,0.02153522375271327,0.1373870897327394
730,0.14999486914759902,0.02259502986705721,0.11664623420630717
731,0.14054163129826902,0.027022775439341274,0.10933811468847898
732,0.1275608824280816,0.02829051168446123,0.10790660409921249
733,0.12013776854269173,0.025714511381008432,0.11600091489155198
734,0.1426928821122271,0.029219857270156205,0.11165163515321673
735,0.14442393134355253,0.02920109487374566,0.11053805181163408
736,0.13902847959780848,0.031155672699503197,0.108343621653669
737,0.13160833544718323,0.032977323852573084,0.103675482858483
738,0.125893565921085,0.046959106443570195,0.10299907424600906
739,0.12782874718891757,0.0497742561458994,0.10279106561147366
740,0.12902190368307245,0.051355513230115474,0.10324897949900312
741,0.1299975085424221,0.05129419455751818,0.10206651888210283
742,0.11053693562227662,0.06035853180597992,0.09561606789208908
743,0.11265248924737133,0.0640800500437739,0.09569898841305419
744,0.11572333208025766,0.06587128932708106,0.09636378835524133
745,0.10950612945415336,0.0709004720899187,0.09049209090579877
746,0.11137802342207061,0.07230773449006753,0.09103170301522018
747,0.10530984911535632,0.07438282413639084,0.0875119855507096
748,0.1028872612087971,0.07642828630198398,0.08567414956718777
