fid,X,Y,f,Intercept,NAT_AREA,INDUSTRIAL_AREA_SURR,ROADS_SURR
1,8.481,45.309,0.7777777777777778,0.6737326926319618,-0.006969482484620927,0.1731849767659528,0.12141218488853289
2,8.547,45.177,0.7407407407407407,0.6617651729167274,0.0012017522053958708,0.3173954870976332,0.011710646155788988
3,8.547,45.243,0.7407407407407407,0.6696413709264084,-0.003198888778090079,0.23446486588025964,0.09363840074601744
4,8.547,45.309,0.8148148148148148,0.6753567133067534,-0.00733529016286031,0.14099774529358672,0.12386593268470057
5,8.547,45.375,0.8148148148148148,0.6794663924989659,-0.012185909819740515,0.1166102945465185,0.13406807635697468
6,8.547,45.771,0.7037037037037037,0.24667230329989692,0.14709286583342457,0.06293953527921096,0.13230905266446602
7,8.547,45.837,0.5555555555555556,0.1900864388632699,0.1594425203508317,0.34112360012357673,0.12914123042366782
8,8.547,45.903,0.4444444444444444,0.1364425342624802,0.17527657308824285,1.0325517916021143,0.12581895970091
9,8.613,45.045,0.7407407407407407,0.655430038125991,-0.0001982051048324534,0.38532714903394977,-0.16217794465442298
10,8.613,45.111,0.7407407407407407,0.6548269424820228,0.00363975051288545,0.3557819371239687,-0.10965307983831105
11,8.613,45.177,0.7407407407407407,0.66082043223885,0.0043929769530528726,0.3252666063146275,-0.01242074564031977
12,8.613,45.243,0.7777777777777778,0.669944050288868,-0.0018627606983910219,0.23962329882950834,0.08958959142293031
13,8.613,45.309,0.8148148148148148,0.6789853453688874,-0.007975437725607224,0.11468501841049861,0.12719831068020673
14,8.613,45.375,0.8148148148148148,0.6830876446869703,-0.014295386319022049,0.06928825809825148,0.1367419734995041
15,8.613,45.705,0.7037037037037037,0.34858534529297447,0.13051674265365582,0.02528579339738847,0.1364021038051186
16,8.613,45.771,0.7037037037037037,0.2693269696277563,0.1396425133049934,0.04734384919086451,0.1327883516812392
17,8.613,45.837,0.6296296296296297,0.18967560161135513,0.15356775987084376,0.21486064727435922,0.12869020177444124
18,8.613,45.903,0.5185185185185185,0.12043267420201142,0.1781740172106864,1.244365584571647,0.1252624927509026
19,8.613,45.969,0.2962962962962963,0.06185333282701136,0.182300535944641,1.6076647890378095,0.120793888075395
20,8.679,44.979,0.7407407407407407,0.6575983140683164,-0.0022900541037970306,0.3879776964500533,-0.18585185200539295
21,8.679,45.045,0.7407407407407407,0.6564862017430069,-0.00015003515301369522,0.3869376265253319,-0.1729187650299548
22,8.679,45.111,0.7407407407407407,0.6572580142075262,0.004930055642399199,0.37041866755575237,-0.13167347670015586
23,8.679,45.177,0.7407407407407407,0.6622769079172686,0.006891562349582067,0.3454506178409732,-0.03602667436336948
24,8.679,45.243,0.7777777777777778,0.6729888216900135,0.0004946787134166028,0.27995635798069435,0.08418138142486914
25,8.679,45.309,0.8148148148148148,0.6852769873487227,-0.008677502148315187,0.17099160782251446,0.13094359280365708
26,8.679,45.573,0.8148148148148148,0.4901179888375278,0.05521818897337637,-0.010272421584609701,0.1407806505459104
27,8.679,45.639,0.8148148148148148,0.43862245183301735,0.13425500681120264,-0.004450750921768108,0.1395567124231975
28,8.679,45.705,0.8148148148148148,0.3812736853403928,0.14204714224373485,0.020870544499614722,0.13702589092050582
29,8.679,45.771,0.7407407407407407,0.30344477127855274,0.1277580319744745,0.06010106616246097,0.13309931871280556
30,8.679,45.837,0.6666666666666666,0.19082333300695165,0.1262815221146329,0.2244708618034732,0.128685276626004
31,8.679,45.903,0.5925925925925926,0.12635837622214335,0.15597720951282631,1.1287011560572253,0.12415751244656908
32,8.679,45.969,0.4074074074074074,0.07097655129439359,0.1478407741023811,1.4503695609604026,0.11855374315023091
33,8.679,46.035,0.1481481481481481,0.029432341216749675,0.11544903080705338,1.687254459337073,0.11567323832933149
34,8.679,46.101,0.037037037037037,0.024253939533327745,0.08672995320964304,1.700538703035976,0.11349779421236045
35,8.745,44.979,0.7777777777777778,0.6602236836746569,0.0024610975223032325,0.37696292256238084,-0.18951136707361843
36,8.745,45.045,0.7407407407407407,0.6617099356217941,0.002885221649149149,0.3864849214545242,-0.17762060841869431
37,8.745,45.111,0.7407407407407407,0.6623102379319681,0.007849015025699239,0.3859061981504118,-0.14832586294178557
38,8.745,45.177,0.7777777777777778,0.6640979820138261,0.00630213758992392,0.3696658765551603,-0.060213488040320826
39,8.745,45.243,0.7777777777777778,0.6861920024469157,-0.0034152266463830013,0.34625047742702897,0.07837871706600807
40,8.745,45.309,0.8148148148148148,0.7020659091853972,-0.0138871346159355,0.3150221496399755,0.13629607956762899
41,8.745,45.375,0.8518518518518519,0.7030415017556659,-0.02156833342471367,0.14345592019138848,0.14125393573348985
42,8.745,45.507,0.8518518518518519,0.5866342401598044,-0.04040470206567093,-0.005965253538276013,0.14143010932489203
43,8.745,45.573,0.8148148148148148,0.5187552077038137,-0.01137857687382783,-0.013038827273713416,0.14168497593415086
44,8.745,45.639,0.8148148148148148,0.46828594472393603,0.040999637003671055,-0.017422392963626507,0.14056426480295403
45,8.745,45.705,0.8148148148148148,0.4136223627347727,0.09364126022676202,-0.0015703817151847673,0.1380194284587516
46,8.745,45.771,0.8148148148148148,0.35144820933014514,0.0736931363567212,0.03588230513310447,0.133487227333408
47,8.745,45.837,0.6666666666666666,0.21745989310009947,0.06962988815560696,0.2179359326328093,0.12773376212411486
48,8.745,45.903,0.6296296296296297,0.15766453971135844,0.09370328124808566,0.8873007530784277,0.12088942132018789
49,8.745,45.969,0.4444444444444444,0.09513658974529694,0.09292472518371842,1.2340987959648,0.11719425393967177
50,8.745,46.035,0.2222222222222222,0.053381724962376434,0.06995363530334427,1.5869378388920379,0.11302467610223413
51,8.745,46.101,0.074074074074074,0.04182525700559199,0.05816688706584326,1.6872790854138673,0.11344423878556854
52,8.811,45.045,0.8148148148148148,0.6695814106071857,0.007589897638837245,0.3808722446877921,-0.18105848280896908
53,8.811,45.111,0.7777777777777778,0.6749845453705228,0.004208809368210038,0.3891482510357789,-0.15462867454732204
54,8.811,45.177,0.7777777777777778,0.6837702791380564,-0.004153264330476923,0.35963975400697246,-0.07681335688904135
55,8.811,45.243,0.8518518518518519,0.716919732379851,-0.01690172572235338,0.26421603127980836,0.07407179842823042
56,8.811,45.309,0.8888888888888888,0.730642497762007,-0.03134792767031623,0.12681680307583773,0.13674538050172866
57,8.811,45.375,0.8888888888888888,0.7236846149085763,-0.04779753675238323,0.0946874505119635,0.14153237137269276
58,8.811,45.441,0.8888888888888888,0.6820561374873142,-0.06469748952427576,0.017954238755619228,0.14114643017632272
59,8.811,45.507,0.8888888888888888,0.6138700279906666,-0.0698305059023454,-0.0031113038988074505,0.1414614039685616
60,8.811,45.573,0.8888888888888888,0.5459301887135438,-0.06076009593950418,-0.012373114144985407,0.1420847865658882
61,8.811,45.639,0.8148148148148148,0.4804727278980611,-0.04641943253583907,-0.01820577180370217,0.14112220011628485
62,8.811,45.705,0.8148148148148148,0.4401770214324078,-0.036444696248007724,-0.016695434755233086,0.1385706464726733
63,8.811,45.771,0.8148148148148148,0.3518201724355944,-0.025577369173266744,0.017625993533746012,0.1341166415391304
64,8.811,45.837,0.6666666666666666,0.20370639381888622,0.021917019771638045,0.16936392570475675,0.12661044340389543
65,8.811,45.903,0.6296296296296297,0.1475324653175129,0.04932643029892916,0.7312533356047104,0.11771274350395355
66,8.811,45.969,0.4814814814814814,0.11964564071377562,0.04939585475221578,0.9947036534685112,0.11473462503355561
67,8.811,46.035,0.2592592592592592,0.07740141610474396,0.03749138303238066,1.324031027916887,0.1108966572976323
68,8.811,46.101,0.1481481481481481,0.04712819459635631,0.033319331633171835,1.496258524623195,0.11537709754292326
69,8.877,44.979,0.7407407407407407,0.6581645467845622,0.017095246855621065,0.13758164920307855,-0.1890219591275921
70,8.877,45.045,0.8148148148148148,0.6778470539146583,0.0030795613400124095,0.26864127289479345,-0.18008412965033985
71,8.877,45.111,0.8148148148148148,0.6889696708506188,-0.00460886711236039,0.2965856423119667,-0.15942666383478699
72,8.877,45.177,0.8148148148148148,0.7049145564937599,-0.013910741364477312,0.23439179475512312,-0.07994330034530689
73,8.877,45.243,0.8888888888888888,0.7493256950727569,-0.03194425944275898,-0.012321199642591221,0.06448619163336666
74,8.877,45.309,0.8888888888888888,0.771470499203567,-0.05838055008993416,-0.06631755148882285,0.12861632750882515
75,8.877,45.375,0.8888888888888888,0.7328411561181816,-0.07468244490435767,0.017494345602990003,0.13919320463635154
76,8.877,45.441,0.8888888888888888,0.6857038656938007,-0.07914632554588177,-0.007553015593492595,0.14017719171840948
77,8.877,45.507,0.8888888888888888,0.6289820952955627,-0.07955675780278709,-0.01727481389154827,0.1407359495119261
78,8.877,45.573,0.8888888888888888,0.5756479603586069,-0.08003786057374457,-0.012285207807310726,0.14173446369389436
79,8.877,45.639,0.8888888888888888,0.5162852720543725,-0.08369769829243853,-0.009682441629426363,0.14107661659806026
80,8.877,45.705,0.8148148148148148,0.46236935293733794,-0.09303589057728613,-0.007918003083070174,0.1387967173044617
81,8.877,45.771,0.8148148148148148,0.3503249757888326,-0.09076957929665515,0.01293990933199572,0.1344024962214854
82,8.877,45.837,0.6666666666666666,0.19096671032412946,-0.024069915174966275,0.08743456662824423,0.12727808942005814
83,8.877,45.903,0.6296296296296297,0.15036170451230577,0.02287499506312331,0.5263542004912686,0.11771299852648295
84,8.877,45.969,0.4814814814814814,0.1296166179490524,0.02572810103839231,0.7689989133823436,0.1144842112503235
85,8.877,46.035,0.3703703703703703,0.09613419357311488,0.014911193497039607,1.0857302455556122,0.11416501134268006
86,8.877,46.101,0.1481481481481481,0.06050515601763744,0.0009959910540323124,1.2801357636807074,0.12046637285950029
87,8.943,44.913,0.6666666666666666,0.6255660694238505,0.0199006607208636,0.11428735657091602,-0.18843980542766764
88,8.943,44.979,0.7407407407407407,0.6523360660603181,0.009638709454459394,0.18490280978394727,-0.18381662358528977
89,8.943,45.045,0.8148148148148148,0.6858496231234681,-0.010286181871735786,0.3007376315629719,-0.17492727678732223
90,8.943,45.111,0.8148148148148148,0.7052625011321332,-0.022333639428611055,0.1962870962025225,-0.15060941919012885
91,8.943,45.177,0.8148148148148148,0.7220104026911085,-0.027089489342948456,0.10111333127177968,-0.06917601216793143
92,8.943,45.243,0.8888888888888888,0.7599411786923735,-0.04770727724573176,-0.04736826428115082,0.06115580984933533
93,8.943,45.309,0.8888888888888888,0.7671717119331644,-0.07523227391217878,-0.09754151183793014,0.12182653841592246
94,8.943,45.375,0.8888888888888888,0.7262251727975099,-0.08372495052758278,-0.03926008244651794,0.13602111983670886
95,8.943,45.441,0.8888888888888888,0.676126149899768,-0.08421245143751721,-0.034825202829515234,0.13871174219389046
96,8.943,45.507,0.8888888888888888,0.6229867110363004,-0.08463008839787997,-0.0305841724371533,0.13960937000381488
97,8.943,45.573,0.8888888888888888,0.5912713090781818,-0.09240213668829955,-0.018796881453583037,0.14054767770228901
98,8.943,45.639,0.8888888888888888,0.5445716700306165,-0.10344568149022096,-0.004510235172217325,0.14026632246418308
99,8.943,45.705,0.8148148148148148,0.48275142245323244,-0.11824879192254788,0.006469385769825064,0.1385149717851393
100,8.943,45.771,0.8148148148148148,0.3475508660019496,-0.1045355363622143,0.016700301847722046,0.13491393296566595
101,8.943,45.837,0.6666666666666666,0.18487032166863238,-0.03655611487309867,0.014051859029405755,0.12873237764167966
102,8.943,45.903,0.6296296296296297,0.14643208338101762,-0.0001629921393657037,0.2982490470090129,0.11990502565093386
103,8.943,45.969,0.4814814814814814,0.12810588891458013,0.006550309587330898,0.5620034008923365,0.11613468950565259
104,9.009,44.913,0.6666666666666666,0.6612465510040337,0.0002975006611511139,0.9359684720819158,-0.18298873608338778
105,9.009,44.979,0.7037037037037037,0.66920546453558,-0.01039661403658736,0.6212674484265761,-0.17875785891169035
106,9.009,45.045,0.8148148148148148,0.7111415045121046,-0.03580492917277771,0.457640080361019,-0.16660688888365155
107,9.009,45.111,0.8148148148148148,0.716732400824837,-0.04458179249336954,0.12390264474841405,-0.13544672114372916
108,9.009,45.177,0.8518518518518519,0.7231961061370502,-0.045414984572468606,0.04734830311917365,-0.050899824388641726
109,9.009,45.243,0.8888888888888888,0.7470364438505319,-0.06405800774488993,-0.05258851462845164,0.06460712535055445
110,9.009,45.309,0.8888888888888888,0.7367492495373982,-0.08061885219214864,-0.06425013647046893,0.1185482987276179
111,9.009,45.375,0.8888888888888888,0.6955790725825216,-0.08411342535663645,-0.052690897635955615,0.13343627871251462
112,9.009,45.441,0.8888888888888888,0.6562193762749877,-0.08826548255982483,-0.045716027104248935,0.1371822615924791
113,9.009,45.507,0.8888888888888888,0.6198356410460923,-0.09313145380381338,-0.038121890639537956,0.1383608979674747
114,9.009,45.573,0.8888888888888888,0.5925351107376855,-0.1050180977730158,-0.029167896072938695,0.13921259973738961
115,9.009,45.639,0.8888888888888888,0.548530384866218,-0.1207039715770651,-0.016650324920165285,0.13912417315591383
116,9.009,45.705,0.8518518518518519,0.47890826705977,-0.13350354068923875,-0.004419673705117196,0.13791989675505628
117,9.009,45.771,0.8148148148148148,0.3437212438965934,-0.08775403514518024,0.004387392196059077,0.13517791234620052
118,9.009,45.837,0.6666666666666666,0.2012974173324302,-0.02429817360623761,-0.03053021711256204,0.13029020870035068
119,9.009,45.903,0.6296296296296297,0.14950607565386786,-0.01154535469844084,0.17498730731888001,0.12291472224570218
120,9.009,45.969,0.4814814814814814,0.11207204620641237,-0.029846910771963678,0.46362519275340053,0.1188392997443733
121,9.009,46.035,0.3333333333333333,0.05773220967071646,-0.07770112436891502,0.6183940438737238,0.1253717072103926
122,9.075,44.781,0.3333333333333333,0.716574722237256,-0.20050722903148654,1.5839049950255895,-0.17871311028290193
123,9.075,44.847,0.4074074074074074,0.7073255770618829,-0.14132008652815872,1.5091196925085089,-0.1773006314166845
124,9.075,44.913,0.5925925925925926,0.699658587777175,-0.06307572943832795,1.4485079687292095,-0.17318639856701223
125,9.075,44.979,0.6666666666666666,0.717186151174679,-0.05359621107723354,1.146499917140563,-0.16766700649734767
126,9.075,45.045,0.8148148148148148,0.7535596251219867,-0.07000470577515813,0.5701965444781285,-0.15371411088498602
127,9.075,45.111,0.8148148148148148,0.7300661862070218,-0.06757533848196483,0.10031643292151735,-0.11598315729209217
128,9.075,45.177,0.8518518518518519,0.7139353435021107,-0.06314314763786008,0.007096843784488539,-0.028672957236035218
129,9.075,45.243,0.8888888888888888,0.7229993166806629,-0.07748647870911865,-0.05506353807064481,0.07045096345243415
130,9.075,45.309,0.8888888888888888,0.7041352981682745,-0.08893251016454476,-0.05545691344359599,0.11755540849619221
131,9.075,45.375,0.8888888888888888,0.6717050019468953,-0.09107712722062179,-0.052092675150322676,0.13195467001473363
132,9.075,45.441,0.8888888888888888,0.6412280003953575,-0.09590328543623727,-0.0490995208212677,0.13582972429732992
133,9.075,45.507,0.8888888888888888,0.6116803069607931,-0.103597400732714,-0.04425718402374282,0.1370763042669865
134,9.075,45.573,0.8888888888888888,0.5834707841048823,-0.11559688473551519,-0.0380433849391376,0.13796871566253954
135,9.075,45.639,0.8888888888888888,0.5344489455562482,-0.12826430587336216,-0.031552560934338614,0.1381726710622166
136,9.075,45.705,0.8518518518518519,0.4636799181655552,-0.14212649347405953,-0.024553093936106718,0.13748801494106433
137,9.075,45.771,0.8148148148148148,0.34120162244026586,-0.10296939895976098,-0.015726318921184628,0.13536408099656605
138,9.075,45.837,0.6666666666666666,0.22296525275740617,-0.041023730320696714,-0.008219382355855277,0.1315068995199058
139,9.075,45.903,0.6296296296296297,0.1644817160957266,-0.024135302296247607,0.2123743001834773,0.1260111821755871
140,9.075,45.969,0.4444444444444444,0.09793227429662583,-0.06202317205407726,0.4458971593820045,0.12483052808111884
141,9.075,46.035,0.3333333333333333,0.019138556597193608,-0.12819829202218377,0.6198977547532272,0.12988649721959336
142,9.075,46.101,0.1481481481481481,-0.07198742857410084,-0.18867171926129145,0.7478317517444818,0.13379115475597175
143,9.141,44.781,0.1851851851851851,0.7241639217176761,-0.2592594090528795,1.6935501045749648,-0.17122145732732952
144,9.141,44.847,0.3333333333333333,0.7326881600123183,-0.22396543115030432,1.5827582392445976,-0.16756206044026806
145,9.141,44.913,0.4814814814814814,0.7476353648754075,-0.1468761454896875,1.4481380568819173,-0.16375114283386588
146,9.141,44.979,0.6666666666666666,0.7815641400730671,-0.10134825127951687,1.1923416424246016,-0.1555258081862888
147,9.141,45.045,0.8148148148148148,0.7770654925244252,-0.09078080560246243,0.6610407601555643,-0.1381780433869419
148,9.141,45.111,0.8148148148148148,0.7202843060376176,-0.07608993414347492,0.10733030846504274,-0.09506408427936638
149,9.141,45.177,0.8518518518518519,0.687847843984571,-0.07187198232402134,-0.04310868017336673,-0.00947956511385486
150,9.141,45.243,0.8888888888888888,0.7040488895588045,-0.09047096950477414,-0.03950689870446288,0.07679773443240664
151,9.141,45.309,0.8888888888888888,0.7001094770501589,-0.10468896018444696,-0.03946942869387635,0.11792088869328668
152,9.141,45.375,0.8888888888888888,0.6780779886952385,-0.10812148191871929,-0.045944827793115484,0.1312935525137759
153,9.141,45.441,0.8888888888888888,0.6435123477223773,-0.11059747685608629,-0.0488910524497677,0.13496906943833414
154,9.141,45.507,0.8888888888888888,0.6058490602393658,-0.11392384814233635,-0.04767377892750975,0.1360942018079218
155,9.141,45.573,0.8888888888888888,0.5706046568753165,-0.12034794667999345,-0.04420648950962146,0.13706842986453158
156,9.141,45.639,0.8888888888888888,0.5165197619061226,-0.12405501411095578,-0.0406159397651249,0.1374006695636691
157,9.141,45.705,0.8518518518518519,0.4522435523037879,-0.1337376604212955,-0.036235036077046964,0.1371156380274064
158,9.141,45.771,0.8148148148148148,0.34993255402548257,-0.1215138392875945,-0.022951438795428634,0.13568879498223138
159,9.141,45.837,0.6666666666666666,0.24897761345717823,-0.0680116841181368,0.057558089297638934,0.1326787308481055
160,9.141,45.903,0.5555555555555556,0.17587840349027217,-0.04465997202195117,0.30426047186306177,0.1287716392056677
161,9.141,45.969,0.4074074074074074,0.10240500276652355,-0.06781183325936413,0.46738110005922484,0.1285701775266504
162,9.141,46.035,0.3333333333333333,-0.006916988389442415,-0.13853963625407076,0.5882749607211752,0.13186192072714759
163,9.141,46.101,0.1851851851851851,-0.11477800665345861,-0.18753243796993557,0.7062650711981664,0.1345483593082607
164,9.141,46.167,0.037037037037037,-0.20964281967669235,-0.2054768983505862,0.8097033647162942,0.1361732097911433
165,9.207,44.715,0.1111111111111111,0.7114821141260587,-0.3064934141502633,1.9306273037165647,-0.16824510824436006
166,9.207,44.781,0.1481481481481481,0.7181251179021289,-0.29840004833666034,1.8338177068498585,-0.1646417208889397
167,9.207,44.847,0.3333333333333333,0.7450438566442952,-0.29235997054954893,1.6227282765166482,-0.15966296108804234
168,9.207,44.913,0.4444444444444444,0.7899758867727327,-0.20106004861461932,1.4397976751228003,-0.1525255357981331
169,9.207,44.979,0.5925925925925926,0.8117536956129553,-0.12163882353471525,1.2631933287382546,-0.14189397602967796
170,9.207,45.045,0.7777777777777778,0.7866810862922748,-0.0976198370227127,0.7942974706930581,-0.12026265774943676
171,9.207,45.111,0.8148148148148148,0.7167043642099349,-0.0845448956931883,0.22835571035993715,-0.07449359536523015
172,9.207,45.177,0.8518518518518519,0.6862929300244203,-0.08622023683212413,-0.06061149051189901,0.0051556464486061425
173,9.207,45.243,0.8888888888888888,0.7147185360575361,-0.10962351880940074,-0.026851862040966033,0.08220335998151644
174,9.207,45.309,0.925925925925926,0.7175182726930155,-0.12580410925336663,-0.029313540742458545,0.11883912224835218
175,9.207,45.375,0.925925925925926,0.6956086577610336,-0.12878457693260506,-0.0426378525365597,0.13108129368049468
176,9.207,45.441,0.8888888888888888,0.6547584889973908,-0.1275577924229082,-0.048316719741632666,0.13445597092684675
177,9.207,45.507,0.8888888888888888,0.6070578176533066,-0.12422466499501451,-0.049052000547376254,0.13544734113172383
178,9.207,45.573,0.8888888888888888,0.5648113037718261,-0.12438670059980582,-0.04778971089458944,0.13640826330073513
179,9.207,45.639,0.8888888888888888,0.5052021257750652,-0.12396654118523484,-0.04802069093210267,0.13679703381818542
180,9.207,45.705,0.8518518518518519,0.44785276587384093,-0.13104655789958458,-0.04904410897875751,0.13668497366370555
181,9.207,45.771,0.8148148148148148,0.3675849297863808,-0.1277294287495968,-0.032491671426409865,0.13592693156261748
182,9.207,45.837,0.6666666666666666,0.27826432331173095,-0.0873470377727631,0.07685058438682349,0.13360582433126514
183,9.207,45.903,0.5555555555555556,0.19472500505282989,-0.0648734550388189,0.35516040879199084,0.1300311278522988
184,9.207,45.969,0.4444444444444444,0.0923276323180261,-0.06754408475539897,0.5015847438947467,0.128321708572724
185,9.207,46.035,0.3333333333333333,-0.02308773534941278,-0.11934743523265413,0.5876025154855216,0.13055419942580643
186,9.207,46.101,0.2592592592592592,-0.15684601067225248,-0.17431632398302352,0.6919905254237033,0.1326871280092854
187,9.207,46.167,0.037037037037037,-0.26934744366650687,-0.20406380817868158,0.7930474463302996,0.1318482609792546
188,9.207,46.233,0.0,-0.36845092078544417,-0.22302837355516655,0.8032480593579986,0.12631669698077408
189,9.273,44.649,0.0,0.7062522227493254,-0.3195750347783537,1.9480348661118239,-0.1655121787889917
190,9.273,44.715,0.1111111111111111,0.7092379083135367,-0.3210849071664674,1.9370318665715196,-0.16188727506277256
191,9.273,44.781,0.1481481481481481,0.7202927164898278,-0.3220983928950356,1.8293836516124644,-0.1570164522803793
192,9.273,44.847,0.3333333333333333,0.7565145606079497,-0.29242897406746815,1.5874975480955857,-0.15028166145618616
193,9.273,44.913,0.4444444444444444,0.7915031823045806,-0.17218337953059276,1.412221161459274,-0.14059740285837627
194,9.273,44.979,0.5925925925925926,0.7937801863129491,-0.10577965749897805,1.3075706295881293,-0.1255315344790224
195,9.273,45.045,0.7777777777777778,0.7678693255328007,-0.09754288937242188,0.9772171144693924,-0.10300839269100545
196,9.273,45.111,0.8148148148148148,0.7337467034634038,-0.09570317360264972,0.44629395287854734,-0.056278730678787456
197,9.273,45.177,0.8888888888888888,0.7171222424313664,-0.10553820037211023,0.10891776832790868,0.0181846523184213
198,9.273,45.243,0.925925925925926,0.7351982549239474,-0.12827461262629303,-0.03015827343351228,0.08725769411358782
199,9.273,45.309,0.925925925925926,0.7281995229567775,-0.1420153790966127,-0.03249080989985208,0.12028106492650785
200,9.273,45.375,0.925925925925926,0.7035160126019717,-0.1441790721053081,-0.04220490731439466,0.1311177519436075
201,9.273,45.441,0.8888888888888888,0.663717200230428,-0.140986180175514,-0.04802197518107432,0.13407284546692635
202,9.273,45.507,0.8888888888888888,0.6138318815488756,-0.13517448001723154,-0.0499991010566547,0.13503281879935258
203,9.273,45.573,0.8888888888888888,0.5677614397035707,-0.13034342862066967,-0.04929149974774363,0.1359740610311097
204,9.273,45.639,0.8888888888888888,0.5123693577898201,-0.12765727479020722,-0.05069913655741505,0.13645942991116228
205,9.273,45.705,0.8518518518518519,0.46506146426804335,-0.13458390016712146,-0.05308978414937336,0.13650523225141856
206,9.273,45.771,0.8518518518518519,0.3911771585653214,-0.1358611222244581,-0.035843771884556425,0.13632171661068795
207,9.273,45.837,0.7037037037037037,0.2976898949031584,-0.09802731411667251,0.062326373142856814,0.13402014322318032
208,9.273,45.903,0.5925925925925926,0.19422316421158675,-0.08388890645789945,0.40122145951857013,0.12858626177160742
209,9.273,45.969,0.4444444444444444,0.065166340986995,-0.07987855881348663,0.5800391930627296,0.12423372537612108
210,9.273,46.035,0.3333333333333333,-0.06437635049646047,-0.09840503765226234,0.6436506272334349,0.12506642968624102
211,9.273,46.101,0.2592592592592592,-0.20513880637732576,-0.1505668652532343,0.7201551289672088,0.12843165886317517
212,9.273,46.167,0.074074074074074,-0.33969064056778053,-0.20470640300515655,0.8096214014519302,0.12670174586290264
213,9.273,46.233,0.037037037037037,-0.4451800049806506,-0.2326051594676482,0.7781797799315311,0.11994132775173735
214,9.273,46.299,0.0,-0.5097667322677712,-0.23923988295697401,0.7216470858193869,0.115064720158315
215,9.273,46.365,0.0,-0.5434083628274742,-0.24206679760753114,0.7158734472688077,0.11107320416397691
216,9.273,46.431,0.0,-0.5592901519166463,-0.24425801942911907,0.7167271348159583,0.10818177271334353
217,9.273,46.497,0.0,-0.5660489009257293,-0.2456478624913164,0.7059412018704144,0.10602639896411085
218,9.339,44.715,0.1111111111111111,0.7141263281711516,-0.32402638697144504,1.8810037450588717,-0.15421472300445518
219,9.339,44.781,0.1851851851851851,0.7322454275553427,-0.3199262366695388,1.7786512159306895,-0.1476765599235647
220,9.339,44.847,0.3703703703703703,0.7658741976095498,-0.2739981997531732,1.5537391877660962,-0.13884541017922059
221,9.339,44.913,0.4814814814814814,0.7926485354317602,-0.15343950040609455,1.3980047375395146,-0.12669525758959757
222,9.339,44.979,0.5925925925925926,0.7914661778367434,-0.10929203067784138,1.3093214855232493,-0.10860523498629138
223,9.339,45.045,0.7777777777777778,0.7651339613577103,-0.11072447397161164,1.0455053357043351,-0.08178514063994069
224,9.339,45.111,0.8518518518518519,0.7465913464406346,-0.11646085867154093,0.6908015545162193,-0.0365731177964061
225,9.339,45.177,0.8888888888888888,0.7324503000131422,-0.1251837544928261,0.1403402897371511,0.031531617576577325
226,9.339,45.243,0.925925925925926,0.7371262770812073,-0.13955155305551092,-0.042925652461293255,0.0929654480122498
227,9.339,45.309,0.925925925925926,0.7196512237546744,-0.14838735538946277,-0.046286761687844,0.12187445484222761
228,9.339,45.375,0.925925925925926,0.6974846510046512,-0.15107936766327418,-0.04192339064137697,0.13106147444581723
229,9.339,45.441,0.925925925925926,0.6701287721445759,-0.15125255743029045,-0.0476399818722512,0.13363581271958305
230,9.339,45.507,0.8888888888888888,0.628072514227437,-0.14807291648208865,-0.05137205886260455,0.1347083458530544
231,9.339,45.573,0.8888888888888888,0.5803166061198773,-0.14168168595699873,-0.052274992649594905,0.13570020540650518
232,9.339,45.639,0.8888888888888888,0.5338531261657335,-0.13443745301374005,-0.051127197476982134,0.1362761270124099
233,9.339,45.705,0.8518518518518519,0.4944230729185914,-0.13487615567517175,-0.04837921831627642,0.13659854276508787
234,9.339,45.771,0.8518518518518519,0.4193736001555066,-0.13131636061392138,-0.014019820686760463,0.1363469497554956
235,9.339,45.837,0.7037037037037037,0.3114391343754386,-0.10694189507648075,0.06778502100335954,0.13332928698305951
236,9.339,45.903,0.5925925925925926,0.178150053504546,-0.1073904705303646,0.5292645059820877,0.1257769676424988
237,9.339,45.969,0.3333333333333333,0.04083414398143897,-0.10288637407043907,0.6457920400389952,0.11804340539794746
238,9.339,46.035,0.3333333333333333,-0.08436989549174928,-0.10664388477948616,0.6270234665672827,0.11765365365328456
239,9.339,46.101,0.3333333333333333,-0.23807194031675086,-0.14215262073130092,0.6872511815465283,0.12090884907979602
240,9.339,46.167,0.1481481481481481,-0.4306904205621935,-0.21855746083429867,0.8438024563444697,0.11999257920289415
241,9.339,46.233,0.037037037037037,-0.5266108783659371,-0.2524257587677753,0.8415864524835669,0.11418966216197342
242,9.339,46.299,0.0,-0.5664208061182551,-0.25260164027693643,0.7580620839099117,0.10969263450294167
243,9.339,46.365,0.0,-0.5719743589073021,-0.24898088692735668,0.7277270713356427,0.10643592816437764
244,9.339,46.431,0.0,-0.57247560641204,-0.24836786167997849,0.7102746002050342,0.10410988786969741
245,9.339,46.497,0.0,-0.5725280580276273,-0.24819469543004208,0.6966552380773888,0.10218850390771714
246,9.405,45.045,0.8148148148148148,0.7618434695719158,-0.1278671183059283,0.9413922532334229,-0.06459552185044234
247,9.405,45.111,0.8518518518518519,0.7497534344899667,-0.13509446574426864,0.6449062623663724,-0.018017065174130466
248,9.405,45.177,0.8888888888888888,0.7409037849612299,-0.14142683496434563,0.015522556344264643,0.046651324115940286
249,9.405,45.243,0.925925925925926,0.7331025896036909,-0.1490170455739373,-0.05756133136355402,0.09933449693887317
250,9.405,45.309,0.925925925925926,0.7167828130605327,-0.1547129866692406,-0.05660558739383566,0.12282250786557204
251,9.405,45.375,0.925925925925926,0.7033936282433357,-0.16057499171004486,-0.041399388253658576,0.1304990137229658
252,9.405,45.441,0.925925925925926,0.686532753803881,-0.1648672699498547,-0.04311112942001569,0.13298617137438037
253,9.405,45.507,0.925925925925926,0.6472854744055032,-0.1625267811913894,-0.052233277632284504,0.1341608800318848
254,9.405,45.573,0.8888888888888888,0.5980763069455325,-0.15532569535430718,-0.05556063049652074,0.1352743136582613
255,9.405,45.639,0.8888888888888888,0.5605923138677538,-0.1449457574090222,-0.0529983822315906,0.13597296551149907
256,9.405,45.705,0.8518518518518519,0.5300363447024559,-0.12968887177142352,-0.0388935409201409,0.1364680643085079
257,9.405,45.771,0.8148148148148148,0.45593692670044583,-0.10551855992888327,0.023314256423005685,0.13539048352736516
258,9.405,45.837,0.7037037037037037,0.3395069264256124,-0.11036253244799149,0.1987268493981939,0.13106604640640085
259,9.405,45.903,0.5555555555555556,0.18426780432377207,-0.12024823737803902,0.5887566610239654,0.12149050792754994
260,9.405,45.969,0.3333333333333333,0.05617700973067183,-0.12010323465553446,0.6005775754491178,0.11166976162047776
261,9.405,46.035,0.3333333333333333,-0.0759008230147436,-0.13431723293771858,0.5353475003244912,0.11026879874003376
262,9.405,46.101,0.2962962962962963,-0.2683081097913222,-0.16845292851808544,0.6349046042722648,0.11250143401960178
263,9.405,46.167,0.1481481481481481,-0.5198270706244603,-0.2500695832380232,0.9128857910961246,0.11194062409739737
264,9.405,46.233,0.037037037037037,-0.6474121295232892,-0.2877531484060234,0.939189170848046,0.10796649699106398
265,9.405,46.299,0.0,-0.6353103818364436,-0.27586710656009106,0.78559104084349,0.10419564204041236
266,9.405,46.365,0.0,-0.595408467566123,-0.25954027791906076,0.7051760995340589,0.10151479562247968
267,9.405,46.431,0.0,-0.5809566375118567,-0.25281033474292536,0.6795435772008069,0.09960808676878867
268,9.405,46.497,0.0,-0.5772295388333748,-0.25072067810010673,0.6734279649142828,0.0980881661199633
269,9.471,45.111,0.8888888888888888,0.7528471531328477,-0.155050616892997,0.3308945135948119,0.006576192198285428
270,9.471,45.177,0.925925925925926,0.74551091035077,-0.15851039858678523,-0.04952033557295065,0.06351813876766282
271,9.471,45.243,0.925925925925926,0.7427780945509106,-0.16402036252629273,-0.06956208042075901,0.10505348472550158
272,9.471,45.309,0.925925925925926,0.7262669692382329,-0.16837855614578678,-0.05419928286560517,0.1222701430559705
273,9.471,45.375,0.925925925925926,0.712778251312116,-0.1737733619817664,-0.03820306523242528,0.12876519470035047
274,9.471,45.441,0.925925925925926,0.7007285592782849,-0.1818337751076614,-0.03410122077852,0.13146445383944294
275,9.471,45.507,0.925925925925926,0.6696370764827224,-0.18270330689282677,-0.045987044932187776,0.13299279600481745
276,9.471,45.573,0.8888888888888888,0.6249559584140164,-0.1770223789453334,-0.0524551933362256,0.1342990832740545
277,9.471,45.639,0.8888888888888888,0.5885945502654433,-0.16237305050554507,-0.045356705667613205,0.1351082938242396
278,9.471,45.705,0.8518518518518519,0.5609216422426968,-0.13420068643321234,-0.02384613368040089,0.13531602350871985
279,9.471,45.771,0.8148148148148148,0.4928350001592653,-0.10577494946114735,0.07157044757323434,0.1331701853867263
280,9.471,45.837,0.6296296296296297,0.36329271716319306,-0.11828449775685676,0.4531420510069117,0.12671481121681272
281,9.471,45.903,0.4814814814814814,0.1990298400205433,-0.13466019145814612,0.5807866967212825,0.11508293970837682
282,9.471,45.969,0.3333333333333333,0.055956618902986824,-0.15154176340238174,0.5450785580194242,0.10564958316275236
283,9.471,46.035,0.3333333333333333,-0.12786956227451712,-0.1739630981226933,0.559796977460292,0.10480769433747772
284,9.471,46.101,0.1481481481481481,-0.35252974356324907,-0.21404218560890179,0.7172941045012884,0.10535125377786503
285,9.471,46.167,0.074074074074074,-0.5722850573554781,-0.2838882406846268,0.9430925328713202,0.10374657340332304
286,9.471,46.233,0.0,-0.6599439658506363,-0.3073069883482099,0.8745699112181382,0.10105604248300304
287,9.471,46.299,0.0,-0.6261146553399143,-0.2857078972992563,0.7061080607101866,0.09788643663205765
288,9.471,46.365,0.0,-0.601003172788987,-0.2665216522593887,0.6536625453584662,0.09603406131008216
289,9.471,46.431,0.0,-0.5835032741322386,-0.255890124362551,0.6558638904989722,0.09464915699989543
290,9.471,46.497,0.0,-0.5796722012196297,-0.251950838965345,0.6631115560689553,0.09365131724823357
291,9.537,45.111,0.8888888888888888,0.7527311565432354,-0.17200659246594058,-0.1210870072124436,0.030448373180843626
292,9.537,45.177,0.925925925925926,0.7514152318117895,-0.17551284917887694,-0.09846880606336421,0.0791516884189207
293,9.537,45.243,0.925925925925926,0.7497839245333802,-0.1821803985121298,-0.07730560157483805,0.10711090295619359
294,9.537,45.309,0.925925925925926,0.735358290796247,-0.18377353555532203,-0.05432711707191999,0.11979873156716028
295,9.537,45.375,0.925925925925926,0.7195383723381161,-0.18770593739563476,-0.04542893075806136,0.12573917793791262
296,9.537,45.441,0.925925925925926,0.7106381507504681,-0.19930284892076694,-0.032218934684691176,0.12852990268637443
297,9.537,45.507,0.925925925925926,0.6921939846221504,-0.20553434284024552,-0.03803749211880307,0.1302377972432756
298,9.537,45.573,0.8888888888888888,0.6504204688090245,-0.20273272545490895,-0.04421696786382808,0.13143039812836516
299,9.537,45.639,0.8888888888888888,0.6025611892292481,-0.18708244587541778,-0.03862538550408602,0.1322594725160588
300,9.537,45.705,0.8518518518518519,0.5642482418956809,-0.15568183503172878,-0.024154710088238218,0.13183752197969395
301,9.537,45.771,0.7777777777777778,0.502327016026578,-0.12941258904151942,0.054535190283844605,0.1280554689564995
302,9.537,45.837,0.5925925925925926,0.36176345899401874,-0.14238309987035788,0.4778659325759548,0.11898646136502845
303,9.537,45.903,0.3333333333333333,0.1810342797987965,-0.16634070979112234,0.5831819975061742,0.1062970177498603
304,9.537,45.969,0.3333333333333333,0.002511815396723519,-0.1918909578357486,0.6030186831066804,0.09879207782145162
305,9.537,46.035,0.1111111111111111,-0.19689321887414904,-0.21594974633269298,0.6621470083615929,0.09895135337350808
306,9.537,46.101,0.074074074074074,-0.42364321938783256,-0.25396740638838317,0.8356871849288181,0.09851399362800034
307,9.537,46.167,0.074074074074074,-0.5784733408436846,-0.30520107245326855,0.907159871190499,0.0958883593867852
308,9.537,46.233,0.0,-0.6095471664582925,-0.30507183036124536,0.7600270957792914,0.0930155249483087
309,9.537,46.299,0.0,-0.6076020188155498,-0.28511813913206435,0.6231943763011181,0.09104233244028673
310,9.537,46.365,0.0,-0.5909570822325845,-0.2672895056668092,0.6094362962844091,0.09002475655027288
311,9.603,45.111,0.8888888888888888,0.7512059629719232,-0.1822685390840803,-0.15585442836374666,0.04943336516901192
312,9.603,45.177,0.925925925925926,0.7557406198904011,-0.18871334587086594,-0.11456911084988908,0.08673262776676455
313,9.603,45.243,0.925925925925926,0.7551102883994687,-0.19335143992942985,-0.06086206732183881,0.10332330352829326
314,9.603,45.309,0.925925925925926,0.7433919937312592,-0.19493897009738304,-0.05195117097292017,0.11472775351938466
315,9.603,45.375,0.925925925925926,0.7227930832402205,-0.19773388165653594,-0.07159360546994513,0.12090033779404057
316,9.603,45.441,0.925925925925926,0.7196828132990194,-0.20929239244140022,-0.03469236203132761,0.12327918456123527
317,9.603,45.507,0.9629629629629628,0.7147620360210214,-0.21794591939085084,-0.02395544794835521,0.12449351580037984
318,9.603,45.573,0.925925925925926,0.6688077299851642,-0.21787797721674007,-0.03703997603146584,0.125129830492394
319,9.603,45.639,0.8888888888888888,0.5994940277542579,-0.20487358531658434,-0.03869429586412336,0.1256557208300082
320,9.603,45.705,0.8518518518518519,0.5383985734638357,-0.1798241271548236,-0.03018316067317149,0.12462621840401522
321,9.603,45.771,0.7407407407407407,0.47564191348005014,-0.15433463842388592,0.02111573643615107,0.11890945272441084
322,9.603,45.837,0.5925925925925926,0.3392010496969571,-0.17118927078845397,0.41239883412157474,0.10760405415504315
323,9.603,45.903,0.3333333333333333,0.14419938709443406,-0.19991970780985796,0.6101621814107314,0.09669555136637631
324,9.603,45.969,0.2222222222222222,-0.05659981716471185,-0.2270868947090356,0.6724407681564194,0.09240345661542862
325,9.603,46.035,0.1111111111111111,-0.2441916262090263,-0.2479204353152873,0.7359554310043384,0.09280245175511265
326,9.603,46.101,0.074074074074074,-0.4399327867187147,-0.2798604355246782,0.8484456862251127,0.09163590534684335
327,9.603,46.167,0.0,-0.5661543590087735,-0.3083446212108293,0.9010340450026099,0.08854606041873755
328,9.603,46.233,0.0,-0.5892081913123755,-0.29842474754501225,0.7516556982152092,0.08547892962419751
329,9.603,46.299,0.0,-0.5852381229433798,-0.2827201240093632,0.6135224881168313,0.08356623714922568
330,9.669,45.045,0.8888888888888888,0.7468184412432184,-0.18106265549450695,-0.15611384153323354,0.02662491283352802
331,9.669,45.111,0.8888888888888888,0.7523814234465819,-0.18820217719862287,-0.14949490483671474,0.061457291691075416
332,9.669,45.177,0.925925925925926,0.759636453490619,-0.1966069868237078,-0.10772212937476204,0.08274823003550928
333,9.669,45.243,0.925925925925926,0.7620611604157634,-0.2023404374283576,-0.02746642789576266,0.09436893744178135
334,9.669,45.309,0.925925925925926,0.7541952693598989,-0.2033904198955976,-0.02085589045492832,0.10565973418983171
335,9.669,45.375,0.925925925925926,0.7285348181257922,-0.20106177162378186,-0.07646568500845216,0.11063367006740105
336,9.669,45.441,0.925925925925926,0.7199442555027313,-0.21006286592020823,-0.04107149158641547,0.11290946530598935
337,9.669,45.507,0.9629629629629628,0.7196023436655972,-0.2196417908166014,-0.017414762783051187,0.11482898142899618
338,9.669,45.573,0.925925925925926,0.6783498888421542,-0.2206963052373403,-0.030277385111782296,0.11558328702759668
339,9.669,45.639,0.8888888888888888,0.6015505823064803,-0.2093061921514933,-0.03430816833103628,0.1150948771025096
340,9.669,45.705,0.8518518518518519,0.5230117869413164,-0.19265600683779616,-0.027077246335266005,0.1134285750580944
341,9.669,45.771,0.7037037037037037,0.44717285765157366,-0.1686202479376615,0.021179925591955882,0.10630729591297043
342,9.669,45.837,0.5555555555555556,0.3217037167884237,-0.18594928268650607,0.37733093575143895,0.09558335903352363
343,9.669,45.903,0.3333333333333333,0.1192424312772893,-0.21780005625122198,0.6235330947716313,0.08825955427445525
344,9.669,45.969,0.1851851851851851,-0.08278435438346429,-0.2445057862041528,0.7161613026587141,0.08682264197426172
345,9.669,46.035,0.1111111111111111,-0.250660493306298,-0.2646246434179812,0.7403976541864278,0.08772177420910622
346,9.669,46.101,0.074074074074074,-0.43177902340094576,-0.28822657794650236,0.8385613655610745,0.0861104583400109
347,9.669,46.167,0.0,-0.571850656134054,-0.3069248964052432,0.9251692768672354,0.08246021936560675
348,9.669,46.233,0.0,-0.5840939551672317,-0.2969840558045382,0.7744585465789287,0.078830727997315
349,9.669,46.299,0.0,-0.5770461714153549,-0.2820849199144302,0.6196851673126309,0.07699068662446909
350,9.735,45.045,0.8888888888888888,0.7497741139175806,-0.18386724051684455,-0.004138833442128693,0.030528899662879277
351,9.735,45.111,0.925925925925926,0.756009476663307,-0.19172000821832563,-0.07930769758978648,0.047154206773018376
352,9.735,45.177,0.925925925925926,0.7672732014330162,-0.20147640303946693,-0.06118252431967909,0.061115207663959475
353,9.735,45.243,0.925925925925926,0.7646321709328132,-0.20619061433780086,-0.0021954119829773727,0.07489392091533262
354,9.735,45.309,0.925925925925926,0.7532695165557752,-0.20361006811346527,0.01530411721668241,0.08665332163070481
355,9.735,45.375,0.925925925925926,0.7203749636077637,-0.1965710627431392,-0.1017935375010264,0.0930162663658517
356,9.735,45.441,0.8888888888888888,0.7036676679662042,-0.20103185756100278,-0.06043321440540044,0.09654056432745992
357,9.735,45.507,0.925925925925926,0.7053477757556469,-0.20957619008531414,-0.011373922929683526,0.09981654386276248
358,9.735,45.573,0.925925925925926,0.6761219801420378,-0.21100803078025665,-0.017542710263705023,0.10135493466031587
359,9.735,45.639,0.8888888888888888,0.6115669591447905,-0.2029909167202904,-0.021909526878970798,0.10074066866833958
360,9.735,45.705,0.8518518518518519,0.5289671786860515,-0.19060241966420777,-0.01301192626322456,0.09865427154329709
361,9.735,45.771,0.7037037037037037,0.4415006752977516,-0.17132216811025835,0.037994246472712184,0.09197872234518045
362,9.735,45.837,0.5555555555555556,0.31758215394877454,-0.18865673194101146,0.40629830673090106,0.08393095132465503
363,9.735,45.903,0.3333333333333333,0.12437220033591274,-0.22176801392049245,0.6225539215133573,0.08066358022415254
364,9.735,45.969,0.1851851851851851,-0.0761102493604373,-0.25009623140848736,0.704307083999445,0.08166244278702325
365,9.735,46.035,0.1111111111111111,-0.2476520639569341,-0.27020659756177773,0.7318283724543279,0.08329953782025389
366,9.735,46.101,0.037037037037037,-0.43472618478664815,-0.2926962561976185,0.8400169965152704,0.0815474922392616
367,9.735,46.167,0.0,-0.5767857338839762,-0.3123427070082784,0.9344424452104545,0.07745415669178003
368,9.735,46.233,0.0,-0.5910019183108329,-0.30047559293277454,0.7846050895614921,0.07320043332250124
369,9.735,46.299,0.0,-0.5824589231537407,-0.285528444236357,0.6272893542596194,0.07082149283369207
370,9.735,46.365,0.0,-0.575352173786126,-0.27818445260253233,0.6008836388530885,0.06866513054279248
371,9.801,45.045,0.8888888888888888,0.7516191339814343,-0.1831967250214991,0.30725997363174923,0.003834264091159629
372,9.801,45.111,0.925925925925926,0.7597416223833164,-0.1930677373382903,0.18477121724324547,0.013891064913340835
373,9.801,45.177,0.925925925925926,0.7719327569826668,-0.20339485508668576,-0.03244714179714113,0.024365638133882563
374,9.801,45.243,0.925925925925926,0.7631445500371932,-0.20467249233735052,-0.026549463781060333,0.04160297803998239
375,9.801,45.309,0.925925925925926,0.7436971247035602,-0.1986450681885411,-0.0763944591690259,0.05914307211983717
376,9.801,45.375,0.8888888888888888,0.7084798229494856,-0.1879848032037004,-0.10645227338093553,0.06853606484442443
377,9.801,45.441,0.8888888888888888,0.6881525477710209,-0.18744114320478283,-0.04419601193642864,0.07468349576685981
378,9.801,45.507,0.925925925925926,0.6929890199837425,-0.19487206666321633,0.004960050558367037,0.08024486404691078
379,9.801,45.573,0.925925925925926,0.6791624953429674,-0.19983182497603488,0.0014093958526348238,0.08317598304778256
380,9.801,45.639,0.8888888888888888,0.6352810496969776,-0.19212355923601793,0.00011593149399057381,0.08322332279701794
381,9.801,45.705,0.8148148148148148,0.5572521010229619,-0.17422839405228346,0.01116947306541841,0.08163486482818694
382,9.801,45.771,0.7037037037037037,0.45337760563160756,-0.16384725194939784,0.09950869272261098,0.07843930489669271
383,9.801,45.837,0.5555555555555556,0.3120358380759647,-0.19126781142780552,0.4931806451407643,0.07447487923547907
384,9.801,45.903,0.3333333333333333,0.12625538102464834,-0.22498720290617014,0.6342236784504773,0.0736025307415439
385,9.801,45.969,0.1851851851851851,-0.06513903868102049,-0.2524971896327549,0.6894083471751338,0.07601328368615837
386,9.801,46.035,0.1111111111111111,-0.25093452030973745,-0.2758224799272053,0.7259333712361018,0.07847111901410608
387,9.801,46.101,0.037037037037037,-0.44958306426372496,-0.3002465910398196,0.8604659155428802,0.07699872198185681
388,9.801,46.167,0.0,-0.5899447945858617,-0.32093802232724417,0.9615906171074697,0.07259947461868733
389,9.801,46.233,0.0,-0.6116813754462447,-0.30567340912578794,0.8231217933260838,0.06809086026808558
390,9.801,46.299,0.0,-0.5911280951163125,-0.28842298559500323,0.6744740560657663,0.06500929329186604
391,9.801,46.365,0.0,-0.5824789850313458,-0.280982650021124,0.6451129952839614,0.06240539376132826
392,9.867,45.045,0.8518518518518519,0.7490224611491952,-0.17556900159331523,0.31037476444664225,-0.016234003810566208
393,9.867,45.111,0.925925925925926,0.7593179602225348,-0.1883011690337422,0.27127831298292077,-0.01018636746534197
394,9.867,45.177,0.925925925925926,0.7632876273807194,-0.19976967760030062,0.13620641043994658,-0.004250928883091679
395,9.867,45.243,0.925925925925926,0.7543013093934308,-0.19695292150357713,-0.04104012559871708,0.010739739477295365
396,9.867,45.309,0.925925925925926,0.7293965461431238,-0.18809922794336062,-0.213473967834937,0.033177138334741195
397,9.867,45.375,0.8888888888888888,0.6956216112492752,-0.17617650832296797,-0.06746441168669953,0.04432720413154155
398,9.867,45.441,0.8888888888888888,0.6818781607244855,-0.17425362483746173,0.0233261005217182,0.0516632161136621
399,9.867,45.507,0.925925925925926,0.6902122461423446,-0.1818873771074903,0.036684591706435954,0.05792177310948171
400,9.867,45.573,0.925925925925926,0.689305459907059,-0.18746079042317412,0.03025540221467696,0.062276261248301386
401,9.867,45.639,0.8888888888888888,0.6690975368112357,-0.17481134245140406,0.03391682748674454,0.06458431509505921
402,9.867,45.705,0.8148148148148148,0.6060563167054939,-0.14846684261040582,0.06215219985798463,0.0663572257231289
403,9.867,45.771,0.7037037037037037,0.47794642475102656,-0.15018341333416585,0.23245891764231624,0.06727600935535288
404,9.867,45.837,0.5185185185185185,0.298380883683984,-0.1940764006454716,0.5706541256597352,0.06726003149473977
405,9.867,45.903,0.3333333333333333,0.09468402369942472,-0.23489915074807027,0.6924612771016094,0.06842654238681906
406,9.867,45.969,0.1851851851851851,-0.08427725668145228,-0.26115662969864206,0.7203087099010905,0.07130085749564763
407,9.867,46.035,0.074074074074074,-0.26630169868634757,-0.28209793113872283,0.7561833293219786,0.0738132851422621
408,9.867,46.101,0.0,-0.46665251943933195,-0.3057696801953353,0.8989592330643941,0.0725713192115931
409,9.867,46.167,0.0,-0.6055445883240403,-0.3247032240476069,1.0029074860137832,0.06875636078003608
410,9.867,46.233,0.0,-0.6223356613186665,-0.3059584181669761,0.8694809835815901,0.06444230188061795
411,9.867,46.299,0.0,-0.5939697165147203,-0.2862235509828771,0.726353485757071,0.06055252309221259
412,9.867,46.365,0.0,-0.5833024398601188,-0.2783906899510935,0.6955336545332558,0.05736187478739825
413,9.933,45.111,0.925925925925926,0.7516957038017271,-0.1764856592087431,0.15981566760367488,-0.02043579371039808
414,9.933,45.177,0.925925925925926,0.7550726816686202,-0.18906419112659628,0.1763666830049222,-0.012958434237188843
415,9.933,45.243,0.925925925925926,0.7396728557300095,-0.1862113704201623,0.11699396268933633,0.0019271470767183024
416,9.933,45.309,0.8888888888888888,0.7153231730594698,-0.17583120753397122,0.038756713878726236,0.019302048037118824
417,9.933,45.375,0.8888888888888888,0.6834504083155668,-0.16344115062572115,-0.012687824619993996,0.027924536819663337
418,9.933,45.441,0.8888888888888888,0.6725544094246919,-0.16286422665346828,0.059789803925933804,0.03407011706650655
419,9.933,45.507,0.925925925925926,0.6783077902273704,-0.16827467608412033,0.06897874443980151,0.0391318458130943
420,9.933,45.573,0.925925925925926,0.6808746783607804,-0.1705965193551941,0.06319285929777552,0.04325713652450954
421,9.933,45.639,0.8888888888888888,0.6670514100094932,-0.15030042790004533,0.08058164359932371,0.04671631269759933
422,9.933,45.705,0.8148148148148148,0.6187325504079824,-0.11561031964696497,0.14663095072943175,0.052165453910852234
423,9.933,45.771,0.7037037037037037,0.4947853266365927,-0.13209966393285316,0.26739076267888207,0.05824303297037334
424,9.933,45.837,0.5185185185185185,0.29774544610059317,-0.19657431010363527,0.5194745007569626,0.06212117573880284
425,9.933,45.903,0.3333333333333333,0.068880641204694,-0.2487749386695816,0.7217214215812611,0.06495517976621738
426,9.933,45.969,0.1851851851851851,-0.11189833703011476,-0.2707697145769379,0.7677181791704646,0.06780230798595478
427,9.933,46.035,0.074074074074074,-0.2799493016275235,-0.28647371055051785,0.7922521103214549,0.06989448870236356
428,9.933,46.101,0.0,-0.46117703991017084,-0.3040092101403684,0.9096251731862296,0.06884401475604567
429,9.933,46.167,0.0,-0.5891468157348342,-0.3143415365728461,0.997525295353092,0.06523791575977719
430,9.933,46.233,0.0,-0.6022673038503032,-0.29292270357264005,0.8707694318884994,0.06069628351561834
431,9.933,46.299,0.0,-0.5839747247700879,-0.27606362784905025,0.7390841278691116,0.056415056074907
432,9.933,46.365,0.0,-0.5736758270121074,-0.2678608176270727,0.7177280139626501,0.053158059475180236
433,9.999,45.045,0.8518518518518519,0.737163959781715,-0.15760921739162773,-0.0398586708665885,-0.026327083796610452
434,9.999,45.111,0.925925925925926,0.7472434218768745,-0.1683264406542312,0.060505417346261164,-0.020440584922132136
435,9.999,45.177,0.925925925925926,0.7494437026713322,-0.17946069130454462,0.1447012904116258,-0.013929109812136091
436,9.999,45.243,0.925925925925926,0.7302956695225976,-0.1760692719229066,0.12919539704692015,0.0022450070152511183
437,9.999,45.309,0.8888888888888888,0.7044888336960433,-0.16512161217528953,0.11150331202995539,0.014174057384317602
438,9.999,45.375,0.8888888888888888,0.674147668533322,-0.15413436058520552,0.02700707197662416,0.020233592360375256
439,9.999,45.441,0.8888888888888888,0.6640115495983705,-0.15311405673154307,0.07251487884540152,0.024445967118280974
440,9.999,45.507,0.925925925925926,0.660743775169595,-0.15420854510692172,0.07883492156597008,0.028049336851140756
441,9.999,45.573,0.8888888888888888,0.6551627093032928,-0.1536253469882407,0.07190720757295693,0.030849403473952354
442,9.999,45.639,0.8518518518518519,0.6228008513662399,-0.127553176685074,0.0971181241341465,0.03397586873150761
443,9.999,45.705,0.7407407407407407,0.5591225561399942,-0.09194945100163618,0.22886818495023084,0.041565323904909315
444,9.999,45.771,0.6666666666666666,0.44320120183121703,-0.12495104955665222,0.28704696527946877,0.05275663727492023
445,9.999,45.837,0.5185185185185185,0.2700854198056023,-0.20586656997418235,0.4671363969837914,0.05967752519272872
446,9.999,45.903,0.3333333333333333,0.05078185621935535,-0.2589293682357293,0.7086578495004131,0.062969667633746
447,9.999,45.969,0.1481481481481481,-0.12573172600009785,-0.27481298683318384,0.7838647871200921,0.06557037827893927
448,9.999,46.035,0.074074074074074,-0.27397270580636524,-0.2843830886640893,0.8047811527509345,0.06714379805948177
449,9.999,46.101,0.0,-0.4402922847309917,-0.29531041131788893,0.9038677583698103,0.06569697683438872
450,9.999,46.167,0.0,-0.5630406780090044,-0.2998893731955915,0.9827500613000155,0.06166831060621396
451,9.999,46.233,0.0,-0.5750682922961802,-0.2786672259485213,0.8727149093265061,0.056754233824820824
452,9.999,46.299,0.0,-0.5657825478210214,-0.26177917596677464,0.7489248416556822,0.052359078971697566
453,9.999,46.365,0.0,-0.5550406292387283,-0.2500194244377793,0.7322739706113597,0.04980772750517555
454,10.065,45.045,0.8888888888888888,0.7417970966615972,-0.1579141364069978,-0.07027026236886413,-0.026513733571251686
455,10.065,45.111,0.925925925925926,0.7509905778879253,-0.1682296411222144,0.036542058659112996,-0.017682289159691743
456,10.065,45.177,0.925925925925926,0.7584160286086772,-0.17806740995588274,0.11137568136653875,-0.009905008337035077
457,10.065,45.243,0.925925925925926,0.7323523938920011,-0.17169317500360887,0.09908306538965436,0.0032467410653305006
458,10.065,45.309,0.8888888888888888,0.7017172359747846,-0.15937003390293722,0.06280428296324754,0.012048469048108364
459,10.065,45.375,0.8888888888888888,0.6712308265396553,-0.1475789459241244,0.03778556585743392,0.016605887411686383
460,10.065,45.441,0.8888888888888888,0.6566083306094208,-0.14428724190611006,0.057432772818366895,0.01970813544687121
461,10.065,45.507,0.925925925925926,0.6433539869904303,-0.14232294996199904,0.06536032378528113,0.022290344802034314
462,10.065,45.573,0.8888888888888888,0.6299031865003102,-0.13788699359885886,0.07055828610414863,0.02454998831370081
463,10.065,45.639,0.8518518518518519,0.583637819759041,-0.11684522273950193,0.10281627380006725,0.02801885126463967
464,10.065,45.705,0.7037037037037037,0.4952690401863559,-0.10275737391238057,0.28936065435288283,0.036453825726154965
465,10.065,45.771,0.6296296296296297,0.3717686593483847,-0.1471882488722781,0.3681841414510757,0.05025563536905686
466,10.065,45.837,0.5185185185185185,0.21803914948308922,-0.2231644376326003,0.48211015510360833,0.05897621672221411
467,10.065,45.903,0.3333333333333333,0.028883969112886203,-0.26947877051919067,0.6994908073493713,0.06268916821900787
468,10.065,45.969,0.1481481481481481,-0.1392136100470302,-0.27567379222139937,0.7903224215868013,0.06518422106739494
469,10.065,46.035,0.074074074074074,-0.274833353498629,-0.2771563474001635,0.8164753098903273,0.06632125783925996
470,10.065,46.101,0.0,-0.42959560084232973,-0.2853008710036496,0.910368120058293,0.06420257295665992
471,10.065,46.167,0.0,-0.551704584507781,-0.29178920653344165,0.9981447642347625,0.05920865306043076
472,10.065,46.233,0.0,-0.5662071319249276,-0.27094667998890903,0.9265311384094028,0.05356917678991227
473,10.065,46.299,0.0,-0.5569744317560056,-0.24904838989648787,0.8014046910019648,0.04959559272619906
474,10.065,46.431,0.0,-0.5482962703848365,-0.22644667012780584,0.788573406288252,0.046282110556139025
475,10.065,46.497,0.0,-0.5563257383161667,-0.22331434540517264,0.8219499693866564,0.045323936784867014
476,10.065,46.563,0.0,-0.5590610584885835,-0.22096870874963093,0.8302350495414115,0.04522111468793624
477,10.131,45.045,0.8888888888888888,0.7523774067542085,-0.1607015134180807,0.07242372216595346,-0.024269835099127113
478,10.131,45.111,0.925925925925926,0.7612610153754119,-0.1722382116959539,0.06407054830498601,-0.015866723970773884
479,10.131,45.177,0.925925925925926,0.7677450802509228,-0.17920082801610904,0.075005016457101,-0.006133245126486194
480,10.131,45.243,0.925925925925926,0.7416277848410024,-0.17014049546056892,0.06500893108199549,0.004472637832634287
481,10.131,45.309,0.8888888888888888,0.7033591624964064,-0.15556760448490548,0.03844176242538682,0.011171348546967639
482,10.131,45.375,0.8888888888888888,0.6664546919005448,-0.14000539059681957,0.039723890988098545,0.014523437170067897
483,10.131,45.441,0.8888888888888888,0.6428038387388462,-0.1347100664622503,0.043430782414651654,0.016989418225557208
484,10.131,45.507,0.8888888888888888,0.6227903503846948,-0.13302565560044216,0.052147439322524525,0.019310217691260456
485,10.131,45.573,0.8888888888888888,0.6008012829332536,-0.12805620144707114,0.0606040923400879,0.0225210493923811
486,10.131,45.639,0.7777777777777778,0.5569898604921102,-0.11863252819567946,0.08965953385103341,0.0272038981591584
487,10.131,45.705,0.7037037037037037,0.45853686258597337,-0.13303460975918036,0.2970389136724507,0.03676478054041493
488,10.131,45.771,0.5555555555555556,0.31367334198851426,-0.179504626383817,0.45138326080064667,0.05081352955758563
489,10.131,45.837,0.5185185185185185,0.14534966771359786,-0.24085423266867406,0.5480497677808747,0.06009543271119717
490,10.131,45.903,0.3333333333333333,-0.030951366785720254,-0.278598760946692,0.7322789219630442,0.06416745337474601
491,10.131,45.969,0.1481481481481481,-0.1705524909819362,-0.27550561469782964,0.8142721672285941,0.0668067216438413
492,10.131,46.035,0.074074074074074,-0.27658548278120243,-0.27092311758302656,0.8152057059451221,0.06793368994418286
493,10.131,46.101,0.0,-0.4122334490895384,-0.2760405076179172,0.8984968529935012,0.06524504297278447
494,10.131,46.167,0.0,-0.5420975256630506,-0.28568631194825145,1.0023346261341932,0.05884847859396116
495,10.131,46.233,0.0,-0.5635056975311485,-0.2685386411592834,0.9771399091654337,0.05214220973414159
496,10.131,46.299,0.0,-0.5591564965102569,-0.24254726920124992,0.8589281497203256,0.04816358560200818
497,10.131,46.365,0.0,-0.5448864546710332,-0.22701114761235774,0.7808516932797925,0.045840377287429526
498,10.131,46.431,0.0,-0.5473942190821851,-0.2210728739344594,0.7885463824462746,0.045506376489877765
499,10.131,46.497,0.0,-0.5580203118739329,-0.2210477946260198,0.8285242949468932,0.04485963213920988
500,10.131,46.563,0.0,-0.5613326996026365,-0.2205294958392803,0.8429423117807797,0.044672905265549415
501,10.131,46.629,0.0,-0.5618271100517367,-0.21958511985730375,0.8378185989895486,0.04450575540023715
502,10.197,45.045,0.8888888888888888,0.7619011306637341,-0.16143728673231222,0.08245346409554892,-0.02204088622700244
503,10.197,45.111,0.925925925925926,0.7687936598151527,-0.17139542911207828,0.052697475239611775,-0.01425573882785639
504,10.197,45.177,0.925925925925926,0.7777940230595922,-0.17793766509262293,0.01809090773955397,-0.0029907974911954132
505,10.197,45.243,0.925925925925926,0.7509011492258569,-0.16824984091305586,0.016305600965811375,0.005795086500033063
506,10.197,45.309,0.8888888888888888,0.7046322132437015,-0.1501919920099153,0.03480519942623986,0.010469304016563173
507,10.197,45.375,0.8888888888888888,0.6606022548119633,-0.13190448590326928,0.040338399673019436,0.013212923154430883
508,10.197,45.441,0.8888888888888888,0.6327657819335356,-0.12404908793485267,0.045057320830590414,0.015279377863320384
509,10.197,45.507,0.8888888888888888,0.6086228450170479,-0.11923159810858638,0.051976867222614326,0.017541845753745892
510,10.197,45.573,0.8518518518518519,0.5785732069759444,-0.1146548357340289,0.058285614212584796,0.022064299747331182
511,10.197,45.639,0.7407407407407407,0.5320530160060235,-0.11659816734867545,0.09443233770947915,0.028890035627920193
512,10.197,45.705,0.5925925925925926,0.4340563177296288,-0.14297674715450143,0.4462997300648266,0.04018855346523223
513,10.197,45.771,0.4814814814814814,0.27152499705520894,-0.18380598861050298,0.6220095665879236,0.05419161367890325
514,10.197,45.837,0.3703703703703703,0.09246441154225558,-0.23693894700663387,0.7017657992819314,0.06339864540915607
515,10.197,45.903,0.3333333333333333,-0.09067250726387749,-0.27504780300002846,0.8546946171401829,0.06779240874156589
516,10.197,45.969,0.1481481481481481,-0.221962982010157,-0.2787425630376228,0.8765246987946165,0.06994534779108169
517,10.197,46.035,0.1111111111111111,-0.307923728227776,-0.2749345501294307,0.8379128843814128,0.07029098548331641
518,10.197,46.101,0.0,-0.40759936017624143,-0.27569977721576056,0.8930746439450663,0.06750721043705898
519,10.197,46.167,0.0,-0.5235445215855157,-0.28260184693286083,0.9837212869866612,0.06077321216728397
520,10.197,46.233,0.0,-0.5723026534146134,-0.27017604139823925,0.9838354937393907,0.053262556673231494
521,10.197,46.299,0.0,-0.5623861385556912,-0.24437237123258515,0.8969587567242122,0.04878343861411545
522,10.197,46.365,0.0,-0.5525508655569602,-0.22724366771019108,0.8152853297472213,0.04653032579466938
523,10.197,46.431,0.0,-0.5537306516841604,-0.2224741887686696,0.7999904358476476,0.04551799643151106
524,10.197,46.497,0.0,-0.5646928733327148,-0.22365760892848136,0.8313232798239882,0.04497211673108215
525,10.197,46.563,0.0,-0.5656826817241576,-0.2225755156738375,0.8492768926836047,0.04467414474833323
526,10.197,46.629,0.0,-0.5637830456727192,-0.2207488633585447,0.8401824320317657,0.044458624118147945
527,10.263,44.979,0.8888888888888888,0.7593282512953651,-0.1436486572133307,0.07279569790004112,-0.027313571731733374
528,10.263,45.045,0.8888888888888888,0.7647409976364807,-0.15361222430908295,0.07947562486406866,-0.019840580468651087
529,10.263,45.111,0.925925925925926,0.7734484921477898,-0.16538185191301188,0.04738522733035137,-0.010934726786091552
530,10.263,45.177,0.925925925925926,0.782922301626681,-0.1741140744889476,0.005551844905903269,-0.0002900033073208958
531,10.263,45.243,0.925925925925926,0.7557377256086151,-0.16418874078707157,-0.002033462023532934,0.0068752418006019795
532,10.263,45.309,0.8888888888888888,0.7046439928075783,-0.1441250199001644,0.034893188990961714,0.00977084011347609
533,10.263,45.375,0.8888888888888888,0.6578585796030099,-0.12563659347422354,0.04352184606402513,0.012206604208618143
534,10.263,45.441,0.8888888888888888,0.631742417828904,-0.11260179882119911,0.050596909075510225,0.013914756454153838
535,10.263,45.507,0.8888888888888888,0.6102483211153569,-0.0980760110891319,0.05712914204480386,0.016137588209166165
536,10.263,45.573,0.8148148148148148,0.5805788657470469,-0.09686399445525423,0.06491826914427133,0.021621822132946007
537,10.263,45.639,0.7407407407407407,0.5227813279917856,-0.11294429713130347,0.1416457356986279,0.030431076146631535
538,10.263,45.705,0.5555555555555556,0.41309199576072364,-0.1459500243586216,0.6460003489045127,0.044331209784689046
539,10.263,45.771,0.3703703703703703,0.25006916115392014,-0.18441140672316275,0.7453434888486866,0.06032985901650906
540,10.263,45.837,0.3333333333333333,0.0788095901388738,-0.22580234852481332,0.8012270103085493,0.06868436826272467
541,10.263,45.903,0.2592592592592592,-0.1025293656319067,-0.2650523442109367,0.9002332555048254,0.07167892898381634
542,10.263,45.969,0.1481481481481481,-0.26745808368537366,-0.28727759241191386,1.0050081973681255,0.07234721115369504
543,10.263,46.035,0.074074074074074,-0.37083485444440756,-0.2921563845974128,0.979786822595015,0.07146417180555557
544,10.263,46.101,0.0,-0.44376471230400927,-0.2867379122020588,0.9732540573904959,0.0683960374985553
545,10.263,46.167,0.0,-0.5163483459803678,-0.28481238124795605,0.986575430384092,0.06218189821159621
546,10.263,46.233,0.0,-0.5580351483243824,-0.2721418570836852,0.967967874556805,0.05517728364505413
547,10.263,46.299,0.0,-0.5679017346348181,-0.2500000312753367,0.9207408357027627,0.05051559682674131
548,10.263,46.365,0.0,-0.5619156764203954,-0.23558332440138152,0.8636801373000393,0.04767518657717263
549,10.263,46.431,0.0,-0.5628609332985461,-0.23053352487849724,0.8423481495163396,0.04608941964724356
550,10.263,46.497,0.0,-0.5685100115592405,-0.22865124264915765,0.8518003724541429,0.045429945566113974
551,10.263,46.563,0.0,-0.5680425775991005,-0.22545433744653007,0.8446024900082217,0.04496879143816315
552,10.263,46.629,0.0,-0.5647923385960947,-0.22252581237908764,0.8332696136060845,0.04465137982006942
553,10.329,44.979,0.8888888888888888,0.7536719790825158,-0.1261744767975726,0.0697076440819422,-0.024247126234657915
554,10.329,45.045,0.8888888888888888,0.7641927083026967,-0.14137084460930374,0.07587811667430876,-0.017216307723598938
555,10.329,45.111,0.925925925925926,0.7784160638345439,-0.1566186812389124,0.032271193454425716,-0.009462106224678973
556,10.329,45.177,0.925925925925926,0.7889908758048054,-0.16795106749593045,-0.010752832931342451,0.001799840833613205
557,10.329,45.243,0.925925925925926,0.7597089782770865,-0.15938302483254496,-0.0024307732202928844,0.00765793476942117
558,10.329,45.309,0.8888888888888888,0.705271890553097,-0.13927180076185303,0.037205817489520676,0.009479448232576113
559,10.329,45.375,0.8888888888888888,0.6604306671242673,-0.11950122263124152,0.05195063533499865,0.011131051997254424
560,10.329,45.441,0.8888888888888888,0.6280500562786269,-0.09964901249231092,0.05397611623518811,0.012256064322428047
561,10.329,45.507,0.8518518518518519,0.6054340350636893,-0.07943782636212181,0.055488992427826185,0.014299220006344744
562,10.329,45.573,0.8148148148148148,0.5701755156542812,-0.07984984390315104,0.06810596858590612,0.020531998043427882
563,10.329,45.639,0.7037037037037037,0.5152267634440274,-0.10962118963447323,0.26009898593675407,0.031724078986165416
564,10.329,45.705,0.5185185185185185,0.4015658852996265,-0.14989539762397647,0.7273315502061949,0.04827063992171425
565,10.329,45.771,0.3333333333333333,0.26159608864925776,-0.1842081385316724,0.7950873725046061,0.06455513923159129
566,10.329,45.837,0.2962962962962963,0.11748521872462545,-0.21737324795522706,0.8059607151744481,0.07242032711451701
567,10.329,45.903,0.2222222222222222,-0.05941788892324894,-0.25662427112370756,0.8800365607410416,0.07417553337767298
568,10.329,45.969,0.1111111111111111,-0.27502066809005016,-0.29454148079584075,1.0749398916708728,0.07323074689146747
569,10.329,46.035,0.0,-0.41821038593979554,-0.3090522735998691,1.1307391953687898,0.07070481274812188
570,10.329,46.101,0.0,-0.4808592851625395,-0.29992999660304226,1.0583332289005174,0.06707085036276557
571,10.329,46.167,0.0,-0.5101433766431518,-0.285562521557822,0.9821680935269133,0.06174168302581275
572,10.329,46.233,0.0,-0.5336157813382328,-0.26654470399976377,0.9374984680482745,0.05598422147162588
573,10.329,46.299,0.0,-0.5497513154125352,-0.2509658445684204,0.9020596693665015,0.051800363151304124
574,10.329,46.365,0.0,-0.5620685416113675,-0.24284847767555126,0.8790967842181474,0.04878604669668951
575,10.329,46.431,0.0,-0.5782175634107318,-0.24007806104213217,0.8811435194445583,0.047048720476398895
576,10.329,46.497,0.0,-0.5719589163533251,-0.2337549945830934,0.8749416290814973,0.04598897649472701
577,10.329,46.563,0.0,-0.566021935293703,-0.22749728524945095,0.8470289721863153,0.04541824001799592
578,10.395,44.979,0.8888888888888888,0.7383517065745959,-0.10218695164334529,0.05980098690104732,-0.021702436148487096
579,10.395,45.045,0.8888888888888888,0.7543593139028013,-0.12219397006665694,0.0644741611284173,-0.01489988967875007
580,10.395,45.111,0.925925925925926,0.7778117246626775,-0.14471286061347544,0.023652760324721776,-0.007606675713488761
581,10.395,45.177,0.925925925925926,0.7912135804272078,-0.16045058748295543,-0.011579640495821315,0.0045916311218094285
582,10.395,45.243,0.925925925925926,0.763541373196845,-0.1542969412234655,0.0014480478763035768,0.008704562847556436
583,10.395,45.309,0.8888888888888888,0.7081927502130061,-0.13603273117081938,0.03907131024260607,0.00927176003615347
584,10.395,45.375,0.8888888888888888,0.6634249230377285,-0.11457816210152445,0.06203754359015384,0.01005940136450683
585,10.395,45.441,0.8888888888888888,0.6199643421699562,-0.09148731256287967,0.05539577323253241,0.009845438093668085
586,10.395,45.507,0.8148148148148148,0.584638665851025,-0.06873849830104009,0.04494052743413919,0.01097530974099416
587,10.395,45.573,0.8148148148148148,0.545053351615157,-0.07218251723402327,0.057884207215655736,0.01857538208289159
588,10.395,45.639,0.7037037037037037,0.49990719012002505,-0.11301207660688087,0.4252174726579621,0.032447707714321886
589,10.395,45.705,0.5185185185185185,0.3998948602668958,-0.15865773960782897,0.7590664083793676,0.050315115990547145
590,10.395,45.771,0.3333333333333333,0.2781141926922325,-0.19080898716950845,0.819052652022018,0.0656726065374673
591,10.395,45.837,0.2592592592592592,0.1435485036627433,-0.22364941269453525,0.8348944120787,0.07361574183165812
592,10.395,45.903,0.1851851851851851,-0.038405596909868306,-0.258104054983589,0.9109990446202587,0.07509555472790762
593,10.395,45.969,0.037037037037037,-0.22197289489070454,-0.29194323391958155,1.045914504014209,0.07275025747684413
594,10.395,46.035,0.0,-0.36566443181875385,-0.3032453681398722,1.070021200820459,0.06883638411487836
595,10.395,46.101,0.0,-0.4415628988506706,-0.28983860061389805,0.9895520102624286,0.06461907864048357
596,10.395,46.167,0.0,-0.485189061343003,-0.2723102786380912,0.931010225399644,0.059992543149604484
597,10.395,46.233,0.0,-0.5076228143696555,-0.2564801735351202,0.8968224692394318,0.05546253216607759
598,10.395,46.299,0.0,-0.5216035844521721,-0.24541543635609847,0.8623656764793644,0.051945001264094154
599,10.395,46.365,0.0,-0.5416714684300613,-0.2402823437357366,0.8559670247082924,0.049272333316698114
600,10.395,46.431,0.0,-0.5690447419129343,-0.23884686855783505,0.8754904158532613,0.0476253097162123
601,10.395,46.497,0.0,-0.5623650323038631,-0.2344245350756976,0.8596629185057203,0.04656921381348518
602,10.395,46.563,0.0,-0.5587733982008533,-0.22845428586074032,0.8283669478395579,0.04581224586353494
603,10.461,44.913,0.8518518518518519,0.7165200179231048,-0.07165126851930445,-0.005630227766640336,-0.023986841485462932
604,10.461,44.979,0.8518518518518519,0.7219669485043172,-0.0818498240121424,0.07847075964969095,-0.020306373576376643
605,10.461,45.045,0.8888888888888888,0.7414808859267277,-0.10211421483356528,0.13373652091903251,-0.011672682826642891
606,10.461,45.111,0.8888888888888888,0.7711193674207999,-0.131665358043161,0.08213727106194402,-0.000962551468005059
607,10.461,45.177,0.925925925925926,0.7905487623947203,-0.15236737398192624,0.05174286138838207,0.009401697494875454
608,10.461,45.243,0.925925925925926,0.7658926387530209,-0.1491794100905657,-0.0027514944706986946,0.01136465354919576
609,10.461,45.309,0.8888888888888888,0.7109334817166857,-0.132669994335682,0.04826170900709966,0.009966327278107001
610,10.461,45.375,0.8888888888888888,0.6590849155807346,-0.10940510647257788,0.0708836008954818,0.008657191862249069
611,10.461,45.441,0.8518518518518519,0.6082325019287651,-0.08530622895275251,0.060241430202431404,0.0063407126395752435
612,10.461,45.507,0.8148148148148148,0.5625904626325159,-0.06351702614833458,0.03508732407308193,0.006415750369151325
613,10.461,45.573,0.7777777777777778,0.5424106431819189,-0.07147385457891818,0.06524620010171442,0.014495962282083923
614,10.461,45.639,0.7037037037037037,0.5137033540531118,-0.11794685768946092,0.48639937875890105,0.02985452887269873
615,10.461,45.705,0.5185185185185185,0.4207428039152549,-0.16234805781439723,0.7591250495341904,0.04787586281047662
616,10.461,45.771,0.3333333333333333,0.2860623557737604,-0.19709238546081345,0.8653965089538881,0.06295333196085084
617,10.461,45.837,0.2592592592592592,0.15618393912233422,-0.23126756549992994,0.9093593340737294,0.07145995104020678
618,10.461,45.903,0.1111111111111111,0.0085579670502128,-0.26027048166523736,0.9657160568114971,0.07374669797371416
619,10.461,45.969,0.0,-0.1734816425449201,-0.2813635361948343,1.0130287342380715,0.07116578831306933
620,10.461,46.035,0.0,-0.33292668152048743,-0.284949190424088,0.9626894478053596,0.06721877634050319
621,10.461,46.101,0.0,-0.4193472882196907,-0.2714151765156822,0.8801427103319812,0.06234234192114086
622,10.461,46.167,0.0,-0.46028042143960063,-0.25885546941689197,0.8700673927723784,0.058215863334329876
623,10.461,46.233,0.0,-0.4921943867411889,-0.24996261951499552,0.8722295710831576,0.054392045915181694
624,10.461,46.299,0.0,-0.5046901595647182,-0.24101443789791763,0.840311429150217,0.051388896926285295
625,10.461,46.365,0.0,-0.5193387558758804,-0.2352396055515222,0.8218610743133796,0.049253674702483805
626,10.461,46.431,0.0,-0.5377349704066419,-0.23297206677927146,0.8313946785460702,0.04788397285338718
627,10.461,46.497,0.0,-0.5442633728934516,-0.2301630734540931,0.8187706352772343,0.04697433943314854
628,10.461,46.563,0.0,-0.5458126058462114,-0.22734390357233508,0.8001137085203562,0.04632358924789373
629,10.527,44.913,0.8518518518518519,0.7148227554321969,-0.06453716160104433,0.11874301894161249,-0.02457216710555269
630,10.527,44.979,0.8518518518518519,0.7181592616949807,-0.07243036800001586,0.21973116798624293,-0.016892656731322238
631,10.527,45.045,0.8518518518518519,0.7291715623656875,-0.09096048932472027,0.20049835517739922,-0.004947595470646368
632,10.527,45.111,0.8888888888888888,0.7663399652739664,-0.1222587790975618,0.13421885861206245,0.01017395044440296
633,10.527,45.177,0.925925925925926,0.7931126414708074,-0.1447489512132069,0.06278387987717764,0.017194318337669854
634,10.527,45.243,0.925925925925926,0.7695107867763138,-0.14629178735198983,-0.00940938737061274,0.01681861426183206
635,10.527,45.309,0.8888888888888888,0.7157279514819523,-0.1305613344844991,0.07987342752456292,0.012652645622313465
636,10.527,45.375,0.8888888888888888,0.6543283090883105,-0.10468431644051691,0.09771325951333101,0.007529855941756998
637,10.527,45.441,0.8148148148148148,0.5987986423898596,-0.08245581765844134,0.07645247436780969,0.002590456432542413
638,10.527,45.507,0.8148148148148148,0.5582633602473936,-0.07004747649141484,0.08323762874612863,0.0020192530062574233
639,10.527,45.573,0.7777777777777778,0.5653775720671868,-0.08708404620241533,0.20229743081329477,0.009307364307285682
640,10.527,45.639,0.7037037037037037,0.5484614716185424,-0.12841352285690844,0.4268990051505653,0.025140851252385132
641,10.527,45.705,0.4814814814814814,0.4474194094804451,-0.1644657341226845,0.7044154520358128,0.04308663256292009
642,10.527,45.771,0.3333333333333333,0.31950072849526573,-0.19782815834227022,0.8799271893655133,0.05649563917575229
643,10.527,45.837,0.2592592592592592,0.20531910012092464,-0.22954210606039277,0.9434437036502402,0.06566749535220559
644,10.527,45.903,0.1481481481481481,0.07867980498522356,-0.25629995837822284,0.9803286874845333,0.06950579568783893
645,10.527,46.101,0.0,-0.41365442198363545,-0.2570389568248792,0.8357552593551277,0.06105592769014508
646,10.527,46.167,0.0,-0.45634469052406057,-0.25112447032903884,0.849731836522426,0.05678991002338554
647,10.527,46.233,0.0,-0.48253906701958593,-0.24603688938112933,0.8664376276208401,0.0533925452919663
648,10.527,46.299,0.0,-0.4999566046934661,-0.23959767681291894,0.8380960051909838,0.05100159331710696
649,10.527,46.365,0.0,-0.5101669506220892,-0.232816942494546,0.803979551105233,0.04920292297469973
650,10.527,46.431,0.0,-0.5198320484865341,-0.2292101196940837,0.7954647720633168,0.04806253835974105
651,10.527,46.497,0.0,-0.5262894322905485,-0.22756754182820388,0.7916691288422734,0.04724816151766449
652,10.593,44.913,0.8518518518518519,0.7227831194329237,-0.0656694952067747,0.1978771980214937,-0.025700527456639848
653,10.593,44.979,0.8518518518518519,0.7291241877114267,-0.074150960845901,0.198564241411999,-0.017067667709843998
654,10.593,45.045,0.8518518518518519,0.743320189633474,-0.09108060876140339,0.17168430364434162,-0.002753648548720488
655,10.593,45.111,0.8888888888888888,0.7754097947732059,-0.11838919308826759,0.13042024749778047,0.015153668731800869
656,10.593,45.177,0.925925925925926,0.8000109368008695,-0.14104403431108326,0.059744753061577685,0.023914297491485666
657,10.593,45.243,0.925925925925926,0.7816342082380932,-0.14722009371790135,-0.021897462138892695,0.02236407685803486
658,10.593,45.309,0.8888888888888888,0.7340984137225208,-0.13612390243673145,0.11942904449067476,0.01645158134360309
659,10.593,45.375,0.8888888888888888,0.6753882824386066,-0.11351931603393688,0.13837200995569193,0.007409796218126531
660,10.593,45.441,0.8148148148148148,0.6303894351011496,-0.09428510070765651,0.13803363949894915,0.00026767500519177647
661,10.593,45.507,0.8148148148148148,0.5969926550432734,-0.09196476340558356,0.21936099176713725,-0.0006447066678801684
662,10.593,45.573,0.7777777777777778,0.5830289340456231,-0.11381582655695706,0.2599824466167425,0.00745823814578739
663,10.593,45.639,0.7037037037037037,0.5449444460601124,-0.1446619104188539,0.3952267434558147,0.02457014309130715
664,10.593,45.705,0.4814814814814814,0.471408752607935,-0.16830146031316837,0.6218666967113584,0.039957816834092844
665,10.593,45.771,0.3333333333333333,0.3614891566469675,-0.1923314617306186,0.7985540848318813,0.051168121303893976
666,10.593,45.837,0.2962962962962963,0.2763807486825212,-0.21485409949336892,0.8877633504656042,0.05913549385724345
667,10.593,46.167,0.0,-0.4601903673445048,-0.24833358239165276,0.8496412303946391,0.05565138387824638
668,10.593,46.233,0.0,-0.48162954916669487,-0.2441407829780351,0.8596244569570177,0.052764080128646994
669,10.593,46.299,0.0,-0.4972617549940774,-0.23832178709359983,0.8374552978979355,0.05075732754362366
670,10.593,46.365,0.0,-0.5051004384835176,-0.23241098333821195,0.799004547801593,0.04911660140608422
671,10.593,46.431,0.0,-0.5116839766329376,-0.22921139154869374,0.7831342427966135,0.048230189317817376
672,10.593,46.497,0.0,-0.5180083392617224,-0.22662714002218987,0.7834481114078595,0.04744145662174616
673,10.659,44.913,0.8518518518518519,0.7348254132381741,-0.0673782554424611,0.1445161112081693,-0.02918306005406202
674,10.659,44.979,0.8518518518518519,0.7441893778375839,-0.07793045229816978,0.1384564325092676,-0.020384114711922138
675,10.659,45.045,0.8888888888888888,0.7596288728059767,-0.0927662242917571,0.12129281433192526,-0.007956173100839521
676,10.659,45.111,0.8888888888888888,0.7836437402363545,-0.11368688393606388,0.10725809507034392,0.010067468692535178
677,10.659,45.177,0.925925925925926,0.8032889321262402,-0.1355085080103369,0.0970416222845453,0.023755480104224333
678,10.659,45.243,0.925925925925926,0.7978636586941454,-0.14845769352493338,0.032622021891068116,0.026127724936534136
679,10.659,45.309,0.925925925925926,0.762189984745668,-0.14813455963061312,0.09440994360311497,0.019873908167992275
680,10.659,45.375,0.8888888888888888,0.7178339465393337,-0.13278656499606575,0.15731983943855024,0.007680569044644217
681,10.659,45.441,0.8518518518518519,0.6678359339183775,-0.11829925110327269,0.19186898930622348,0.0010307447169812375
682,10.659,45.507,0.8148148148148148,0.6266568050099293,-0.12048542686053279,0.2232108925259359,0.001238159248901295
683,10.659,45.573,0.7777777777777778,0.5925027795045406,-0.1396023563966829,0.2880071083252319,0.014269978440822858
684,10.659,45.639,0.7037037037037037,0.5417244980539333,-0.15608941847659136,0.40935115679318046,0.02610559902367918
685,10.659,45.705,0.5185185185185185,0.47165849367047813,-0.16630521336194012,0.5744421862057068,0.03775776514486325
686,10.659,45.771,0.4444444444444444,0.3993311342479431,-0.17790473531045214,0.7056569991495281,0.047082634761241575
687,10.659,45.837,0.2962962962962963,0.34851587260985945,-0.19233734886176618,0.7754978094169414,0.054573938262729604
688,10.659,46.431,0.0,-0.5078420409374444,-0.22881382015963536,0.7834214193711295,0.04821734624124128
689,10.725,44.979,0.8888888888888888,0.7444415776825899,-0.06690179545051131,0.00993970321823439,-0.02411132369158866
690,10.725,45.045,0.8888888888888888,0.7601296325594736,-0.08290590041866136,0.04665659750324773,-0.013455182738908866
691,10.725,45.111,0.8888888888888888,0.7804128710511262,-0.10366110488465191,0.06583161780778866,0.0018294073423360526
692,10.725,45.177,0.925925925925926,0.7973236295682952,-0.12464226864180789,0.07159387024888964,0.01749925949490927
693,10.725,45.243,0.925925925925926,0.797267526064902,-0.14449725569048355,0.041565077583537086,0.02343758040399081
694,10.725,45.309,0.925925925925926,0.7833831960705717,-0.15267421060223696,0.005756405805069583,0.02061593986930768
695,10.725,45.375,0.925925925925926,0.748677815031652,-0.1479430416331249,0.14147666220893212,0.009293020965026823
696,10.725,45.441,0.8518518518518519,0.7052143005473397,-0.13957504526109019,0.18974211562788612,0.004121234346804539
697,10.725,45.639,0.7037037037037037,0.5145897121467029,-0.1553618609489314,0.48596802034981734,0.026199170175961448
698,10.725,45.705,0.5555555555555556,0.4549536746076991,-0.1574174438692415,0.6160403815018551,0.03663365646793089
699,10.725,45.771,0.4814814814814814,0.41495476354574573,-0.16307890022797594,0.6871937576775737,0.044276355109013996
700,10.725,45.837,0.4074074074074074,0.385965581618993,-0.17424690999087278,0.7167586443041981,0.05085924016621002
701,10.791,44.913,0.8148148148148148,0.7156781767273079,-0.03285035696422944,-0.15107960433094103,-0.03332552371687083
702,10.791,44.979,0.8518518518518519,0.726119278012868,-0.04281118756241736,-0.08919016876448359,-0.028109417308325117
703,10.791,45.045,0.8888888888888888,0.7448043139636893,-0.0618731267646907,0.042160412195075034,-0.01793217732910193
704,10.791,45.111,0.8888888888888888,0.7700368442061003,-0.08918003997032349,0.05799228711408994,-0.0058826578145410304
705,10.791,45.177,0.925925925925926,0.7906706140865518,-0.11360338119681641,0.05916433012301623,0.00914102250979405
706,10.791,45.243,0.925925925925926,0.7967132330234487,-0.13411516418695368,0.03981444821598933,0.01909989194486053
707,10.791,45.309,0.925925925925926,0.7929778551253244,-0.14739185429703358,0.01896298988409122,0.018448907358527708
708,10.791,45.705,0.5555555555555556,0.44527070286757475,-0.1496313573196093,0.7069248225422593,0.03488449015249242
709,10.791,45.771,0.4814814814814814,0.4197415463893126,-0.15768587120205568,0.7222949633431749,0.042147580981319994
710,10.791,45.837,0.4814814814814814,0.4018398173761088,-0.16676461905258366,0.7121665240571916,0.04821111389589271
711,10.857,44.913,0.8148148148148148,0.6989045574135881,-0.012578754868884011,-0.14949584751830536,-0.03463251417729255
712,10.857,44.979,0.8148148148148148,0.7052094967994063,-0.02110269270790706,-0.09422006816644424,-0.03079304967777128
713,10.857,45.045,0.8518518518518519,0.721666149548865,-0.04223265326050901,0.04423167219927614,-0.02331930470993985
714,10.857,45.111,0.8888888888888888,0.7616543243735023,-0.07711346142492756,0.060788420133908935,-0.012041289685275892
715,10.857,45.177,0.925925925925926,0.7805801696213615,-0.1045219554135953,0.06135007561177471,0.0010367369922271363
716,10.857,45.243,0.925925925925926,0.7907595866050812,-0.12237412947173705,0.049802068991846485,0.013252126710433068
717,10.857,45.309,0.925925925925926,0.7933969196962659,-0.13537781035363267,0.03771590403936143,0.01767711457574187
718,10.857,45.837,0.5555555555555556,0.40900045556655,-0.16220004572066074,0.712899325751237,0.04618251938264987
719,10.923,44.913,0.8148148148148148,0.686217077120375,0.0012736995266365812,-0.07453325651269566,-0.0369417801782511
720,10.923,44.979,0.8148148148148148,0.6918756025319488,-0.006576476676678579,-0.0002733141380218268,-0.03176156214091153
721,10.923,45.045,0.8518518518518519,0.713032005358081,-0.029272617894422683,0.00966703067225989,-0.02584361348276977
722,10.923,45.111,0.8888888888888888,0.748854260636797,-0.0667286861778871,0.0052398194199249765,-0.017927195386410515
723,10.923,45.177,0.8888888888888888,0.7706360100101843,-0.09174203843464879,0.04092450707077799,-0.0059062162540689305
724,10.923,45.243,0.925925925925926,0.7832613352850202,-0.10709855878354527,0.05411703931868341,0.006542222360163033
725,10.989,44.913,0.8148148148148148,0.6768605174846735,0.008952061090731513,0.09762058500825185,-0.03706557130402256
726,10.989,44.979,0.8148148148148148,0.68922422139264,-0.0005630555045271039,0.09350995319788516,-0.032548233308581344
727,10.989,45.045,0.8518518518518519,0.713449635562819,-0.02389089532512929,-0.03408882433629437,-0.02895930774458149
728,10.989,45.111,0.8888888888888888,0.7418895980701561,-0.05469240834173472,-0.0770804462519858,-0.02128460317816397
729,10.989,45.177,0.8888888888888888,0.7601089340670546,-0.0775111895024183,-0.03972145613587424,-0.011585801091779828
730,11.055,44.979,0.8148148148148148,0.6917587129949868,0.0024319176168006674,0.09722711198699495,-0.03413604065907131
731,11.055,45.045,0.8518518518518519,0.7145060316430835,-0.01988526077534504,-0.07332375265386751,-0.03071977565597464
732,11.055,45.111,0.8888888888888888,0.7333671747451193,-0.04190509415041019,-0.13704723896721785,-0.02359545837692391
733,11.055,45.177,0.8888888888888888,0.7472682403393196,-0.05926830300140938,-0.1049103979653204,-0.015968444772536304
734,11.121,44.913,0.8148148148148148,0.6816703844217971,0.018069949300700546,0.27515968417394226,-0.03745555718516483
735,11.121,44.979,0.8148148148148148,0.6934535455572125,0.0070845334324989954,0.11725091263794685,-0.03636577751114876
736,11.121,45.045,0.8518518518518519,0.712666976822993,-0.012320543155912885,-0.07993657235321404,-0.03186835349109647
737,11.121,45.111,0.8888888888888888,0.7305086254280458,-0.03007493818735336,-0.1728753712802706,-0.026217866918229846
738,11.187,44.913,0.7777777777777778,0.6832382630670873,0.01965081117603071,0.32000537984734867,-0.038841384584934316
739,11.187,44.979,0.8148148148148148,0.6923498333205738,0.00994462199798745,0.18729237632964255,-0.03684416777082409
740,11.187,45.045,0.8518518518518519,0.7073601600422315,-0.0025017583105704823,-0.02795187950499509,-0.032894668683270734
741,11.187,45.111,0.8518518518518519,0.721416889263593,-0.017391407479114607,-0.14771840313807755,-0.028112726321489485
742,11.253,44.913,0.7777777777777778,0.6823561443450304,0.020567915427900277,0.3144205868456228,-0.040072991746454525
743,11.253,44.979,0.7777777777777778,0.6886873073297745,0.01606136887623052,0.19889595885172096,-0.03723735727061309
744,11.253,45.045,0.8518518518518519,0.6974248780751798,0.007157709982521475,0.07719569190868342,-0.033745216242371645
745,11.319,44.979,0.7777777777777778,0.6872508457185111,0.018549291796532474,0.21529142633186993,-0.03808328602911081
746,11.319,45.045,0.8148148148148148,0.6927143413431798,0.01250316925641181,0.15991320591774066,-0.03444080722929408
747,11.385,44.979,0.7777777777777778,0.6865441500567535,0.01995178950358444,0.22006043034405054,-0.03855363751930494
748,11.451,44.979,0.7777777777777778,0.6861403056878291,0.020824140589818543,0.22106682395053184,-0.038718925875026095
