fid,X,Y,f,Intercept,NAT_AREA_SURR,INDUSTRIAL_AREA_SURR,ROADS_SURR
1,8.481,45.309,0.3448275862068966,-0.002462378194043778,-0.40791923770780814,0.06607145527205369,0.0971202706878801
2,8.547,45.177,0.3448275862068966,-0.0056729570487023965,-0.410045987494412,0.06218297831004496,0.06841539808903063
3,8.547,45.243,0.3620689655172414,0.006046580091550407,-0.4098465488502284,0.06130646144203974,0.08532858999424933
4,8.547,45.309,0.3620689655172414,0.001771842247841536,-0.40986296875950334,0.06286605999465222,0.09645125102458205
5,8.547,45.375,0.3620689655172414,0.0008995783376712797,-0.40954907329560525,0.06047648501702405,0.10089515472320845
6,8.547,45.771,0.2586206896551724,-0.18936990147927685,0.0034716667640902373,0.06342961668926893,0.10155134809212471
7,8.547,45.837,0.2068965517241379,-0.2945750475570922,-0.043790202892873026,0.1833072494092327,0.10019325946010454
8,8.547,45.903,0.1551724137931034,-0.4078708556580985,-0.12351168413273561,0.575337881718015,0.09887336303692844
9,8.613,45.045,0.3448275862068966,-0.03616773583280215,-0.41237839392202547,0.05793725881953847,0.027532385162341473
10,8.613,45.111,0.3448275862068966,-0.02773358627603544,-0.41175040935868906,0.06219992183430439,0.04230709171198722
11,8.613,45.177,0.3620689655172414,-0.004630499229506341,-0.4128999954275979,0.05761694716623064,0.06362542401022668
12,8.613,45.243,0.3620689655172414,0.008945946633665772,-0.4133503032913292,0.05381691012822247,0.0821957483583654
13,8.613,45.309,0.3620689655172414,0.007763913604094933,-0.41316348074536563,0.05617101790594081,0.0953270937513425
14,8.613,45.375,0.3620689655172414,0.012557599470929905,-0.41430978804575536,0.05550820528374749,0.10046640279587524
15,8.613,45.705,0.2758620689655172,-0.04265466232921736,-0.10294660005574369,0.04448392633269396,0.10221344612388662
16,8.613,45.771,0.2758620689655172,-0.11364133642079867,-0.004578926898414701,0.03860273704471752,0.10070392685137078
17,8.613,45.837,0.2586206896551724,-0.24267590081415108,-0.033826283429536155,0.1474842158978697,0.09958160048267467
18,8.613,45.903,0.1551724137931034,-0.4243848938687559,-0.1403453598899626,0.6453037278707408,0.09785710620794395
19,8.613,45.969,0.0862068965517241,-0.573298734912753,-0.25051173541197347,0.7926914998313002,0.09465030909455519
20,8.679,44.979,0.3448275862068966,-0.04153007230023771,-0.4159861693601723,0.05095979390275481,0.012179765421231012
21,8.679,45.045,0.3448275862068966,-0.04375355496818503,-0.41394756773640684,0.05517696217102726,0.020194150641274857
22,8.679,45.111,0.3448275862068966,-0.03086098113513875,-0.41298018412727766,0.05862542564522588,0.03864543196869757
23,8.679,45.177,0.3620689655172414,-0.004994472463335495,-0.4139176467748103,0.057065265913062324,0.0584582018498606
24,8.679,45.243,0.3620689655172414,0.006292819977613101,-0.41495400825608786,0.052951891822392405,0.07964566206119489
25,8.679,45.309,0.3620689655172414,0.019347199656056073,-0.41734516620240825,0.05584991649761366,0.09360968525921214
26,8.679,45.573,0.3620689655172414,0.1937686529918456,-0.5217351675478688,0.02645588995164235,0.10246528532167759
27,8.679,45.639,0.3620689655172414,0.15190538263175102,-0.4006984102998524,0.028553827513455955,0.10237267220230427
28,8.679,45.705,0.293103448275862,0.046375053210734034,-0.18737784124675572,0.03410599748506446,0.1012588408212626
29,8.679,45.771,0.293103448275862,-0.03189397152383996,-0.07219765992355597,0.029447421551405284,0.10026353081341258
30,8.679,45.837,0.2758620689655172,-0.12334958665598433,-0.11976429110318262,0.0017867562324080655,0.0987982501711742
31,8.679,45.903,0.1896551724137931,-0.3223720589417902,-0.21189257220936636,0.5916549544707989,0.09638300829079713
32,8.679,45.969,0.1034482758620689,-0.49166115282494083,-0.27763102363423786,0.7112603321572692,0.09266237662913734
33,8.679,46.035,0.0344827586206896,-0.5817885895754683,-0.30767585366843525,0.714323765720273,0.08668067992514347
34,8.679,46.101,0.0172413793103448,-0.567563032646986,-0.30779150336674366,0.6753450586619774,0.07842778773874315
35,8.745,44.979,0.3448275862068966,-0.04590531108806289,-0.4177725613103568,0.043895464177963195,0.007820463538632782
36,8.745,45.045,0.3448275862068966,-0.04732098465909799,-0.4159660302292591,0.050413355459936415,0.016475287944205816
37,8.745,45.111,0.3448275862068966,-0.03315129250219798,-0.4144449447017089,0.05538082001218547,0.03168730591777298
38,8.745,45.177,0.3620689655172414,-0.008815438197464574,-0.4164580830289157,0.055560211306575645,0.054540560959255614
39,8.745,45.243,0.3620689655172414,0.013320947133434437,-0.4185474676855943,0.056466746709462945,0.0765019024687823
40,8.745,45.309,0.3793103448275862,0.060654691690632145,-0.43222864548152684,0.06906023766523689,0.09311312975616806
41,8.745,45.375,0.396551724137931,0.14401013472406163,-0.46557659504796145,0.06504392123437536,0.09850897214117937
42,8.745,45.507,0.396551724137931,0.251017837978755,-0.582894615219295,0.013601583551698184,0.10095542263472755
43,8.745,45.573,0.3793103448275862,0.20381717106389485,-0.5679832364276105,0.014955758433976578,0.10127288826468077
44,8.745,45.639,0.3620689655172414,0.16729142205502467,-0.5010105505683943,0.017791022654661835,0.10116919229074443
45,8.745,45.705,0.3620689655172414,0.10454821412897124,-0.3176877319397454,0.021908908456285715,0.10057165350838886
46,8.745,45.771,0.293103448275862,0.03831531180754299,-0.1331526306956919,0.020481864489258303,0.09940635654288313
47,8.745,45.837,0.293103448275862,-0.047514102007414724,-0.18933937000688764,0.038005254788571405,0.09781258879813733
48,8.745,45.903,0.2068965517241379,-0.20046580451138812,-0.24274160898170055,0.508412075955406,0.09493780437279872
49,8.745,45.969,0.1034482758620689,-0.36629849074934356,-0.2822200898642342,0.6119231465747139,0.09009580065483769
50,8.745,46.035,0.0689655172413793,-0.4883244691466628,-0.29824490495895695,0.6275888547881172,0.08280217021125659
51,8.745,46.101,0.0344827586206896,-0.5106554900214983,-0.3027726657150235,0.616562460211186,0.07189699558614118
52,8.811,45.045,0.3448275862068966,-0.05360114403954305,-0.42107145538367574,0.03602125587119575,0.014264460094485178
53,8.811,45.111,0.3620689655172414,-0.03276990320600247,-0.42083915564705054,0.037353313982195276,0.02718917373505495
54,8.811,45.177,0.3620689655172414,-0.00019392873641364827,-0.42685385817544763,0.026059088122142988,0.04780124818790044
55,8.811,45.243,0.3793103448275862,0.044173687900613795,-0.4357480889133787,0.022310128738044742,0.07361403731418756
56,8.811,45.309,0.3793103448275862,0.12069433764876704,-0.46648604741652633,0.04632205654800622,0.09118990780193875
57,8.811,45.375,0.4137931034482758,0.21808433341390143,-0.5238891951314976,0.04757168693567557,0.09744123863919035
58,8.811,45.441,0.4482758620689655,0.29596091962611326,-0.5798678433695794,0.01285219591108317,0.09894204038332012
59,8.811,45.507,0.4482758620689655,0.27101786923658583,-0.5934430404069736,-0.0001273928989251171,0.09995146207208702
60,8.811,45.573,0.4137931034482758,0.20158423300998113,-0.5780512316131109,0.0007386251364138556,0.10045451081988306
61,8.811,45.639,0.3793103448275862,0.16507344883025854,-0.543283625432224,0.0008396931416766594,0.10049976510454436
62,8.811,45.705,0.3620689655172414,0.13424760155122883,-0.43616035730047475,0.011434969368711528,0.0998097615270429
63,8.811,45.771,0.3275862068965517,0.0868046023850198,-0.21502744822586453,0.013842506373768083,0.0986479611534307
64,8.811,45.837,0.293103448275862,0.003154899758540275,-0.24303874284138488,0.056476654809880275,0.09696858446602993
65,8.811,45.903,0.2068965517241379,-0.14133873792484308,-0.2671762332591758,0.4342952209309578,0.09338999825433875
66,8.811,45.969,0.1379310344827586,-0.2636633890153146,-0.2841480828651376,0.49498465300703265,0.08719605113877911
67,8.811,46.035,0.0862068965517241,-0.3654310163106105,-0.29306128633231926,0.5398474943960725,0.07739448068069615
68,8.811,46.101,0.0344827586206896,-0.4194814419852305,-0.3018733152011062,0.5632290230267502,0.06339947360892556
69,8.877,44.979,0.3448275862068966,-0.10099051768734846,-0.42070182950734775,-0.08073126517422408,0.0050313212731737025
70,8.877,45.045,0.3448275862068966,-0.06584602458009377,-0.4288866109280248,-0.047217042897495724,0.010529160327021616
71,8.877,45.111,0.3620689655172414,-0.029549977282825154,-0.43542080951282397,-0.04590318072107717,0.024491260147413926
72,8.877,45.177,0.3620689655172414,0.020908444891548146,-0.4475134020272032,-0.08383558816269704,0.0453999246605675
73,8.877,45.243,0.3793103448275862,0.09021716306533473,-0.4676161785901699,-0.11263262749747188,0.07193357868936645
74,8.877,45.309,0.396551724137931,0.17862342196882863,-0.5155493386879735,-0.04139501991405935,0.08933890099019141
75,8.877,45.375,0.4310344827586206,0.26674519361811017,-0.5699718097494608,0.002254166597805631,0.09552233137356006
76,8.877,45.441,0.4482758620689655,0.2931977574921319,-0.5972916014028361,-0.0044061508391627004,0.09731723637888459
77,8.877,45.507,0.4482758620689655,0.25802975952262985,-0.5914041667202296,-0.007326399342128324,0.09843000857548048
78,8.877,45.573,0.4310344827586206,0.20896688808903296,-0.57791795759226,-0.009398067855019782,0.09902575378086528
79,8.877,45.639,0.396551724137931,0.17810461093997793,-0.5614277042022611,-0.007354837494990501,0.09922038892930936
80,8.877,45.705,0.3620689655172414,0.14320992405634586,-0.5122514404866044,-0.005176921820766488,0.09895845634698536
81,8.877,45.771,0.3275862068965517,0.12164433583626746,-0.3232473435199599,-0.0034840481909376147,0.0980153940045426
82,8.877,45.837,0.3103448275862069,0.026142609106826392,-0.3054803213144526,0.07374011886174854,0.09590343991716176
83,8.877,45.903,0.2241379310344827,-0.11350159603798558,-0.30147264076663677,0.26301810893387606,0.09152510043405787
84,8.877,45.969,0.1379310344827586,-0.19470389393846316,-0.30529344123424285,0.3846032122518145,0.08296849870825015
85,8.877,46.035,0.1034482758620689,-0.27400524666011583,-0.3065483461487918,0.44562880151676343,0.07035253996877774
86,8.877,46.101,0.0517241379310344,-0.3392091134161339,-0.3155348151529467,0.48317223591498365,0.05135517156860245
87,8.943,44.913,0.3103448275862069,-0.14865645077158576,-0.4195055837630824,-0.038168062087111,0.003560523591227387
88,8.943,44.979,0.3275862068965517,-0.12315141997309798,-0.4267463294987993,-0.15057300226150083,0.005021067457131209
89,8.943,45.045,0.3448275862068966,-0.08102353631373321,-0.44068997426258827,-0.1617163018893847,0.012779636281229589
90,8.943,45.111,0.3620689655172414,-0.02684626133379704,-0.45565782429147605,-0.15023378526955294,0.024894312248632377
91,8.943,45.177,0.3793103448275862,0.04090526172437902,-0.47811683565884533,-0.150922917531374,0.045043358181616255
92,8.943,45.243,0.396551724137931,0.11452211164979764,-0.5118738151856608,-0.16076565602001108,0.07173687480557649
93,8.943,45.309,0.396551724137931,0.2047422314789124,-0.5626826594566654,-0.04073077579189845,0.08794872083776598
94,8.943,45.375,0.4482758620689655,0.26819502600359724,-0.5899452356964855,-0.026160462639862096,0.09381094544650478
95,8.943,45.441,0.4482758620689655,0.2593372471212072,-0.5919984911274696,-0.02229174183665145,0.09602391481778093
96,8.943,45.507,0.4482758620689655,0.2274277712717027,-0.5842595308796354,-0.013742239099828378,0.0971821599925807
97,8.943,45.573,0.4482758620689655,0.2326836044920228,-0.5846908886030155,-0.004282002256799746,0.09794612976352635
98,8.943,45.639,0.4310344827586206,0.22139587532118565,-0.5894056483981153,-0.0002959731398604552,0.09827137618412335
99,8.943,45.705,0.3620689655172414,0.1826517779294058,-0.5800314675511773,-0.002473366632114355,0.09814759438339106
100,8.943,45.771,0.3620689655172414,0.1363507487539268,-0.4545308809006791,-0.007749777374452996,0.0974809009047323
101,8.943,45.837,0.293103448275862,0.034426838454326134,-0.37673594929063414,0.03607956086256091,0.09534449818438273
102,8.943,45.903,0.2241379310344827,-0.07467971628358336,-0.355276247934174,0.15478434166502678,0.08941529726109977
103,8.943,45.969,0.1551724137931034,-0.13863667840562435,-0.3559477945642726,0.2691674195065426,0.07845695438619232
104,9.009,44.913,0.2758620689655172,-0.1636075190360129,-0.4324515258104877,0.1610297269582106,0.004983507890976164
105,9.009,44.979,0.3275862068965517,-0.1293788888424519,-0.4397119912966262,0.052096718196770746,0.0077291066908269845
106,9.009,45.045,0.3448275862068966,-0.08718748892306877,-0.4602336533794099,-0.13488054535289945,0.013830714435664181
107,9.009,45.111,0.3793103448275862,-0.026905480578046457,-0.4813847615169863,-0.1546952323646614,0.025854894806706597
108,9.009,45.177,0.3793103448275862,0.04917284628891708,-0.5111592113233223,-0.1735602341234807,0.04714856682957366
109,9.009,45.243,0.396551724137931,0.11051779715102092,-0.5450418961246439,-0.1516268851672109,0.07246720442221835
110,9.009,45.309,0.4137931034482758,0.1865125421087718,-0.5753093681320952,-0.028833327345567268,0.08710703226767863
111,9.009,45.375,0.4482758620689655,0.22918875667213023,-0.5848863559204744,-0.033712761528323906,0.09292457307870303
112,9.009,45.441,0.4482758620689655,0.21555127337619978,-0.5828460822408956,-0.02480274185919293,0.09502526010791741
113,9.009,45.507,0.4655172413793103,0.22419012574101793,-0.5815328554637171,-0.012863361160540286,0.09622650485169734
114,9.009,45.573,0.4655172413793103,0.2751950824236314,-0.5959668399134588,-0.00022161576677056163,0.09714703227085683
115,9.009,45.639,0.4482758620689655,0.2869227211070474,-0.6122344212525894,0.008257755410456528,0.09758510448791409
116,9.009,45.705,0.396551724137931,0.24089605793518581,-0.6193922666417244,0.009463961180840502,0.09750028352481266
117,9.009,45.771,0.3620689655172414,0.16834303039944254,-0.540822501384067,0.004452208805240334,0.09693452286064289
118,9.009,45.837,0.293103448275862,0.058380907761112266,-0.4331091170048132,0.009734788679301866,0.09455540067444655
119,9.009,45.903,0.2413793103448276,-0.01914648541690459,-0.4162895367001107,0.09570001012205716,0.08743040254711201
120,9.009,45.969,0.1551724137931034,-0.09974288160041082,-0.43884228568053274,0.20378496672949598,0.07310680464562289
121,9.009,46.035,0.0862068965517241,-0.21810964859635493,-0.45959194444892704,0.2842826888755085,0.05107343932647998
122,9.075,44.781,0.1206896551724138,-0.20640321598510922,-0.6935482150888591,0.30643497221054994,0.004160504065526326
123,9.075,44.847,0.1896551724137931,-0.18058329467478407,-0.6103871934426222,0.28199025587947474,0.005322307180294096
124,9.075,44.913,0.2413793103448276,-0.15754000310802938,-0.4922239164462663,0.2576459322492098,0.007082544504792244
125,9.075,44.979,0.3275862068965517,-0.12486604337514082,-0.4735119975830665,0.2565108662246046,0.010357118844664498
126,9.075,45.045,0.3275862068965517,-0.08903174639822496,-0.4917041354929164,0.1574642670836483,0.017306947639343907
127,9.075,45.111,0.3793103448275862,-0.029904550046572352,-0.5080619211455903,0.0022291497545660066,0.03016944330774853
128,9.075,45.177,0.396551724137931,0.04385648782666174,-0.5357375325426659,-0.12914223481656317,0.051324786030808534
129,9.075,45.243,0.396551724137931,0.09278121415468668,-0.5614129475372307,-0.08477967763608413,0.07404786372256908
130,9.075,45.309,0.4310344827586206,0.14659406451332876,-0.57617513939284,-0.02747694500233344,0.08673152532055659
131,9.075,45.375,0.4482758620689655,0.17408438521334163,-0.5803482532193254,-0.027252806204466767,0.0924698383896015
132,9.075,45.441,0.4482758620689655,0.18083028139849086,-0.5828162923531827,-0.01838618900045078,0.09451893179824247
133,9.075,45.507,0.4655172413793103,0.22380788134672397,-0.5884692824091105,-0.010507333641740443,0.09571848059847778
134,9.075,45.573,0.4827586206896552,0.2837134204080309,-0.6075143700490664,-0.0029696440789661544,0.09662972654251772
135,9.075,45.639,0.4827586206896552,0.30852961344241114,-0.620598629813377,0.004218008486893876,0.09717032373817105
136,9.075,45.705,0.4310344827586206,0.27922251738240583,-0.6257292322160105,0.011560674866253975,0.09724219274708168
137,9.075,45.771,0.3793103448275862,0.19968835999985163,-0.5606801952965759,0.009312844654201683,0.09660373620046772
138,9.075,45.837,0.2758620689655172,0.10278139116368432,-0.4544968928318572,-0.0042813851481583245,0.09374236183320606
139,9.075,45.903,0.2413793103448276,0.04519630320790727,-0.44531893867705286,0.024438379264088525,0.08517098085755315
140,9.075,45.969,0.1551724137931034,-0.06471998711228824,-0.48854096174414297,0.190424288422973,0.06720400385717173
141,9.075,46.035,0.0689655172413793,-0.23345963925982627,-0.5281541842477284,0.2732670711014471,0.04220942422460221
142,9.075,46.101,0.0344827586206896,-0.30766446194719643,-0.5539377823486171,0.31329355066845693,0.01033581465918839
143,9.141,44.781,0.0689655172413793,-0.23434859053544133,-0.7511343750530148,0.33008922219531606,0.004107966240233702
144,9.141,44.847,0.1379310344827586,-0.19996103041085322,-0.7177796364155846,0.31640989165374844,0.007040386869868123
145,9.141,44.913,0.1896551724137931,-0.17855820809047454,-0.5906010572527618,0.3064234628052571,0.009145740518859332
146,9.141,44.979,0.2758620689655172,-0.14127715922585937,-0.5181188937671839,0.3380740796697179,0.012969916439043619
147,9.141,45.045,0.3275862068965517,-0.0956266493188837,-0.5187555981155654,0.24168180148650023,0.0207860384896992
148,9.141,45.111,0.3793103448275862,-0.047323967060833166,-0.5299977363269059,0.09280219302994236,0.03457350030731281
149,9.141,45.177,0.396551724137931,0.024393160913193636,-0.5519751620046863,-0.047949274682368065,0.05569304700111378
150,9.141,45.243,0.4137931034482758,0.08142535898199685,-0.5738524521368435,-0.024790652365695862,0.07615516933737503
151,9.141,45.309,0.4310344827586206,0.1276423052488201,-0.5846909040606755,-0.014118901529716937,0.08746591709420805
152,9.141,45.375,0.4482758620689655,0.15627204424163438,-0.5870258293203126,-0.017027495095041544,0.09238524846996544
153,9.141,45.441,0.4655172413793103,0.19094564944511566,-0.594561484027023,-0.011319415726342163,0.09432994646967155
154,9.141,45.507,0.5,0.23621957402082785,-0.6027058127801566,-0.009024968428565143,0.09564781552719961
155,9.141,45.573,0.4827586206896552,0.2743541697754306,-0.6122595327310009,-0.008001145421493355,0.09643930157697445
156,9.141,45.639,0.4827586206896552,0.29856827693776167,-0.6103199536448154,-0.007022620859278013,0.09691538816583814
157,9.141,45.705,0.4482758620689655,0.2998561156931264,-0.6089831772916006,0.0025639279098425985,0.09705011251903106
158,9.141,45.771,0.3793103448275862,0.24957913543173374,-0.5618708190511756,0.0114511371980844,0.0963988773541731
159,9.141,45.837,0.2758620689655172,0.15008365175332022,-0.473432288194012,0.023786334540078998,0.09296104308165756
160,9.141,45.903,0.2241379310344827,0.07053093069504164,-0.46618268173755784,0.04522474692687843,0.08296848007300074
161,9.141,45.969,0.1551724137931034,-0.07431527786143968,-0.5047658105479491,0.18821685187345638,0.06142416261155549
162,9.141,46.035,0.0689655172413793,-0.2707361153986375,-0.545900863633372,0.2834478281099521,0.03040894513143473
163,9.141,46.101,0.0344827586206896,-0.35630336350832925,-0.5629348488438317,0.31666590558192054,-0.0026661864732269542
164,9.141,46.167,0.0172413793103448,-0.3827382077933646,-0.5639458809465452,0.3089828038675943,-0.03223800398297472
165,9.207,44.715,0.0172413793103448,-0.27643395595654735,-0.7529492184660229,0.3345318475298805,0.0038588982824197928
166,9.207,44.781,0.0344827586206896,-0.2725742676857211,-0.7575708354031649,0.34028828198580224,0.005412089621034638
167,9.207,44.847,0.1206896551724138,-0.21249419728553426,-0.7490100381856474,0.3319327508875977,0.008765073413407182
168,9.207,44.913,0.1896551724137931,-0.1884092486933847,-0.6357348458493618,0.326706852274708,0.011275189262979877
169,9.207,44.979,0.2586206896551724,-0.15702553293955446,-0.5508368669831737,0.3481252857728443,0.015726222374040148
170,9.207,45.045,0.3448275862068966,-0.0985670473094338,-0.5432181439153757,0.263680672253304,0.026575436126752193
171,9.207,45.111,0.3620689655172414,-0.06076326886010994,-0.5525675163376329,0.0730081600443257,0.03906987986712246
172,9.207,45.177,0.396551724137931,0.004587500107693988,-0.5700237218001807,-0.0016114090618896335,0.05982442155474331
173,9.207,45.243,0.4310344827586206,0.09522201046270637,-0.587232296953944,-0.006801279351794624,0.07834734279711325
174,9.207,45.309,0.4482758620689655,0.1431016940475645,-0.5992545425344955,-0.01162034119094981,0.08843779352452788
175,9.207,45.375,0.4655172413793103,0.17486827434243707,-0.6058067893786409,-0.012727862681785156,0.09266943124900404
176,9.207,45.441,0.4827586206896552,0.23214749907147536,-0.6203747125307657,-0.0052098886772464145,0.09443150006033782
177,9.207,45.507,0.5172413793103449,0.2775262326387163,-0.6278215069133326,-0.004710105651980989,0.09568900018061324
178,9.207,45.573,0.4827586206896552,0.27906054753814824,-0.6264380983943654,-0.009161633866608301,0.09646534001183227
179,9.207,45.639,0.4827586206896552,0.29213776025176463,-0.6102115579215034,-0.015399617961142614,0.0969533867089957
180,9.207,45.705,0.4482758620689655,0.33263442449401387,-0.6022840087385386,-0.004763913652272045,0.09706262540611135
181,9.207,45.771,0.396551724137931,0.3064638573215101,-0.5737922354736854,0.01702527929585925,0.09618851402116359
182,9.207,45.837,0.2758620689655172,0.20232191618184683,-0.5013404426461462,0.05088896604921543,0.09177242217565845
183,9.207,45.903,0.2413793103448276,0.09575724388100668,-0.48984925673251,0.07765173490217978,0.07979972463955563
184,9.207,45.969,0.1551724137931034,-0.07093658605283366,-0.517318043822377,0.20807590532131243,0.0549017534748564
185,9.207,46.035,0.0862068965517241,-0.2713555528810767,-0.5623657709503271,0.3069256217605181,0.016954716277120967
186,9.207,46.101,0.0517241379310344,-0.38536111352243985,-0.5752182339405121,0.31958033282082554,-0.01829253626429192
187,9.207,46.167,0.0172413793103448,-0.42334031178494436,-0.5720019844306383,0.3057781295725379,-0.04299505789873391
188,9.207,46.233,0.0172413793103448,-0.43965887253087055,-0.5662687819935865,0.2695923539737383,-0.05749064660609718
189,9.273,44.649,0.0172413793103448,-0.2656139162919645,-0.7481999872886375,0.33345365420353873,0.003719843906034976
190,9.273,44.715,0.0172413793103448,-0.2676822406443753,-0.7518678229178483,0.33730898621767536,0.004853305956815528
191,9.273,44.781,0.0344827586206896,-0.26375311624368913,-0.7578779501439004,0.34252266386224073,0.006645779436847191
192,9.273,44.847,0.1206896551724138,-0.20240164217879758,-0.743634757229792,0.3365595398583986,0.010411835524731057
193,9.273,44.913,0.1896551724137931,-0.18876975283672198,-0.6349645176963028,0.33132097248013237,0.013403546667293018
194,9.273,44.979,0.2586206896551724,-0.1625021961908042,-0.567089395866883,0.34434760610136184,0.01857817033011605
195,9.273,45.045,0.3448275862068966,-0.08614979096399723,-0.56705551785701,0.32556548166310983,0.030250985652859642
196,9.273,45.111,0.3793103448275862,-0.03366024890016367,-0.5776213401189818,0.10874296127957718,0.043333056488440005
197,9.273,45.177,0.396551724137931,0.03277744476975829,-0.5913903089605732,0.04426579112807273,0.06294785427895236
198,9.273,45.243,0.4482758620689655,0.1146681896571826,-0.6063159957252768,-0.029097783904545375,0.08014380918566207
199,9.273,45.309,0.4482758620689655,0.1635662638138105,-0.6196320564171366,-0.016578458893372967,0.08933001389998252
200,9.273,45.375,0.4655172413793103,0.20626276758972106,-0.6332396946395664,-0.011852602720198242,0.0931484006220514
201,9.273,45.441,0.5,0.28287832009797653,-0.6523439225987496,-0.001032850484149648,0.09462927118698418
202,9.273,45.507,0.5517241379310345,0.33288066835983293,-0.655391369610246,-0.0007301334429203284,0.0957860598508603
203,9.273,45.573,0.5,0.31105289260136265,-0.6437686853181114,-0.00863952741445845,0.09655086982905069
204,9.273,45.639,0.4827586206896552,0.3126531143093104,-0.6207584066594135,-0.01990390919742798,0.09698513179621263
205,9.273,45.705,0.4655172413793103,0.3637618447195181,-0.6135253280668601,-0.010954396082655924,0.09684609368128605
206,9.273,45.771,0.4137931034482758,0.33801532504301174,-0.6015513019188652,0.015408855226579801,0.09524053148362896
207,9.273,45.837,0.293103448275862,0.2276305882992658,-0.5459895451336828,0.037845631333641085,0.08955965768618963
208,9.273,45.903,0.2586206896551724,0.12198821927005508,-0.5377195841693586,0.07638702991258926,0.07512613383120803
209,9.273,45.969,0.1724137931034483,-0.023224788207447795,-0.5562410439588139,0.20156587676183105,0.04545782235311874
210,9.273,46.035,0.1379310344827586,-0.22962812282948095,-0.5904640661981515,0.2903697349978379,0.004469230002115777
211,9.273,46.101,0.0689655172413793,-0.39203906492498164,-0.6024501635359519,0.3383514294578752,-0.032721729801431496
212,9.273,46.167,0.0172413793103448,-0.4865559967891865,-0.5955136895035624,0.3147969471927715,-0.0531476490336128
213,9.273,46.233,0.0172413793103448,-0.5094992918340675,-0.5863814322429071,0.2717548412420996,-0.06517857141365668
214,9.273,46.299,0.0172413793103448,-0.49614113606186094,-0.5823509875996324,0.2223697151544368,-0.07251317167978652
215,9.273,46.365,0.0172413793103448,-0.4896381467715276,-0.5851426381301377,0.1875976905125486,-0.07681879470064917
216,9.273,46.431,0.0172413793103448,-0.5062427452738378,-0.5888586245538819,0.1832674178398143,-0.08034191349456636
217,9.273,46.497,0.0172413793103448,-0.5146789358150103,-0.5919153305903575,0.18043017597460131,-0.08284158369273867
218,9.339,44.715,0.0172413793103448,-0.2582609986356649,-0.7480639787205767,0.33659566321674816,0.006405511857172217
219,9.339,44.781,0.0517241379310344,-0.24063084991487893,-0.7495492485759612,0.3384233976029554,0.007812497205883547
220,9.339,44.847,0.1379310344827586,-0.18507975808072577,-0.7295035311674648,0.3336936194301433,0.011984136011089695
221,9.339,44.913,0.1896551724137931,-0.18817380383909557,-0.620929624221153,0.33042681073795105,0.015508304963383361
222,9.339,44.979,0.2758620689655172,-0.15582432609886987,-0.575084471251849,0.3497208782822221,0.02145468049534974
223,9.339,45.045,0.3620689655172414,-0.06512435898485198,-0.5841271830276427,0.35369231110181765,0.03379046691514649
224,9.339,45.111,0.396551724137931,0.016315455960093178,-0.5972693336564823,0.23343133095274785,0.04715535450536442
225,9.339,45.177,0.4310344827586206,0.08587865611742043,-0.6124227903496615,-0.07284316936361471,0.06677856233099375
226,9.339,45.243,0.4482758620689655,0.1480561801897063,-0.6311530264626684,-0.06774470884706205,0.08196998977466838
227,9.339,45.309,0.4655172413793103,0.21322471280129812,-0.6494377846738273,-0.01826511290312804,0.09055170385219108
228,9.339,45.375,0.5,0.290461434316832,-0.671339720497953,-0.008586753437711491,0.09380117128001135
229,9.339,45.441,0.5172413793103449,0.36734900671077264,-0.6932650851462879,0.00449884561186651,0.09494678881859275
230,9.339,45.507,0.5517241379310345,0.390075584431899,-0.6910731259516942,0.002857444980647348,0.09579316676723365
231,9.339,45.573,0.5,0.34635320831221333,-0.669744891602327,-0.01019741435102036,0.09641856119041756
232,9.339,45.639,0.4827586206896552,0.3525565925846449,-0.6410697732483229,-0.02506575723051117,0.09665263658665563
233,9.339,45.705,0.4655172413793103,0.4045005496534201,-0.6299629675317582,-0.013979551506863041,0.09590714320923842
234,9.339,45.771,0.396551724137931,0.36595106741110395,-0.612793499310754,0.014574564344280505,0.09308119961994832
235,9.339,45.837,0.293103448275862,0.2513129483221929,-0.5839270255856147,-0.006070407919510863,0.08585583103552583
236,9.339,45.903,0.2241379310344827,0.13634009339021472,-0.5887164614961955,0.10327896016402704,0.0680264477234988
237,9.339,45.969,0.1724137931034483,-0.012848599119384196,-0.6001210967235032,0.19314633763222017,0.033811668721600616
238,9.339,46.035,0.1034482758620689,-0.20834749640477102,-0.6171518759034913,0.25495267407698063,-0.011559995010569998
239,9.339,46.101,0.0689655172413793,-0.3883867096565845,-0.6284564410952161,0.31003562593963485,-0.04468313992018335
240,9.339,46.167,0.0517241379310344,-0.5146556175616723,-0.6295723398123493,0.3420371872382561,-0.06180028909049988
241,9.339,46.233,0.0172413793103448,-0.5718980962225663,-0.6103564723919321,0.26975856571659546,-0.07245053466918588
242,9.339,46.299,0.0172413793103448,-0.5414961277900735,-0.5978481736839234,0.217653560743365,-0.0779581566805472
243,9.339,46.365,0.0172413793103448,-0.504843831103938,-0.590648100705907,0.18271640411286788,-0.08196222800858863
244,9.339,46.431,0.0172413793103448,-0.5100876930175519,-0.5927574809961087,0.1786261565664611,-0.08463804967291466
245,9.339,46.497,0.0172413793103448,-0.5140418393806142,-0.5946818222287338,0.17769284107545386,-0.08680065007768134
246,9.405,45.045,0.3620689655172414,-0.03584896591437372,-0.5876545409789167,0.36170915792511116,0.03686874815473407
247,9.405,45.111,0.396551724137931,0.04215089188160874,-0.6056527262999992,0.15001270751702775,0.049630556591402496
248,9.405,45.177,0.4482758620689655,0.12194894038896253,-0.627695730182299,-0.053790060049732226,0.06860984506102405
249,9.405,45.243,0.4482758620689655,0.19887237451071074,-0.6565650800129679,-0.06934958013056267,0.08386471671055218
250,9.405,45.309,0.5,0.2946877444191049,-0.6852364819230383,0.004696017544059658,0.09173059798041354
251,9.405,45.375,0.5344827586206896,0.3981046364764562,-0.7155330410568278,0.00997165100946318,0.09436597901699764
252,9.405,45.441,0.5517241379310345,0.4538848213784577,-0.7342418399680468,0.009100932092030629,0.09530810056827753
253,9.405,45.507,0.5517241379310345,0.44355512208429687,-0.7261351961784202,-0.0012196381988103704,0.09566775350742698
254,9.405,45.573,0.5,0.38867151108609077,-0.7001915938195038,-0.022095242502986036,0.0959414079871398
255,9.405,45.639,0.4655172413793103,0.3972545668938853,-0.6705901544371475,-0.03862410955597786,0.09565936528911742
256,9.405,45.705,0.4482758620689655,0.4516917540134448,-0.6453317502293008,-0.023913433681991416,0.0938107208281728
257,9.405,45.771,0.3793103448275862,0.43573957138747754,-0.6062570770998805,0.009566271235393255,0.08873797367701008
258,9.405,45.837,0.293103448275862,0.33381646573521395,-0.6113363637475233,0.0013565010110379166,0.07777147679610369
259,9.405,45.903,0.2068965517241379,0.17352844270064544,-0.6279284132388834,0.15791306551983547,0.05539455598014188
260,9.405,45.969,0.1034482758620689,0.00381897345243519,-0.6435677954473733,0.2013373320015559,0.016939216488555363
261,9.405,46.035,0.0862068965517241,-0.18907820064897052,-0.6524566422022058,0.24269835153788794,-0.02708177268811058
262,9.405,46.101,0.0689655172413793,-0.3510057567799024,-0.6571814326480314,0.27237086045195447,-0.05600265159172156
263,9.405,46.167,0.0517241379310344,-0.4864565232767993,-0.6611338770542923,0.30456544954434833,-0.07099908660250905
264,9.405,46.233,0.0172413793103448,-0.5852092135691929,-0.6396893175620513,0.2745471911596842,-0.07902539129488734
265,9.405,46.299,0.0172413793103448,-0.5683753734712962,-0.6186879632282338,0.22223688532379954,-0.08350836005452683
266,9.405,46.365,0.0172413793103448,-0.5184082370882662,-0.6015755427628624,0.17894102162097308,-0.08686012477301541
267,9.405,46.431,0.0172413793103448,-0.5102857014713194,-0.5981358509124746,0.17263926504707322,-0.08922732334794303
268,9.405,46.497,0.0172413793103448,-0.5114472724068634,-0.5978327877591034,0.1741214533846691,-0.0910078941685907
269,9.471,45.111,0.396551724137931,0.05922575626692562,-0.6112747370398992,-0.005496035138941632,0.05394992936682284
270,9.471,45.177,0.4482758620689655,0.14800002406651103,-0.6377785998631906,-0.09227602192623596,0.07080216264815711
271,9.471,45.243,0.4655172413793103,0.24912911771280327,-0.6768166700524048,-0.08257170528191021,0.08543058932941817
272,9.471,45.309,0.5172413793103449,0.358822178883792,-0.7183477365156818,0.004397492394503133,0.09291092179540375
273,9.471,45.375,0.5344827586206896,0.45860085253556904,-0.7550454068000266,0.04042383978759624,0.09454036950133873
274,9.471,45.441,0.5517241379310345,0.4929597432236959,-0.7695977490123331,0.014785331674003916,0.09486740149358218
275,9.471,45.507,0.5344827586206896,0.4795244182519336,-0.7590013671614757,-0.014536822326717495,0.09447227761099655
276,9.471,45.573,0.5172413793103449,0.4371785543044753,-0.7326303730564487,-0.04514380136183996,0.09412801374842511
277,9.471,45.639,0.4655172413793103,0.44112800810111913,-0.7066636684898997,-0.05590966351983753,0.09293722427289114
278,9.471,45.705,0.4310344827586206,0.4816230236281429,-0.6746926631132404,-0.03693742131714122,0.08933504559722327
279,9.471,45.771,0.3620689655172414,0.4684142967428717,-0.6317002242154564,0.012461719987816627,0.08061743504631763
280,9.471,45.837,0.293103448275862,0.3682208508812767,-0.643526344505339,0.07901811789574495,0.06342599344886875
281,9.471,45.903,0.1551724137931034,0.18157984574848823,-0.6648655501404892,0.19401362668051295,0.03356125752409665
282,9.471,45.969,0.0862068965517241,-0.01960086187253317,-0.6785777891165512,0.22786759219064917,-0.006739693623679113
283,9.471,46.035,0.0344827586206896,-0.18666134182004457,-0.6833428478837354,0.2389260617856692,-0.044387027650699774
284,9.471,46.101,0.0517241379310344,-0.3334055790482388,-0.681035357969525,0.248379228373881,-0.06706940079215683
285,9.471,46.167,0.0517241379310344,-0.45709305778012593,-0.679460601299438,0.26256946930698033,-0.07923997227333703
286,9.471,46.233,0.0172413793103448,-0.5555030420530418,-0.6555970163915237,0.23583700191907314,-0.0857167257103402
287,9.471,46.299,0.0172413793103448,-0.5477263229080473,-0.6319079316439636,0.18939559916235654,-0.08966263145476414
288,9.471,46.365,0.0172413793103448,-0.5074501747898056,-0.6126230496660368,0.16764419858902335,-0.09224622630036229
289,9.471,46.431,0.0172413793103448,-0.5052514533565963,-0.6034001319693982,0.16410181954463118,-0.09397846375978638
290,9.471,46.497,0.0172413793103448,-0.5075798034466854,-0.6007082949761102,0.1681006277191363,-0.09536192971607674
291,9.537,45.111,0.396551724137931,0.11274945739124659,-0.6157000149681343,-0.08555871723015207,0.058036574854339086
292,9.537,45.177,0.4655172413793103,0.18828661269292796,-0.6484500153357986,-0.11862464507458577,0.07357402743919499
293,9.537,45.243,0.4655172413793103,0.28920152761683643,-0.692366137273964,-0.10407079596101648,0.08705067148903287
294,9.537,45.309,0.5172413793103449,0.40397183520126695,-0.7389748624811782,-0.017207148843319094,0.09298130486866726
295,9.537,45.375,0.5517241379310345,0.4976543682966067,-0.775659403043526,0.015647150463335247,0.09315955487815238
296,9.537,45.441,0.5517241379310345,0.5234180244494152,-0.7914722854536225,-0.015708976872690843,0.09261121510418424
297,9.537,45.507,0.5344827586206896,0.5152994175088211,-0.7877688068048521,-0.0393360886829211,0.09124924109343749
298,9.537,45.573,0.5172413793103449,0.4788337774640239,-0.7656603638802237,-0.06500774121132226,0.0899424865478488
299,9.537,45.639,0.4655172413793103,0.462983061719564,-0.741927530156625,-0.07093367006622656,0.08719709288679017
300,9.537,45.705,0.4310344827586206,0.46867341102788723,-0.7149984087271853,-0.0520245515754506,0.08063691753207906
301,9.537,45.771,0.3103448275862069,0.4130240045641599,-0.6796272768149878,0.006792655955795758,0.06600467417507513
302,9.537,45.837,0.2068965517241379,0.2946846022580404,-0.6834815697007754,0.10881034032333449,0.040848373388985226
303,9.537,45.903,0.1034482758620689,0.10908823354723865,-0.7014810410063135,0.2222480970974499,0.0049047193067429
304,9.537,45.969,0.0344827586206896,-0.08268826708413227,-0.7121636928900064,0.27133938114087486,-0.03225872444377197
305,9.537,46.035,0.0172413793103448,-0.22812288279182252,-0.7116128117135334,0.27786178591154737,-0.061041467515737774
306,9.537,46.101,0.0172413793103448,-0.34013098043812634,-0.7026989114041456,0.26380358510000257,-0.07741414332774679
307,9.537,46.167,0.0172413793103448,-0.43137817077607854,-0.6918101546358169,0.24389045200718332,-0.08704606242894705
308,9.537,46.233,0.0172413793103448,-0.4945419008799386,-0.6657164176550094,0.19514894002314107,-0.09229901473631696
309,9.537,46.299,0.0172413793103448,-0.4920932516946825,-0.6423166049827189,0.16668176913783217,-0.09591659026196682
310,9.537,46.365,0.0172413793103448,-0.47383225540796814,-0.621753530657304,0.15179743189566822,-0.0977162738048912
311,9.603,45.111,0.4310344827586206,0.17087342806303865,-0.6162650200761344,-0.09908944264076394,0.059552875774513236
312,9.603,45.177,0.4655172413793103,0.23553459856973974,-0.6559270878302116,-0.1122125628725454,0.07520475510436145
313,9.603,45.243,0.4655172413793103,0.31101111694833505,-0.7004545013432717,-0.12617771350377469,0.0867151592911673
314,9.603,45.309,0.5344827586206896,0.42470130600150424,-0.7468174464540867,-0.038260657638152853,0.08981288717840413
315,9.603,45.375,0.5517241379310345,0.5221455526810623,-0.7884070830871741,-0.0023524866819033905,0.08802515700517277
316,9.603,45.441,0.5689655172413793,0.5576679586251316,-0.8086251961457872,-0.021813749213248676,0.08597243028093722
317,9.603,45.507,0.5689655172413793,0.5694854666695185,-0.8064896301320242,-0.04693870302630461,0.08344938460334128
318,9.603,45.573,0.5344827586206896,0.5183406371748243,-0.7871742992501225,-0.07737383678134246,0.08068954334003586
319,9.603,45.639,0.4655172413793103,0.465870050591474,-0.7650858653670299,-0.08229208830948466,0.07549966441155427
320,9.603,45.705,0.4137931034482758,0.43701594903176805,-0.7438962848430659,-0.06518610458874384,0.0646093414196054
321,9.603,45.771,0.293103448275862,0.3385881437752852,-0.7126299271338075,-0.01574967204846448,0.042981022290141946
322,9.603,45.837,0.1896551724137931,0.22183905828341943,-0.7111923615551652,0.07102560715008419,0.011856293388223332
323,9.603,45.903,0.1034482758620689,0.05832289203755908,-0.726623636316152,0.21461521391429428,-0.023662819550179896
324,9.603,45.969,0.0172413793103448,-0.12292748975819687,-0.7337063128119232,0.2777075230764126,-0.05316097980720052
325,9.603,46.035,0.0172413793103448,-0.23750066127233932,-0.7304822516547449,0.27883632824769433,-0.07395459173427618
326,9.603,46.101,0.0172413793103448,-0.3288627158463286,-0.7156731547617162,0.2477215074933259,-0.08671497266511123
327,9.603,46.167,0.0172413793103448,-0.4052407472052644,-0.6995012070197937,0.22981616147700673,-0.0944997115243146
328,9.603,46.233,0.0172413793103448,-0.43749629594758177,-0.6749554541450185,0.17857271673288871,-0.09936039051217382
329,9.603,46.299,0.0172413793103448,-0.4338280683801955,-0.6567648623606348,0.14963988295194033,-0.10209676243902573
330,9.669,45.045,0.396551724137931,0.13085023435341242,-0.5880783378999582,-0.059013653372654205,0.04238815217226592
331,9.669,45.111,0.4482758620689655,0.18831060573052377,-0.6146210842819545,-0.06877705042785798,0.057678758447141106
332,9.669,45.177,0.4655172413793103,0.2648579552692365,-0.6555095736656644,-0.09170015181743875,0.07167553184311182
333,9.669,45.243,0.4655172413793103,0.3180980395612075,-0.6989904954781008,-0.1597816851397726,0.08065390029779734
334,9.669,45.309,0.5172413793103449,0.4322301037726343,-0.7488221184890314,-0.08235711062929253,0.08058422918001633
335,9.669,45.375,0.5517241379310345,0.5359300755745147,-0.7978481945187726,-0.02285504169406217,0.07614562194919476
336,9.669,45.441,0.5689655172413793,0.583263083369505,-0.8191857301107366,-0.029354645614766427,0.07193952082089063
337,9.669,45.507,0.5689655172413793,0.5912898687849003,-0.8141401381451212,-0.0566335326271869,0.06795356783600819
338,9.669,45.573,0.5344827586206896,0.5299274368337611,-0.7916693911467287,-0.08822562027083443,0.06348543865572422
339,9.669,45.639,0.4655172413793103,0.4677480781871799,-0.770728237658032,-0.08984356686609643,0.05575350453500045
340,9.669,45.705,0.4137931034482758,0.4196095450086993,-0.7520206705825752,-0.07338415916344704,0.040459172040485686
341,9.669,45.771,0.2758620689655172,0.316031796702773,-0.7252386763827785,-0.03432187004251934,0.013631941517209607
342,9.669,45.837,0.1896551724137931,0.20518011959915672,-0.7250726017051918,0.036535294256783174,-0.018182492075463904
343,9.669,45.903,0.1034482758620689,0.04674052443776044,-0.7403427443122077,0.1951227070541921,-0.047855221866305545
344,9.669,45.969,0.0172413793103448,-0.13391530410634372,-0.7455065848139152,0.2647629116472764,-0.06919154008067818
345,9.669,46.035,0.0172413793103448,-0.24040348188399474,-0.7402912730407201,0.26379601756093696,-0.08432382953925853
346,9.669,46.101,0.0172413793103448,-0.32596632456000785,-0.7245860974485332,0.23415679349070445,-0.0947239396595662
347,9.669,46.167,0.0172413793103448,-0.39556400814353126,-0.710795675629271,0.223789089555523,-0.10159323312966644
348,9.669,46.233,0.0172413793103448,-0.42204236448061627,-0.6880948454317348,0.17331569184264745,-0.10604852668816586
349,9.669,46.299,0.0172413793103448,-0.41367485212361366,-0.6722857807860065,0.1413345360316442,-0.10877455344184318
350,9.735,45.045,0.396551724137931,0.1466992864468204,-0.5907902803942691,-0.008838667948446333,0.03201993026991666
351,9.735,45.111,0.4482758620689655,0.1937154275903952,-0.6130686374425097,-0.019233310254845107,0.044300418117544135
352,9.735,45.177,0.4655172413793103,0.26664917380852693,-0.6507887925230879,-0.045922815918710315,0.054422527662281284
353,9.735,45.243,0.4655172413793103,0.32326363765647015,-0.6973783907971958,-0.20547735804790285,0.06022979627550634
354,9.735,45.309,0.5172413793103449,0.4630016708902215,-0.7568272280898384,-0.11548899779834204,0.057632691869894954
355,9.735,45.375,0.5689655172413793,0.5952629150643117,-0.8140886590823208,0.008977223979164287,0.05093018102938404
356,9.735,45.441,0.5862068965517241,0.6363711491465367,-0.8320567270608172,-0.028485366678882504,0.04628370841116944
357,9.735,45.507,0.5517241379310345,0.5965411035509539,-0.8184352598341601,-0.08283204973671035,0.04285507938830213
358,9.735,45.573,0.5172413793103449,0.5267679536859871,-0.791040289588852,-0.10324224499755777,0.037770936937797345
359,9.735,45.639,0.4655172413793103,0.48836558532150454,-0.7706888667843834,-0.09423342121178158,0.02832077140583258
360,9.735,45.705,0.396551724137931,0.4354555453020612,-0.7556347393834262,-0.07116475834306264,0.010797007546523999
361,9.735,45.771,0.2758620689655172,0.3268515709991899,-0.7297921982611939,-0.037358688172773345,-0.01662243664169838
362,9.735,45.837,0.1896551724137931,0.20559361022568362,-0.7346857581912805,0.05971399333175248,-0.044258516706509314
363,9.735,45.903,0.0862068965517241,0.030677253531907048,-0.7505425960706662,0.20483779777819308,-0.06675254720628779
364,9.735,45.969,0.0172413793103448,-0.14517152999591737,-0.7539910352450123,0.2580450405803725,-0.08181002247924392
365,9.735,46.035,0.0172413793103448,-0.24658407918741473,-0.7484422050091624,0.25180226422399477,-0.09302992333362693
366,9.735,46.101,0.0172413793103448,-0.3346210900500622,-0.7338205694152153,0.2283306579363829,-0.10178097593391411
367,9.735,46.167,0.0172413793103448,-0.40111870206240774,-0.7228480304382112,0.22287956500696327,-0.10811739600292208
368,9.735,46.233,0.0172413793103448,-0.4283424422472085,-0.7014272598031632,0.1716149871208323,-0.11240754193864336
369,9.735,46.299,0.0172413793103448,-0.4143029070882827,-0.6885259620554406,0.14157935093522317,-0.1149026973158172
370,9.735,46.365,0.0172413793103448,-0.40291354753936426,-0.6834365151728554,0.13099460858324907,-0.11679108679711474
371,9.801,45.045,0.4310344827586206,0.17641181413880191,-0.6029332580558814,0.02672164557019618,0.013135189924799485
372,9.801,45.111,0.4482758620689655,0.21842991868026515,-0.6249556401265218,0.037485111994104606,0.019125212508566615
373,9.801,45.177,0.4655172413793103,0.2734078323128143,-0.6597714132428106,-0.027368272280715714,0.023307277857592866
374,9.801,45.243,0.4655172413793103,0.3498450388967676,-0.7037022153285442,-0.15759880174645727,0.02558208832809349
375,9.801,45.309,0.5517241379310345,0.5114886533121672,-0.7679423844048869,-0.006059200018441152,0.021845544813149986
376,9.801,45.375,0.5862068965517241,0.6749196312763794,-0.8310665121650613,0.10901263550064931,0.015968951952295227
377,9.801,45.441,0.603448275862069,0.7038228427033788,-0.8456421215016554,-0.011350374202399274,0.013538615134903002
378,9.801,45.507,0.5517241379310345,0.6225375133491915,-0.8209875731118472,-0.11130132184308358,0.012251734872612897
379,9.801,45.573,0.5,0.5600924551510179,-0.7908461378099028,-0.11495199492101663,0.008187702608121362
380,9.801,45.639,0.4655172413793103,0.5467239783889263,-0.7740888019983185,-0.09034808168304008,-0.001050365489615044
381,9.801,45.705,0.3793103448275862,0.4755935247776695,-0.7620927434707596,-0.05599462502221405,-0.017827284580776655
382,9.801,45.771,0.2758620689655172,0.3438409367493906,-0.7393773231593239,-0.023380490214103114,-0.04231591627295855
383,9.801,45.837,0.1896551724137931,0.19031018757430884,-0.7526203156980704,0.1472997497825703,-0.06467301519632615
384,9.801,45.903,0.0862068965517241,-0.010028357014759185,-0.768054389513515,0.25417726517538913,-0.08143149359032378
385,9.801,45.969,0.0172413793103448,-0.16592578107421224,-0.7659867289223958,0.2673056295062402,-0.09210669772489857
386,9.801,46.035,0.0172413793103448,-0.2546303590152203,-0.7564903558503395,0.24196888866808858,-0.10049738296972488
387,9.801,46.101,0.0172413793103448,-0.3418962169368924,-0.742179279153619,0.2197939582049198,-0.10807488537143632
388,9.801,46.167,0.0172413793103448,-0.4064781121102322,-0.7328551425359119,0.21703681895878038,-0.1138203033806924
389,9.801,46.233,0.0172413793103448,-0.4328800348795325,-0.7121638458997215,0.17100385113804684,-0.11793514614965905
390,9.801,46.299,0.0172413793103448,-0.41996640895958237,-0.6996705985774689,0.14093571066889998,-0.12050297245590183
391,9.801,46.365,0.0172413793103448,-0.4097207344143463,-0.6954019429855275,0.1311151400329632,-0.12241619217865424
392,9.867,45.045,0.4310344827586206,0.23552096691984728,-0.6297789469203292,0.023308691006655752,-0.008450895161145972
393,9.867,45.111,0.4482758620689655,0.2796651367561037,-0.6543783523422654,0.028283309051716207,-0.006748524687872309
394,9.867,45.177,0.4827586206896552,0.33989052244263485,-0.6823316700420359,0.015167134978872978,-0.007530437232370928
395,9.867,45.243,0.5,0.3942931553252685,-0.7170310898213673,-0.0055813199562620985,-0.009379850537043245
396,9.867,45.309,0.5344827586206896,0.532721333378771,-0.7712047566750152,0.11007383840885833,-0.013247383564917638
397,9.867,45.375,0.603448275862069,0.6834434661163602,-0.8270433638119108,0.11856522752885063,-0.016160648085382888
398,9.867,45.441,0.603448275862069,0.7140321959204823,-0.8385899828425257,-0.019147684343769563,-0.016172638099565075
399,9.867,45.507,0.5517241379310345,0.6351991710805229,-0.8142656565190793,-0.11065989893930578,-0.016637622908322883
400,9.867,45.573,0.5,0.6054296914843877,-0.7905369778546907,-0.10209456108603274,-0.019424643204037396
401,9.867,45.639,0.4827586206896552,0.6178014077659855,-0.7806540954122413,-0.06306679391537401,-0.026897055346250424
402,9.867,45.705,0.3793103448275862,0.5241254955967469,-0.7626686822020048,-0.01972254312361068,-0.041131807333201195
403,9.867,45.771,0.2758620689655172,0.3551450136797927,-0.748891111089375,0.005229416830471595,-0.061850695343213136
404,9.867,45.837,0.1724137931034483,0.1495505655989306,-0.7724011274155453,0.21976925932515012,-0.07954908910394459
405,9.867,45.903,0.0689655172413793,-0.06965217599388156,-0.7880389277026261,0.3024718769961905,-0.09184958413635427
406,9.867,45.969,0.0172413793103448,-0.20262458560817367,-0.7787423732531662,0.2794219003484502,-0.09985784364076428
407,9.867,46.035,0.0172413793103448,-0.2693295748154482,-0.7642265232326191,0.23620890537677616,-0.1066022857068774
408,9.867,46.101,0.0172413793103448,-0.34568907593590226,-0.7487130124382908,0.20977522579240987,-0.11322599083723532
409,9.867,46.167,0.0172413793103448,-0.4062206829948757,-0.7394859834333405,0.20492205466450897,-0.11881267970373596
410,9.867,46.233,0.0172413793103448,-0.4323424536070862,-0.7199011980304237,0.162225105669957,-0.12257432543978264
411,9.867,46.299,0.0172413793103448,-0.4232735790413539,-0.7075493727586467,0.13680188630935608,-0.12500469998835434
412,9.867,46.365,0.0172413793103448,-0.41177564551949836,-0.7029990554588179,0.12479650763450188,-0.12685327606507588
413,9.933,45.111,0.4827586206896552,0.3642535447177796,-0.6771919484000999,-0.020023547689247516,-0.023332333614861023
414,9.933,45.177,0.5344827586206896,0.41864101484620664,-0.7053615494995513,-0.026285833330199432,-0.02689748375832865
415,9.933,45.243,0.5,0.4437742935201883,-0.7305960728695555,-0.09196414139439447,-0.030469086062637346
416,9.933,45.309,0.5344827586206896,0.5210699581752749,-0.7660450744965736,-0.17536068387930337,-0.0334667239122438
417,9.933,45.375,0.5689655172413793,0.6357269783062077,-0.8031474422384103,0.012066180028778416,-0.034854958221356175
418,9.933,45.441,0.5689655172413793,0.6557833703755049,-0.8092216864122097,-0.036110972740564816,-0.03467318116271399
419,9.933,45.507,0.5517241379310345,0.6071105795022685,-0.786737115697617,-0.08622275617517736,-0.035492921405759825
420,9.933,45.573,0.5,0.6079455136559861,-0.7730665063483617,-0.07260217885321116,-0.03827481709253086
421,9.933,45.639,0.4827586206896552,0.6082336327238187,-0.7685885600622642,-0.011661241737076188,-0.04472697964652481
422,9.933,45.705,0.3620689655172414,0.49512358720413374,-0.7427516442847133,0.05599444924766093,-0.05675302230753454
423,9.933,45.771,0.2758620689655172,0.32674673015580724,-0.7539037729805342,0.033222764819573265,-0.07436644179571052
424,9.933,45.837,0.1724137931034483,0.10607649069403394,-0.7920450420436622,0.20740201262766506,-0.08925009519208299
425,9.933,45.903,0.0689655172413793,-0.12141691007815059,-0.8065674500144543,0.3226937917131769,-0.09891143966303712
426,9.933,45.969,0.0172413793103448,-0.2362454988015027,-0.789762106625318,0.2845106344788851,-0.10500343953610874
427,9.933,46.035,0.0172413793103448,-0.28588038881290695,-0.7711418638813821,0.23067027614201277,-0.11094120396246579
428,9.933,46.101,0.0172413793103448,-0.34763195075319453,-0.7539893235552063,0.19691389883481214,-0.1171413380433079
429,9.933,46.167,0.0172413793103448,-0.40401332833565784,-0.7439749657461218,0.19066090012879483,-0.12238621238647049
430,9.933,46.233,0.0172413793103448,-0.4306688089108206,-0.7243062774687733,0.1528195595650307,-0.12682816517741505
431,9.933,46.299,0.0172413793103448,-0.4192200365853973,-0.7123124498501546,0.1298736061683221,-0.12834318145350193
432,9.933,46.365,0.0172413793103448,-0.4056922170436066,-0.7088608178997385,0.12062403683812926,-0.12970928184960787
433,9.999,45.045,0.4482758620689655,0.31690246571505,-0.6539617527944991,-0.06517220539573663,-0.029830162741377553
434,9.999,45.111,0.4827586206896552,0.3819275001187684,-0.6793882958734816,-0.062419118367308984,-0.031480858321625685
435,9.999,45.177,0.5344827586206896,0.45262739264727403,-0.7121230498725224,-0.06230376582459149,-0.03584984426418882
436,9.999,45.243,0.5,0.47651521137410124,-0.736678000939786,-0.10403860675725982,-0.038744996991732034
437,9.999,45.309,0.5517241379310345,0.5387173481708933,-0.7603669546508941,-0.0803598185913425,-0.04088899374210163
438,9.999,45.375,0.5689655172413793,0.6105993945717249,-0.7810072024129913,0.010543108151840085,-0.04188404875527167
439,9.999,45.441,0.5517241379310345,0.6012497370892425,-0.7764039510899541,-0.02030873794378345,-0.04262327320369005
440,9.999,45.507,0.5344827586206896,0.561448488693457,-0.755493272831095,-0.03407274487056136,-0.044747398459752674
441,9.999,45.573,0.4827586206896552,0.5687107905535117,-0.7479000216693164,-0.009311830725892286,-0.048343742195333037
442,9.999,45.639,0.4482758620689655,0.5330343691329293,-0.7450512642433393,0.05125727311675401,-0.05451465892136803
443,9.999,45.705,0.3103448275862069,0.4121657947324367,-0.7246878507922472,0.056239310495269985,-0.06517184362034745
444,9.999,45.771,0.293103448275862,0.2595099786312678,-0.7619442135599724,0.03736816075255726,-0.08070197159002386
445,9.999,45.837,0.1724137931034483,0.05368451355023722,-0.8067742278392549,0.18899489328357066,-0.09405419448336991
446,9.999,45.903,0.0689655172413793,-0.15510467764768388,-0.8182412929883178,0.3086888634149913,-0.10296651857081454
447,9.999,45.969,0.0172413793103448,-0.2505856636664219,-0.7959621448543153,0.2627850465766431,-0.10805717926395739
448,9.999,46.035,0.0172413793103448,-0.29593086697111204,-0.7749608076972245,0.2153469347982746,-0.11375204820757193
449,9.999,46.101,0.0172413793103448,-0.35091139266176297,-0.759231990911359,0.18606217917293974,-0.12019222157283971
450,9.999,46.167,0.0172413793103448,-0.40853726678634694,-0.7503471203982365,0.1855158585229062,-0.1259351471806976
451,9.999,46.233,0.0172413793103448,-0.4376628426575652,-0.7307243294916584,0.1511726114858264,-0.12966793124380593
452,9.999,46.299,0.0172413793103448,-0.42217789773659714,-0.7178694453051163,0.12451126778746013,-0.13116802467053085
453,9.999,46.365,0.0172413793103448,-0.41506322678445945,-0.7161710365222871,0.11331472994342626,-0.13169185085957935
454,10.065,45.045,0.4482758620689655,0.30107233333137373,-0.6475402076812864,-0.04469704415359196,-0.03280255085569796
455,10.065,45.111,0.4827586206896552,0.3444318302664183,-0.6701049454499097,-0.048671397569953916,-0.0351158501867775
456,10.065,45.177,0.5,0.4339775333370841,-0.7042711775530259,-0.07914743974792632,-0.03835457134775208
457,10.065,45.243,0.5344827586206896,0.498582795024832,-0.737332143741166,-0.056422329119859144,-0.040939175957987836
458,10.065,45.309,0.5517241379310345,0.5755813793758162,-0.7605050575083474,0.04636657134704971,-0.04240998771812171
459,10.065,45.375,0.5689655172413793,0.6077771988357983,-0.7682112112226317,0.02875085587927592,-0.04334712423918377
460,10.065,45.441,0.5517241379310345,0.5679101682134808,-0.7490654649909256,-0.003525040804177733,-0.04474268136186048
461,10.065,45.507,0.5172413793103449,0.5327119395367067,-0.7273746402233994,0.013135283148773729,-0.04760079622523086
462,10.065,45.573,0.4827586206896552,0.5407270824259685,-0.7182712886890814,0.04747396323638845,-0.051914771813297525
463,10.065,45.639,0.4310344827586206,0.48658235567572794,-0.7166759553530465,0.07349851351025151,-0.058372767162608766
464,10.065,45.705,0.3103448275862069,0.36659235698043546,-0.7240680934929162,0.0030149968350619664,-0.0681394434025995
465,10.065,45.771,0.2586206896551724,0.20732343350725535,-0.7755976233301909,0.07032036758943222,-0.08250730814757487
466,10.065,45.837,0.1379310344827586,0.0011164628082911306,-0.820121425138953,0.20112143909558533,-0.09529839819410409
467,10.065,45.903,0.0689655172413793,-0.1846118157872506,-0.8226643041494868,0.2899081235712522,-0.10445181727245592
468,10.065,45.969,0.0172413793103448,-0.26204517493833324,-0.7996892025192539,0.24194194332248573,-0.10964062341842747
469,10.065,46.035,0.0172413793103448,-0.29502507639361253,-0.7787610586208962,0.19404599973510095,-0.11539889445807866
470,10.065,46.101,0.0172413793103448,-0.354515778006401,-0.764208459974753,0.17483211040857824,-0.12226248339637061
471,10.065,46.167,0.0172413793103448,-0.4198113584975184,-0.758199535323629,0.18377025199608257,-0.12810385627831988
472,10.065,46.233,0.0172413793103448,-0.44935526671801024,-0.7406270857261587,0.15284889921811307,-0.1315103165231416
473,10.065,46.299,0.0172413793103448,-0.43998042876297105,-0.7254464294569498,0.12216049025441586,-0.13334913928135145
474,10.065,46.431,0.0,-0.5044530958877498,-0.7288573901320441,0.10621061259890006,-0.13256576335356796
475,10.065,46.497,0.0,-0.5332136856556163,-0.7406985497655401,0.12074402584336195,-0.13227513020078938
476,10.065,46.563,0.0,-0.5515780700813244,-0.7469066637039006,0.1205279901502653,-0.13205024169091165
477,10.131,45.045,0.4482758620689655,0.2713040386625954,-0.6309571121363187,0.13325575793924935,-0.03305648452734334
478,10.131,45.111,0.4827586206896552,0.3360514324486694,-0.6595499448740685,0.09953575429251146,-0.035527265921976206
479,10.131,45.177,0.5172413793103449,0.4344895342280807,-0.6991756021266785,0.013503919764467534,-0.03841740750745435
480,10.131,45.243,0.5344827586206896,0.5295508401415049,-0.7392154604579457,0.04515133279340288,-0.04022993457808761
481,10.131,45.309,0.5689655172413793,0.5922451475909654,-0.76256381958718,0.06389733603732861,-0.04124138567071522
482,10.131,45.375,0.5517241379310345,0.5955767287528344,-0.7581933217390732,0.03364785541464457,-0.042461197213445795
483,10.131,45.441,0.5344827586206896,0.5392620436611106,-0.7295405407537284,0.013959249040259213,-0.0444882037942498
484,10.131,45.507,0.5,0.5346465426821713,-0.7048703217540835,0.045484345347880165,-0.047754008951975006
485,10.131,45.573,0.4827586206896552,0.5547981939538057,-0.6913132745155521,0.09065294894612222,-0.05246541968437101
486,10.131,45.639,0.3448275862068966,0.48446370451398735,-0.7016151442790621,0.11173610900172909,-0.05906642708682852
487,10.131,45.705,0.293103448275862,0.34612981492213807,-0.7338989556978142,-0.02952821970015249,-0.06850655214996576
488,10.131,45.771,0.2068965517241379,0.16683590832181683,-0.7787265230578391,0.12150865489312933,-0.08217114314045709
489,10.131,45.837,0.1379310344827586,-0.03995181671034501,-0.8227020720819369,0.2507821343681219,-0.09474475381877036
490,10.131,45.903,0.0689655172413793,-0.19226234461887137,-0.8256434338983749,0.27804850284545735,-0.10421669611383581
491,10.131,45.969,0.0172413793103448,-0.2720331786946732,-0.8039395052545751,0.22565607061329804,-0.10987318439437238
492,10.131,46.035,0.0172413793103448,-0.2954417704430511,-0.7837804636065254,0.17446087347147718,-0.11572727936319283
493,10.131,46.101,0.0172413793103448,-0.3502053345445668,-0.7693237882714543,0.15958112133180286,-0.12307843629489487
494,10.131,46.167,0.0172413793103448,-0.4196429522637155,-0.765197358131291,0.1725247403852893,-0.12937409191904137
495,10.131,46.233,0.0172413793103448,-0.4640966143839388,-0.7510930045075348,0.15177760985615357,-0.13314294269339888
496,10.131,46.299,0.0172413793103448,-0.45624642353631795,-0.7336255985561617,0.11995188143493982,-0.1342128770728417
497,10.131,46.365,0.0172413793103448,-0.451740098435942,-0.7261751090546464,0.09517989789362276,-0.13350516332698503
498,10.131,46.431,0.0172413793103448,-0.4825739356188734,-0.7293568069492236,0.09322856914849201,-0.13339699419877415
499,10.131,46.497,0.0172413793103448,-0.5126349876693781,-0.7382988052551038,0.10364668799326796,-0.13297863838146942
500,10.131,46.563,0.0172413793103448,-0.5380761865661199,-0.7426810744663194,0.10913812996662334,-0.1327419464782994
501,10.131,46.629,0.0,-0.5428124450331633,-0.745466200051,0.1108255452938623,-0.13261271068882124
502,10.197,45.045,0.4482758620689655,0.2953882979499509,-0.6288187669344016,0.2754652495770303,-0.03242662661736457
503,10.197,45.111,0.4655172413793103,0.35052468600794234,-0.6563817488044912,0.2754604129487659,-0.03434688787102323
504,10.197,45.177,0.5172413793103449,0.4429099167846912,-0.6962402484839434,0.31019530100045706,-0.036056093557528375
505,10.197,45.243,0.5517241379310345,0.5491402241168303,-0.7394280937274356,0.19706541528442317,-0.037564207794584525
506,10.197,45.309,0.5689655172413793,0.6038908145218223,-0.7614077737754444,0.04629267612386079,-0.03861844778012002
507,10.197,45.375,0.5517241379310345,0.5791529313268872,-0.7500055746838222,0.030051870094877798,-0.04016314505987313
508,10.197,45.441,0.5344827586206896,0.5231060092682654,-0.7163126957214526,0.027540913184261835,-0.042743265270842656
509,10.197,45.507,0.4827586206896552,0.5570615474447822,-0.6900342919562144,0.062202432022056046,-0.04626576964925156
510,10.197,45.573,0.4827586206896552,0.595185874202547,-0.6799031695703868,0.11044473217233207,-0.05142603785879005
511,10.197,45.639,0.3103448275862069,0.5137810788216752,-0.7032007370332578,0.143998211803457,-0.05831870315814387
512,10.197,45.705,0.2413793103448276,0.35393440017910893,-0.7404062842145506,0.0544734081416023,-0.06797303552673412
513,10.197,45.771,0.1379310344827586,0.14821541132056112,-0.7767854914556414,0.19677486147013507,-0.08159171678981374
514,10.197,45.837,0.1034482758620689,-0.041679874527584454,-0.8164428105063615,0.2783975625423837,-0.09427044924885228
515,10.197,45.903,0.0689655172413793,-0.1899545195241013,-0.8279167971320976,0.29743588111757036,-0.10378758211712719
516,10.197,45.969,0.0172413793103448,-0.28689798672877326,-0.8114231013089594,0.24854240985689424,-0.10986135620493814
517,10.197,46.035,0.0172413793103448,-0.3156846029734394,-0.7916186416446689,0.1817261409451389,-0.1163298853435456
518,10.197,46.101,0.0172413793103448,-0.3524761804960219,-0.7763189609045712,0.15510307228951123,-0.12352669679297398
519,10.197,46.167,0.0172413793103448,-0.41368488457851155,-0.7696117634484526,0.16079981108926164,-0.1294747742662954
520,10.197,46.233,0.0172413793103448,-0.4594705930660741,-0.7574732032458624,0.15415764427226847,-0.13297696948990828
521,10.197,46.299,0.0172413793103448,-0.46162937321504927,-0.741018428834137,0.11662264286470204,-0.134117383861027
522,10.197,46.365,0.0172413793103448,-0.4555599523675652,-0.7303108926395994,0.09102666284231545,-0.13382341208678944
523,10.197,46.431,0.0172413793103448,-0.4698759473898456,-0.7287609784967304,0.08259704534663012,-0.13376142674459923
524,10.197,46.497,0.0172413793103448,-0.4914965439338369,-0.7330147026735376,0.07838400128365137,-0.1334389274354274
525,10.197,46.563,0.0172413793103448,-0.5128280611806224,-0.7381035140257719,0.09417373715695714,-0.13326784348241716
526,10.197,46.629,0.0172413793103448,-0.5251410125418479,-0.741532258048639,0.09907614382635181,-0.1331422104477673
527,10.263,44.979,0.4137931034482758,0.265730009398244,-0.5973430907571312,0.3054084627403822,-0.02974633745694267
528,10.263,45.045,0.4482758620689655,0.29939031303218333,-0.6173209496097016,0.3049702345288272,-0.029476873905783078
529,10.263,45.111,0.4655172413793103,0.34162304646559016,-0.6466643040950464,0.30779454465104644,-0.031100451567903625
530,10.263,45.177,0.4827586206896552,0.42090304694626457,-0.6857012009815243,0.3650797682983721,-0.03182484640939641
531,10.263,45.243,0.5517241379310345,0.53875681816523,-0.7311427877619394,0.22736056801674723,-0.03354859515287267
532,10.263,45.309,0.5689655172413793,0.6041125721819991,-0.7557227340999425,0.043894135543192686,-0.03511816831093132
533,10.263,45.375,0.5517241379310345,0.5646518905704067,-0.7449969742328615,0.02885014699389111,-0.037178144325490506
534,10.263,45.441,0.5172413793103449,0.5221277235232445,-0.7147550256804653,0.04145001946247555,-0.04028657141923468
535,10.263,45.507,0.4827586206896552,0.5570700768135584,-0.6924336894694523,0.07162878186125624,-0.044206543313684746
536,10.263,45.573,0.4137931034482758,0.5874863375684378,-0.6890231464359686,0.11402290790692793,-0.050015799802858904
537,10.263,45.639,0.2758620689655172,0.518869464745408,-0.7112520148033474,0.15505572989877295,-0.05786953957713868
538,10.263,45.705,0.1896551724137931,0.3637405797672387,-0.7459346451688238,0.18845564586774005,-0.06824111596232002
539,10.263,45.771,0.1034482758620689,0.15533072040599966,-0.7831120067504962,0.2718097371006307,-0.08164361036643009
540,10.263,45.837,0.0862068965517241,-0.03300279537292197,-0.8152111990279459,0.32644226433679446,-0.09429027843845292
541,10.263,45.903,0.0517241379310344,-0.1835734589369294,-0.8269459998045278,0.33906722716156257,-0.1037994375588567
542,10.263,45.969,0.0172413793103448,-0.2873905452667867,-0.8167379711219014,0.28334573364919247,-0.11023713813632843
543,10.263,46.035,0.0172413793103448,-0.3298488677281953,-0.7973268732125336,0.20270684967669472,-0.11665035943708259
544,10.263,46.101,0.0172413793103448,-0.3601883905814919,-0.7809447378481399,0.15920239388980179,-0.12355482996285738
545,10.263,46.167,0.0172413793103448,-0.4085384563051747,-0.7713488782621474,0.15124849769988552,-0.12901417699120107
546,10.263,46.233,0.0172413793103448,-0.4484859932425096,-0.7608479561563992,0.1396413732075788,-0.13223935807709805
547,10.263,46.299,0.0172413793103448,-0.46060046046497977,-0.7484561437424915,0.11477424710289627,-0.1336544874211391
548,10.263,46.365,0.0172413793103448,-0.46671757875209124,-0.7384931874385556,0.09187242756977532,-0.13385921819074756
549,10.263,46.431,0.0172413793103448,-0.47961180611526255,-0.735313165707444,0.0838406405272861,-0.1337442775441836
550,10.263,46.497,0.0172413793103448,-0.4933199711117076,-0.7353257632977968,0.08161908667955733,-0.1337427605675011
551,10.263,46.563,0.0172413793103448,-0.5038622273652935,-0.7356334359869239,0.08296235345753994,-0.13362385064003973
552,10.263,46.629,0.0172413793103448,-0.5106456321790054,-0.7371596463683868,0.0864150975314492,-0.1335410890846036
553,10.329,44.979,0.4137931034482758,0.2292926507666535,-0.571488915919649,0.2993637180900119,-0.025882057133068063
554,10.329,45.045,0.4482758620689655,0.26794787116219865,-0.5964881425654673,0.30468560538672584,-0.02528717869055482
555,10.329,45.111,0.4482758620689655,0.3160034648902853,-0.6261855861998474,0.30582105533822346,-0.026026045367906845
556,10.329,45.177,0.4827586206896552,0.38309055270623443,-0.6665400470633889,0.3729827271785947,-0.02627163080773419
557,10.329,45.243,0.5344827586206896,0.5055192344019475,-0.714487761387884,0.24415282625976648,-0.028614964858842618
558,10.329,45.309,0.5689655172413793,0.5833217383581533,-0.7437751975040587,0.0530961342009942,-0.031024007439233156
559,10.329,45.375,0.5517241379310345,0.5431502517980015,-0.739773768934825,0.02730852434090539,-0.033306944844661616
560,10.329,45.441,0.5172413793103449,0.5132603401441035,-0.719806622738584,0.0524679398414558,-0.03685901964574297
561,10.329,45.507,0.4827586206896552,0.5354236275498733,-0.7025863405056902,0.08276963533813761,-0.041582958633052954
562,10.329,45.573,0.3620689655172414,0.5266176689274966,-0.7050005846521009,0.11115775345898651,-0.04827122440016688
563,10.329,45.639,0.2758620689655172,0.4697016908939228,-0.7233877571421967,0.13898102963241404,-0.05761194682967109
564,10.329,45.705,0.1551724137931034,0.33680996951991726,-0.7561219653796163,0.29143015366646174,-0.06903154392227578
565,10.329,45.771,0.0862068965517241,0.1411318470117614,-0.7943789467777381,0.3329447416662247,-0.08198507895206351
566,10.329,45.837,0.0344827586206896,-0.032010581754563616,-0.8187779655843948,0.3562189236651476,-0.09428048744340584
567,10.329,45.903,0.0172413793103448,-0.16923047940240782,-0.8223760041624508,0.3504781705150093,-0.10348856866373707
568,10.329,45.969,0.0172413793103448,-0.26020193690463933,-0.8139878866439985,0.29854779100459244,-0.11017039105063432
569,10.329,46.035,0.0172413793103448,-0.31499179839501684,-0.797544765422763,0.22111253548927715,-0.11708284559166815
570,10.329,46.101,0.0172413793103448,-0.3593990607718736,-0.7823538539191096,0.16884979424728744,-0.12351944331839264
571,10.329,46.167,0.0172413793103448,-0.4042375829185215,-0.7715422134076353,0.14582780954956212,-0.12847495370111991
572,10.329,46.233,0.0172413793103448,-0.4387298877877325,-0.7609228949417304,0.1267072563878594,-0.13158167612207314
573,10.329,46.299,0.0172413793103448,-0.4569416804802112,-0.751450874376212,0.1054508222523504,-0.13311631824964804
574,10.329,46.365,0.0172413793103448,-0.471338687409911,-0.7445696864022077,0.08991344608437707,-0.13371792979027797
575,10.329,46.431,0.0172413793103448,-0.48390599863569345,-0.741748041003206,0.08226009748575884,-0.1339107167562799
576,10.329,46.497,0.0172413793103448,-0.4922161936787505,-0.739134586152283,0.08022855016422804,-0.1339007827205857
577,10.329,46.563,0.0172413793103448,-0.49388571705872686,-0.7356648714606195,0.07622538342801036,-0.13384339372086848
578,10.395,44.979,0.4137931034482758,0.16753044186290192,-0.5379234370594996,0.2704814701646657,-0.01914133224809262
579,10.395,45.045,0.4310344827586206,0.22460385869374064,-0.5712456368226344,0.2823666245029798,-0.018164204803941486
580,10.395,45.111,0.4482758620689655,0.28475138389223376,-0.6054842837993022,0.29665610743055276,-0.018851493673896016
581,10.395,45.177,0.4827586206896552,0.3580616472628502,-0.6442304600839555,0.30597169760504284,-0.01930629504623954
582,10.395,45.243,0.5172413793103449,0.4611009296503875,-0.6939998331261124,0.18165687122260077,-0.022488714438460223
583,10.395,45.309,0.5689655172413793,0.5458794011950723,-0.7304527700302321,0.07224315503108035,-0.025835552091631978
584,10.395,45.375,0.5344827586206896,0.5282600373320113,-0.73730343477611,0.03766811390127177,-0.02820321898346869
585,10.395,45.441,0.5172413793103449,0.49267027428597737,-0.72762607166394,0.06262970666634851,-0.031970748905534196
586,10.395,45.507,0.4827586206896552,0.483792896666984,-0.7163661803800399,0.09771690624331791,-0.03772435089616869
587,10.395,45.573,0.3448275862068966,0.44686600192596626,-0.7117381172140604,0.12301906945231927,-0.04596715614947241
588,10.395,45.639,0.2586206896551724,0.4035033638992698,-0.7331708853443153,0.1640587480593478,-0.05696588565281295
589,10.395,45.705,0.1379310344827586,0.29410838186007265,-0.7711341144084718,0.34436058253058965,-0.06909385223758131
590,10.395,45.771,0.0689655172413793,0.10974020925976011,-0.8070082289278241,0.3815394439714088,-0.08209173383599093
591,10.395,45.837,0.0172413793103448,-0.03679615604488762,-0.8240126441303939,0.38314456827153764,-0.09421537124302955
592,10.395,45.903,0.0172413793103448,-0.13073115162369364,-0.8181584927300494,0.334068570792533,-0.10354029590401956
593,10.395,45.969,0.0172413793103448,-0.2066561406311762,-0.8022427980076738,0.26890162164853515,-0.11045566619212788
594,10.395,46.035,0.0172413793103448,-0.28150801232367584,-0.7851098128140964,0.19882695402684247,-0.11724816890187739
595,10.395,46.101,0.0172413793103448,-0.35232871149764,-0.7741770585392862,0.15570538865792663,-0.12361209626101302
596,10.395,46.167,0.0172413793103448,-0.3992155159488485,-0.765327437935718,0.13072157263302467,-0.1281674456026976
597,10.395,46.233,0.0172413793103448,-0.4268921169884641,-0.7576672500910718,0.10848442769837932,-0.13121496150702527
598,10.395,46.299,0.0172413793103448,-0.4483487696963157,-0.7520517790588526,0.09326527346300001,-0.13305696952971563
599,10.395,46.365,0.0172413793103448,-0.47224799641176207,-0.7492830329354727,0.0881672564767115,-0.13367557238841257
600,10.395,46.431,0.0172413793103448,-0.4919144666644963,-0.7476658308720794,0.08966721943194714,-0.1338464464272784
601,10.395,46.497,0.0172413793103448,-0.4964899357017146,-0.7419365781660402,0.07929136381747556,-0.13405291140819525
602,10.395,46.563,0.0172413793103448,-0.48583440611095463,-0.7372432281378442,0.07137052834942875,-0.1340524045383258
603,10.461,44.913,0.396551724137931,0.10068587361847647,-0.4943593331540488,0.17242576471511334,-0.013951985208724082
604,10.461,44.979,0.4137931034482758,0.12872944445656884,-0.5164676148225167,0.17572547221675527,-0.011032441915091767
605,10.461,45.045,0.4310344827586206,0.19889112885556814,-0.5510325504841929,0.1992119037141464,-0.008844816959464676
606,10.461,45.111,0.4482758620689655,0.27672609985251817,-0.5907586550891887,0.1916088758624978,-0.009104675809241024
607,10.461,45.177,0.4827586206896552,0.34026788016464515,-0.6291083887661488,0.14418828356671612,-0.0111927474635592
608,10.461,45.243,0.5,0.4202110812753619,-0.6780710743758067,0.17494215478304898,-0.014644072488691331
609,10.461,45.309,0.5517241379310345,0.5156734826299232,-0.7190835620534488,0.10301141768541008,-0.01756263425718561
610,10.461,45.375,0.5517241379310345,0.5189114513159029,-0.7363530966161703,0.05398161085000795,-0.02117013595032158
611,10.461,45.441,0.5172413793103449,0.4612510981512706,-0.731208797026707,0.06529790282203513,-0.025986914328557313
612,10.461,45.507,0.4655172413793103,0.3911848965097833,-0.7210827029927194,0.11619902788864256,-0.033329720590769135
613,10.461,45.573,0.3620689655172414,0.3258909823971575,-0.7019731872049846,0.18617731275207566,-0.04337820830743633
614,10.461,45.639,0.2586206896551724,0.32641118470017033,-0.7300582721125651,0.24135092749349446,-0.05600633711779345
615,10.461,45.705,0.1551724137931034,0.26943048403348013,-0.7804642495382783,0.32055688902623636,-0.06851459212863233
616,10.461,45.771,0.0517241379310344,0.11089404825701543,-0.815562722048696,0.37591104190142205,-0.08118144932435634
617,10.461,45.837,0.0172413793103448,-0.024650964735190812,-0.8273736837069641,0.3726808990392896,-0.09306277920606464
618,10.461,45.903,0.0172413793103448,-0.08901310599168422,-0.8194211595429548,0.33846890886510705,-0.10311952699007917
619,10.461,45.969,0.0172413793103448,-0.1580244110781539,-0.7970995374940318,0.2628887033418846,-0.11053850085129208
620,10.461,46.035,0.0172413793103448,-0.2586570187763543,-0.7767583144493382,0.18363833678315386,-0.11726344270452611
621,10.461,46.101,0.0172413793103448,-0.33945412189547186,-0.7651006327564316,0.1378891392328095,-0.12310296597184432
622,10.461,46.167,0.0172413793103448,-0.3872634510171298,-0.7581264732890902,0.11328892300967648,-0.12792355785100049
623,10.461,46.233,0.0172413793103448,-0.41434001147404076,-0.7544565471679359,0.09570338119688122,-0.13109880687572445
624,10.461,46.299,0.0172413793103448,-0.4467274214067619,-0.7520600528401924,0.08871396545228974,-0.1327241501273937
625,10.461,46.365,0.0,-0.47796090218600706,-0.7509241497391508,0.08844814177999086,-0.13359895063706545
626,10.461,46.431,0.0,-0.5014263781819005,-0.7492022073106678,0.08629492818158162,-0.13395936395845784
627,10.461,46.497,0.0,-0.49929078467529553,-0.7435377872888896,0.07829344773975551,-0.1340743031080588
628,10.461,46.563,0.0172413793103448,-0.4879087402429811,-0.7389544721846181,0.07217415471638447,-0.13411767721886986
629,10.527,44.913,0.396551724137931,0.10135335215576645,-0.48208194545421423,0.1392975663303867,-0.010771963152267732
630,10.527,44.979,0.4137931034482758,0.13675122961852418,-0.5042503670392422,0.12619767700329645,-0.00570921446795555
631,10.527,45.045,0.4310344827586206,0.20894647266392097,-0.5429841851029844,0.12530041684150678,-0.0009593764818037285
632,10.527,45.111,0.4655172413793103,0.2818630197948093,-0.5832239898102176,0.11163394498510382,-0.0022402864597033468
633,10.527,45.177,0.4827586206896552,0.33833571963675335,-0.6219365575278679,0.07003428246489048,-0.0026017844557681934
634,10.527,45.243,0.5,0.4121416605540721,-0.6691932286988882,0.13536122923474603,-0.005020295292050015
635,10.527,45.309,0.5517241379310345,0.506423519623366,-0.7135176005731653,0.11824345648284187,-0.007683205204806162
636,10.527,45.375,0.5344827586206896,0.5145762018723326,-0.7402887086201766,0.08195192376447039,-0.01239355287193131
637,10.527,45.441,0.5172413793103449,0.43741463149132753,-0.7397931031982086,0.07062663862937156,-0.020597294140062127
638,10.527,45.507,0.4655172413793103,0.31472298503489243,-0.7213500585677852,0.2226623804663606,-0.030111368045608475
639,10.527,45.573,0.3103448275862069,0.23227375263091093,-0.684229521894284,0.3790919056193298,-0.04209343722094036
640,10.527,45.639,0.2586206896551724,0.2759773138600996,-0.7125420725810755,0.29181748365109905,-0.055071969878882646
641,10.527,45.705,0.1724137931034483,0.2791465683340517,-0.7828685746222557,0.289750026712866,-0.06720973666463324
642,10.527,45.771,0.0689655172413793,0.14562218542542527,-0.8213222562532347,0.35350943845580995,-0.07935058266755682
643,10.527,45.837,0.0344827586206896,0.01817206815808958,-0.833988400882299,0.37100271120574946,-0.09102944655014769
644,10.527,45.903,0.0172413793103448,-0.051016315719544174,-0.8259687145500956,0.35039710003098834,-0.10151738384872763
645,10.527,46.101,0.0172413793103448,-0.34311029583286823,-0.7561834657191189,0.11829938997437582,-0.12307903395158794
646,10.527,46.167,0.0172413793103448,-0.38126538222151235,-0.752321319616104,0.10063193291584957,-0.12783431733360345
647,10.527,46.233,0.0172413793103448,-0.414332294844444,-0.7514349219917857,0.09228465320275067,-0.13065853542197342
648,10.527,46.299,0.0,-0.4507420119571487,-0.750243430502047,0.08722980317919155,-0.13263974688204794
649,10.527,46.365,0.0,-0.4764520736250387,-0.7490740959594981,0.08451019172306037,-0.13347992690107952
650,10.527,46.431,0.0,-0.4885484179482312,-0.747112225469159,0.08169268957177327,-0.13380377727308915
651,10.527,46.497,0.0,-0.4937511999248745,-0.7428257330083654,0.07501058599456878,-0.134120182998067
652,10.593,44.913,0.396551724137931,0.11464757067316587,-0.47945669650611433,0.12815681421767094,-0.011362774534483705
653,10.593,44.979,0.4137931034482758,0.15321086066205863,-0.5013016990708034,0.1436374867837385,-0.005181089564506554
654,10.593,45.045,0.4310344827586206,0.22176022545105556,-0.5387442379836291,0.11997239928689121,0.001586667496143503
655,10.593,45.111,0.4482758620689655,0.2892984109999732,-0.5783098196459097,0.10404169232215246,0.0032386457464893253
656,10.593,45.177,0.4827586206896552,0.3488578877247394,-0.6185168044876704,0.0628172716908712,0.0038394982081593433
657,10.593,45.243,0.5,0.4269062148107866,-0.6650067268642719,0.102736753168485,0.003950808891629341
658,10.593,45.309,0.5517241379310345,0.5045586821644483,-0.7098485885082897,0.08422141651634019,0.0011214810145016756
659,10.593,45.375,0.5344827586206896,0.5095861803877149,-0.7419809716565362,0.07263201762963015,-0.004886682834327905
660,10.593,45.441,0.5172413793103449,0.4496415855626007,-0.7450833912423045,0.2044846129631145,-0.015330630322842084
661,10.593,45.507,0.4827586206896552,0.3168404602703601,-0.7198876178826598,0.391310283599002,-0.027246715179839353
662,10.593,45.573,0.3275862068965517,0.22470354386569963,-0.6722852318154121,0.4107896635523156,-0.042064894724800114
663,10.593,45.639,0.2758620689655172,0.2702903819041441,-0.6797806266637657,0.3448970288723727,-0.05335886790328595
664,10.593,45.705,0.1896551724137931,0.30599576451081223,-0.7658267969474022,0.2790955564536545,-0.06506087677035063
665,10.593,45.771,0.0862068965517241,0.2077095424984125,-0.8138600489571699,0.3286176404204084,-0.07704846883431488
666,10.593,45.837,0.0517241379310344,0.09897045537325092,-0.8341840235434824,0.36343475979736567,-0.08865724782169235
667,10.593,46.167,0.0172413793103448,-0.3896133216213302,-0.7507081085651268,0.09343262431287228,-0.12680173028671812
668,10.593,46.233,0.0172413793103448,-0.41748068152071793,-0.7491620899258169,0.08816911994657037,-0.13014111234675216
669,10.593,46.299,0.0,-0.4507271183458854,-0.7474715828131583,0.08227330500096061,-0.13194452032589143
670,10.593,46.365,0.0,-0.46579036359086956,-0.7463312642537039,0.07830453483721278,-0.13351658200507643
671,10.593,46.431,0.0,-0.47333273931304554,-0.7450180540154319,0.07717181863376693,-0.13392338559429423
672,10.593,46.497,0.0,-0.47668396682933994,-0.7424584792322741,0.07343621575893865,-0.13416088983307511
673,10.659,44.913,0.3793103448275862,0.15054966241329204,-0.48247813612667695,0.07157884237554814,-0.014336543050568551
674,10.659,44.979,0.4137931034482758,0.18831945244849446,-0.504034111219335,0.10277573046343436,-0.007747087574410171
675,10.659,45.045,0.4310344827586206,0.24557276983708715,-0.5372566891155666,0.10912825879741031,-0.00197726664905484
676,10.659,45.111,0.4482758620689655,0.2966305682598839,-0.5726130524445292,0.11113161603644942,0.004200447849245778
677,10.659,45.177,0.4827586206896552,0.3625402023339498,-0.6123608403417964,0.07109625280049428,0.007813250736247716
678,10.659,45.243,0.5,0.4311136771449603,-0.6612237694580219,0.07092529010960003,0.00999005317489401
679,10.659,45.309,0.5172413793103449,0.49790543130093934,-0.7065901878599612,0.11800285798088292,0.00906286661436546
680,10.659,45.375,0.5344827586206896,0.5110545210115343,-0.7398743574683627,0.16714430548606668,-0.0009964123838512601
681,10.659,45.441,0.5,0.4761261756196946,-0.7454513094369448,0.34838049145047,-0.013128739651815638
682,10.659,45.507,0.4827586206896552,0.3484329169756897,-0.725225165909768,0.46242990886703383,-0.028321057550567998
683,10.659,45.573,0.3275862068965517,0.2242117037416175,-0.6771424363921568,0.42333431185556025,-0.039933597620213125
684,10.659,45.639,0.2758620689655172,0.26345125637410716,-0.6563064061372483,0.3595883425096813,-0.051535345172810894
685,10.659,45.705,0.2241379310344827,0.3437157899576968,-0.7414238956756377,0.3132296767131266,-0.06309762034767627
686,10.659,45.771,0.1551724137931034,0.2888747213804794,-0.7947510776991222,0.3142141835013056,-0.07518011441397959
687,10.659,45.837,0.0689655172413793,0.2112595306423078,-0.8213950398704277,0.3366078666925748,-0.08673088768801857
688,10.659,46.431,0.0,-0.4631397923380616,-0.7437636702083631,0.0741765671408123,-0.13357751747923563
689,10.725,44.979,0.4482758620689655,0.25096302948043137,-0.5069733565017829,-0.03238521594566385,-0.010955608402133811
690,10.725,45.045,0.4482758620689655,0.2822572558567823,-0.5369070946264602,0.03589188874389859,-0.00515614213169444
691,10.725,45.111,0.4482758620689655,0.30868202223884617,-0.5637675985752532,0.061146575331877964,0.0010976319517491016
692,10.725,45.177,0.4827586206896552,0.3667786224292143,-0.6015755103690072,0.08624635016092805,0.008055899399668809
693,10.725,45.243,0.5,0.4331143992817811,-0.6471475644797731,0.10195107758860794,0.01233504888386606
694,10.725,45.309,0.5344827586206896,0.48770042417429643,-0.6893132394990475,0.12733646922133252,0.010827836985871891
695,10.725,45.375,0.5344827586206896,0.5153728618374132,-0.7256323543667067,0.19597027366884268,0.0006370460435364197
696,10.725,45.441,0.5,0.4833922727514549,-0.7466576797291421,0.40514901081607724,-0.012524364666875634
697,10.725,45.639,0.2758620689655172,0.24817945415591275,-0.6283222396792412,0.36587700297277614,-0.049280594376319244
698,10.725,45.705,0.2413793103448276,0.33580694609414713,-0.7326025320930502,0.32755874574665106,-0.06058387123504571
699,10.725,45.771,0.2241379310344827,0.34279513476197665,-0.7770176750088648,0.329949292809798,-0.07285667989008181
700,10.725,45.837,0.1379310344827586,0.2866480258769266,-0.8016577656871025,0.3403769670948141,-0.08431614097613883
701,10.791,44.913,0.396551724137931,0.23695548428873042,-0.4736173419921104,-0.2277481390787532,-0.01842854542965321
702,10.791,44.979,0.4482758620689655,0.28706831401821403,-0.5012616306667509,-0.15412345591712184,-0.013603016333843856
703,10.791,45.045,0.4482758620689655,0.2981046786536268,-0.5288081633532679,-0.03628520821862327,-0.008640816713443286
704,10.791,45.111,0.4482758620689655,0.30508139475603313,-0.5450894678905773,0.02928837264990553,-0.002293597523898429
705,10.791,45.177,0.4827586206896552,0.34754516000762214,-0.5789784728723768,0.0800941071640345,0.0051566194449079675
706,10.791,45.243,0.5,0.4110493456856418,-0.6192501246254387,0.09843655852210524,0.012239597240698692
707,10.791,45.309,0.5172413793103449,0.4636122051970638,-0.6587038207311552,0.11565660270675475,0.013572456722710968
708,10.791,45.705,0.2413793103448276,0.31136081872831783,-0.7271148690730668,0.34950291109035986,-0.05882421546270101
709,10.791,45.771,0.2241379310344827,0.3052144476442912,-0.7677289676569922,0.3460709495050363,-0.07056470820096922
710,10.791,45.837,0.1896551724137931,0.2867600705165949,-0.7909895945754826,0.34980166113002076,-0.08236275273289588
711,10.857,44.913,0.396551724137931,0.20164086347934645,-0.44488374497439764,-0.22260630424323957,-0.020349263763960387
712,10.857,44.979,0.4482758620689655,0.25760899948581806,-0.4710256374376288,-0.1812298051061363,-0.016359901297046377
713,10.857,45.045,0.4310344827586206,0.28671221584469625,-0.5036006006734361,-0.0377286408624644,-0.01131260243427076
714,10.857,45.111,0.4482758620689655,0.27673558133700193,-0.5215601689675985,-0.004769680931305425,-0.00552131128937064
715,10.857,45.177,0.4482758620689655,0.31424931917031085,-0.5511227785256447,0.06181525406305595,0.0014222301534562833
716,10.857,45.243,0.5,0.37430550918961647,-0.5867192946129781,0.08634209405481415,0.008703734466636715
717,10.857,45.309,0.5,0.41593098549016894,-0.6217369760522915,0.10118799614227976,0.009743432355884549
718,10.857,45.837,0.2241379310344827,0.2761669737105958,-0.783297271607915,0.35794251011574274,-0.0804481674485867
719,10.923,44.913,0.3620689655172414,0.12847106796733812,-0.40594110590725785,-0.16670145248255475,-0.021624033049330343
720,10.923,44.979,0.4310344827586206,0.17047004409245764,-0.4275358605384212,-0.10059818294913606,-0.018307511849287503
721,10.923,45.045,0.4310344827586206,0.23652126065288798,-0.4639747915924413,-0.03150161133175814,-0.0133861709712103
722,10.923,45.111,0.4310344827586206,0.2588633188929196,-0.4953822378181115,-0.033016679946011346,-0.008591156192715759
723,10.923,45.177,0.4482758620689655,0.2935182109686767,-0.5259677461113793,0.01957951158945451,-0.00258410294322736
724,10.923,45.243,0.4827586206896552,0.3400134802496541,-0.5561119819894584,0.05883616701797524,0.004175474046839988
725,10.989,44.913,0.3448275862068966,0.05684093571965178,-0.36720317414177095,0.04623890949599437,-0.02325479776716229
726,10.989,44.979,0.3620689655172414,0.07836728556990315,-0.38916253564000974,0.03995776638151089,-0.019528800973263382
727,10.989,45.045,0.396551724137931,0.16417595321264056,-0.42826089723044786,-0.028272209212629427,-0.015893527205778104
728,10.989,45.111,0.4482758620689655,0.2505838765264453,-0.4684080766723063,-0.0831170170389224,-0.011009413899180276
729,10.989,45.177,0.4482758620689655,0.29545331382833856,-0.5019727116976326,-0.04788804618656704,-0.005845072665971904
730,11.055,44.979,0.3620689655172414,0.050510811004176884,-0.359765222211503,0.1427016067443072,-0.020891247018577124
731,11.055,45.045,0.3793103448275862,0.13819987435239509,-0.40338319156392194,-0.0038676553944318273,-0.017554119424428118
732,11.055,45.111,0.4482758620689655,0.2370673912683945,-0.44161685497139047,-0.07563302616492266,-0.013209921113536445
733,11.055,45.177,0.4482758620689655,0.27125282179840743,-0.471257480512839,-0.07553826939737647,-0.009161256178500696
734,11.121,44.913,0.3448275862068966,0.017308328665429105,-0.3168336545740217,0.3919519479378378,-0.02417139004653469
735,11.121,44.979,0.3620689655172414,0.0625349580608426,-0.34280857936959475,0.2678749449321745,-0.021451542971166287
736,11.121,45.045,0.3793103448275862,0.1365656516057414,-0.38294351592143727,0.08544830151797646,-0.018394076632876247
737,11.121,45.111,0.4137931034482758,0.20760420320211684,-0.41689838151880804,-0.02965638204681511,-0.016009749442879445
738,11.187,44.913,0.3103448275862069,0.014183509746319597,-0.32062195981995806,0.40660741671290485,-0.02417614055615606
739,11.187,44.979,0.3620689655172414,0.06160870211361181,-0.34165143790098224,0.3369939197149848,-0.022048145976612334
740,11.187,45.045,0.3793103448275862,0.14145878959061936,-0.3669553223798473,0.2321270328418942,-0.019798788930060807
741,11.187,45.111,0.396551724137931,0.17770979596806974,-0.3948536867154349,0.1146889201626873,-0.01793325621846244
742,11.253,44.913,0.293103448275862,0.02372878892264065,-0.3233483168408625,0.4207277249929354,-0.025343633447714266
743,11.253,44.979,0.3448275862068966,0.0680512691452944,-0.3349579466759294,0.379759035986025,-0.02278576004913385
744,11.253,45.045,0.3620689655172414,0.14381376915328084,-0.35232511003774375,0.32420609895443014,-0.021101561602854604
745,11.319,44.979,0.3275862068965517,0.057923264035039265,-0.33108955209254237,0.4036121016925037,-0.024069199079606498
746,11.319,45.045,0.3620689655172414,0.09608811331740785,-0.3429171695524238,0.373263461187918,-0.022785846911571275
747,11.385,44.979,0.3103448275862069,0.049376000611335215,-0.3286031602010537,0.41428766396656735,-0.025007265737771824
748,11.451,44.979,0.293103448275862,0.04522597946962858,-0.32695204248267956,0.41999302642666886,-0.0256802392904072
