fid,X,Y,Ex,Intercept,NAT_AREA_BLOCK,INDUSTRIAL_AREA_SURR,ROADS_SURR
1,8.481,45.309,0.5221829020500537,-0.2252559069080487,-0.5000144104069257,0.30743318524932617,-0.2852235428021018
2,8.547,45.177,0.5098270920199636,-0.22601116470900148,-0.5061153538044023,0.31484706693520514,-0.1864735435015848
3,8.547,45.243,0.5109609053103807,-0.22732427390511012,-0.4998504415984055,0.3112214951436539,-0.26779171054520834
4,8.547,45.309,0.5500211309491269,-0.22091337262563165,-0.5032860296132826,0.3059040879071859,-0.3037063483214404
5,8.547,45.375,0.5717391313766512,-0.2108506846173325,-0.5114294885377134,0.26180732088863834,-0.3110405744005133
6,8.547,45.771,0.263227721679156,-0.5166593497833447,0.1550355549750291,0.08315796976074846,0.09858805450100405
7,8.547,45.837,0.1909234813353673,-0.6342823139978447,0.2137199768788363,0.1737135972217976,0.0393583376823646
8,8.547,45.903,0.1310351071565594,-0.6875581018940388,0.11715288019480298,0.4045368366660716,0.04485505307776995
9,8.613,45.045,0.5203622495831419,-0.23773258660649443,-0.5144385684860053,0.3111046877610515,-0.1496497685610809
10,8.613,45.111,0.5241038308146038,-0.22582575242484038,-0.5182090704483567,0.31258535999874787,-0.15187994459666582
11,8.613,45.177,0.5422920698660192,-0.21658759966960656,-0.5170345637312459,0.3135441320429846,-0.1866261438119796
12,8.613,45.243,0.5443902007010203,-0.2100979382904205,-0.5145712189406576,0.3102322886303015,-0.26244339019488544
13,8.613,45.309,0.5764695353476526,-0.19703082496540908,-0.5221194780885774,0.3022158284529948,-0.32693976672476543
14,8.613,45.375,0.6053561858816104,-0.187975015705448,-0.5288380579724834,0.24317677088273598,-0.30595424864385057
15,8.613,45.705,0.4118925346103341,-0.29984435529330533,0.03746467464891904,0.06477092980601566,0.19108228070549235
16,8.613,45.771,0.3556847150770134,-0.43316829366303267,0.09920356932438615,0.07222152292871883,0.12724291060165702
17,8.613,45.837,0.2321467078565156,-0.5736360548296612,0.11017237828085774,0.16115909323662314,0.040667731145405187
18,8.613,45.903,0.160855083821246,-0.6817283165532382,-0.038087467407703045,0.4473432526305139,-0.023508901777029034
19,8.613,45.969,0.0609220167785959,-0.7453179599662411,-0.20901760723480275,0.5257693321078118,0.003243104842700087
20,8.679,44.979,0.5220418769962991,-0.2409507056182491,-0.5192228220999314,0.3087811253928102,-0.17822679625657528
21,8.679,45.045,0.5289147911866868,-0.23664450153297428,-0.520081765698966,0.3098224729176097,-0.17469753915087866
22,8.679,45.111,0.5326905767500755,-0.2245270847686046,-0.5229784582025643,0.31067383848060304,-0.17851899744887867
23,8.679,45.177,0.5578207765410499,-0.20310276541844707,-0.5297871790556938,0.31093876112331986,-0.1959708308500901
24,8.679,45.243,0.5819102764698868,-0.17814254136884558,-0.5376430637078942,0.30837464565268036,-0.20548340714483712
25,8.679,45.309,0.617989777812702,-0.1486800341361736,-0.5514531262805912,0.2924954103306619,-0.08170667342712502
26,8.679,45.573,0.6401222902866235,0.05042434689281626,-0.7684165682410901,0.050007053248402045,0.22858493470664235
27,8.679,45.639,0.6111235564455679,-0.03951136750072298,-0.23372335899426594,0.05120037060594364,0.23436147322138012
28,8.679,45.705,0.5194186308029352,-0.16406886293380218,0.060412697441174966,0.05533001889414664,0.229553672437856
29,8.679,45.771,0.4343754091957538,-0.2958664428539009,-0.004289509580398684,0.06047844488830712,0.18941252942904796
30,8.679,45.837,0.3159751463192228,-0.44161716113018656,-0.18207395387274833,0.08528309089377134,0.1397131288902301
31,8.679,45.903,0.2003992487000138,-0.5832346270807967,-0.2527857263834356,0.41086658957611344,0.01487790714424668
32,8.679,45.969,0.0813838516495183,-0.6680736222326984,-0.2697865110989985,0.47379355743051066,-0.12260626139418708
33,8.679,46.035,0.0212347721016157,-0.6949013903775538,-0.31094112428775533,0.4744347757456965,-0.22115687156212624
34,8.679,46.101,0.0073874172273033,-0.6817111416566315,-0.3234202540637384,0.4574127517391515,-0.169514168291423
35,8.745,44.979,0.5219463205754306,-0.24555018616835483,-0.5221947841631449,0.3044615857024333,-0.21076936072942434
36,8.745,45.045,0.5248528505492981,-0.2474705184882065,-0.517137415926332,0.30650588096818143,-0.20355482024513666
37,8.745,45.111,0.5363263276429653,-0.23178356835460984,-0.5216126138997059,0.3082415252287261,-0.2350232649565469
38,8.745,45.177,0.5728707161442255,-0.19639043609088352,-0.5347295352786601,0.3116493077480367,-0.18442995927616346
39,8.745,45.243,0.6053820955548699,-0.1436499224428368,-0.5597632721792203,0.29725473189375473,-0.05195807543197347
40,8.745,45.309,0.6773237724926907,-0.07984071263865272,-0.597481733414474,0.24512075236213451,0.11168432912717069
41,8.745,45.375,0.7396651435070779,-0.006322613563772742,-0.6632134579449547,0.105969324906005,0.21890385087680822
42,8.745,45.507,0.7690638889317684,0.0853935701289807,-0.9207937910854227,0.037692288905161936,0.18982404478040132
43,8.745,45.573,0.7446022878121757,0.044998764142773956,-0.8645905080204923,0.0398647557729874,0.1946910352583216
44,8.745,45.639,0.6935940291676477,-0.007577611518975384,-0.7199555741411154,0.042510650013169615,0.20828483050367738
45,8.745,45.705,0.6258998380449101,-0.09543818778359384,-0.3699729766813667,0.04498400974541352,0.20761526810174524
46,8.745,45.771,0.4916397686201186,-0.19980235204893135,-0.14967266474288582,0.04463119047632823,0.19943520389081776
47,8.745,45.837,0.3779921368912677,-0.3299890924659299,-0.25427430175743637,0.08342939255769516,0.1758160415820093
48,8.745,45.903,0.2131171956671654,-0.4615424355937563,-0.25841620103888263,0.34552473340506884,0.0921291336294535
49,8.745,45.969,0.1102875297294198,-0.5551983147052497,-0.25278954596707276,0.41511279084162744,-0.07366212528963312
50,8.745,46.035,0.0393657668710544,-0.6213310940944596,-0.28821893677188504,0.4305329118466912,-0.22299270582004405
51,8.745,46.101,0.0136479397283564,-0.6516880353489631,-0.3237115643505055,0.42971090104809306,-0.15719047106861542
52,8.811,45.045,0.5586912039133359,-0.2524617890025829,-0.5357928501103917,0.29642876434641285,-0.34264663203208223
53,8.811,45.111,0.5734863857440501,-0.2322549078071765,-0.5347150863884007,0.2941866653813441,-0.3408384503008174
54,8.811,45.177,0.5845579448388982,-0.17876846302006105,-0.5534664714667197,0.29120192000655537,-0.15486081041144562
55,8.811,45.243,0.6646892604294768,-0.0937163086711971,-0.5988702875303697,0.21728749487755006,-0.04045105553122569
56,8.811,45.309,0.734908122829057,0.005965500925572492,-0.6827985020190497,0.12261785264194941,0.14744522375875013
57,8.811,45.375,0.8053567747460688,0.07809159720968473,-0.7952839675076985,0.04521457337569126,0.2401586792507091
58,8.811,45.441,0.8231333398382563,0.10438764482959058,-0.9089212327771928,0.027036334193928868,0.1797057204931195
59,8.811,45.507,0.82248915592728,0.07107210317721183,-0.9266166210861984,0.023443511987085643,0.15248503930220203
60,8.811,45.573,0.816111872933218,0.027456033433124832,-0.8862057816373508,0.027137747587338813,0.15880440392331685
61,8.811,45.639,0.7531556689956288,-0.005056395666550639,-0.8983557804980824,0.030064654613390123,0.17988688474519596
62,8.811,45.705,0.6569060293436045,-0.06729222548002883,-0.8707746827895049,0.033725627578816794,0.1861636065387162
63,8.811,45.771,0.5448170935291361,-0.1437903942386956,-0.24386053928051243,0.02847486454473959,0.18972789617653593
64,8.811,45.837,0.4189210921201402,-0.25625352316600203,-0.2930593327133625,0.0853617220506599,0.18821612337654398
65,8.811,45.903,0.2476110095821017,-0.3879802867125566,-0.27629501483524,0.30827506369994856,0.09231504740502632
66,8.811,45.969,0.1342992493738551,-0.46351280478393925,-0.2528868021452682,0.3642515025036087,-0.041990110056854824
67,8.811,46.035,0.0544994774823144,-0.5358690559308934,-0.2818443322793581,0.39272923104667423,-0.15573675189043928
68,8.811,46.101,0.0197747855621628,-0.5791961295475102,-0.30364311072955763,0.40695261038727876,-0.14979549750827686
69,8.877,44.979,0.5136005186639092,-0.22568555321504447,-0.6433341461260622,0.23942539148868885,-0.38568878703525766
70,8.877,45.045,0.5527776510940332,-0.2280385249573723,-0.607513719938973,0.2438132063609368,-0.36814605516205934
71,8.877,45.111,0.5896891460288631,-0.20426736716274926,-0.5960646476488327,0.21674002810417267,-0.3861860344510945
72,8.877,45.177,0.6285178136026678,-0.13994575796496728,-0.6162517786716666,0.14264624346598254,-0.158854362581794
73,8.877,45.243,0.6930085621045792,-0.035577268776654916,-0.688268053598112,-0.010345848037236649,0.039423629021931236
74,8.877,45.309,0.7844243572487768,0.08172438712897656,-0.8379915538751728,-0.02434297395095543,0.2355207660759926
75,8.877,45.375,0.8796695906927601,0.13947100981815708,-0.9659242670877838,0.01982760353861624,0.23024732201965803
76,8.877,45.441,0.8956731878626183,0.11909695071404369,-0.9888160988554364,0.013889343190101136,0.15442519178692038
77,8.877,45.507,0.8989209724042807,0.056138434267245865,-0.9485886054836714,0.0144011074151092,0.12537155134101333
78,8.877,45.573,0.8683902093991518,0.026858109577984953,-0.9232182881548913,0.015099563901499548,0.13831571955953118
79,8.877,45.639,0.8172373803426529,0.013708087200382281,-0.9573292409202886,0.02283271145098762,0.16202791421067492
80,8.877,45.705,0.679054041942193,-0.03692004263443681,-0.9845758270748209,0.027317634373326787,0.1713225671944024
81,8.877,45.771,0.5598275128009431,-0.09557113023048572,-0.35567812689804024,0.02554020567482231,0.18527538618331138
82,8.877,45.837,0.4483025023343755,-0.21534211851849455,-0.3733952053350345,0.11058565285521077,0.17797235867287048
83,8.877,45.903,0.2558516370986639,-0.35181493566307204,-0.32285257452429006,0.25178497857305626,0.08411792279034337
84,8.877,45.969,0.1443152094654807,-0.41278039334539374,-0.28103101238637074,0.33097593518634405,-0.044250076536034494
85,8.877,46.035,0.0627720602372061,-0.47197613831502017,-0.2823762891439359,0.36230261971084,-0.14435147650001826
86,8.877,46.101,0.0263805620393457,-0.5191197337293003,-0.29625283912988976,0.3815732925456704,-0.1447753580932719
87,8.943,44.913,0.3031674997443321,-0.25284564524737185,-0.6812665422856364,0.20282483045780636,-0.4088143265633707
88,8.943,44.979,0.4590287869765564,-0.23609608536509533,-0.676893014653261,0.18755899077772697,-0.3984760021720063
89,8.943,45.045,0.540319574982859,-0.2228246930453277,-0.6629844608373832,0.1470731878085178,-0.385395020034615
90,8.943,45.111,0.5944173892854865,-0.18772331922700408,-0.6664226824198711,0.0835948863294533,-0.38772105917961425
91,8.943,45.177,0.6589737269772142,-0.11529473929095105,-0.7053408069903901,0.0174417672531368,-0.19075597848840298
92,8.943,45.243,0.7351979342840266,-0.012261029104876704,-0.8113299550665313,-0.08278892213994385,0.14926849347896276
93,8.943,45.309,0.8018959020808999,0.08725026943107098,-0.9664823511215229,-0.052079769718536145,0.22290104130376603
94,8.943,45.375,0.8932783742845769,0.1269356405770528,-1.0303546716993728,0.009223168267731341,0.15807844155551737
95,8.943,45.441,0.9534851345564278,0.10246149141102504,-1.012889397268356,0.011885955602943955,0.12941840223733198
96,8.943,45.507,0.9590032089478294,0.06333718240397118,-0.9862886648900546,0.01105359942196111,0.12497063811925904
97,8.943,45.573,0.9303194464231452,0.05600272810815622,-0.9841090945862746,0.018670337472419904,0.1380107644997564
98,8.943,45.639,0.8664594268558052,0.051257461003780355,-1.028788584795265,0.02741762337654407,0.15740895825451207
99,8.943,45.705,0.6954659580666959,0.00839084845559793,-1.0740820005355232,0.03330132271960967,0.16803476443450405
100,8.943,45.771,0.6041988832530312,-0.06414034675688486,-0.6641020117635523,0.03285716798602926,0.17452871838370365
101,8.943,45.837,0.4662113412241774,-0.19248371141994303,-0.4846200490424747,0.08644246467605102,0.15915830978455703
102,8.943,45.903,0.2490632134879871,-0.3197746575477166,-0.40494354582148395,0.215649537157156,0.07339711531960669
103,8.943,45.969,0.1344756714794564,-0.36378003956583826,-0.3626839865670557,0.30451880612675153,-0.046777164457490375
104,9.009,44.913,0.25259478620715,-0.27337762713034564,-0.6722274744357306,0.251329563633547,-0.4081496373715956
105,9.009,44.979,0.3994978985947197,-0.2545164360163985,-0.706936160695586,0.226389940768284,-0.3940042762938247
106,9.009,45.045,0.5180807677144812,-0.22728516003452492,-0.717379341014446,0.15365429886415896,-0.3680180114558477
107,9.009,45.111,0.5944772179591273,-0.1882060324022396,-0.7347223634627861,0.051805777420591434,-0.34574544176075683
108,9.009,45.177,0.6790880977319855,-0.11212473300667225,-0.7979203666751813,-0.020883851301970034,-0.1920133324967867
109,9.009,45.243,0.75769711915034,-0.02836870186228823,-0.8979358017764961,-0.0886484035247744,0.055115871961517134
110,9.009,45.309,0.8279034105332126,0.03484675709200226,-0.9785889555709618,-0.030256018548478883,0.10085690193316592
111,9.009,45.375,0.9027661506778002,0.05609913702711797,-1.0002314659720213,-0.0062118369601618555,0.09921822836747238
112,9.009,45.441,0.9636626331723644,0.0544272348527378,-1.0018514675693058,0.0036045711005046003,0.10972234298042258
113,9.009,45.507,0.9884447820764446,0.06107484914056576,-1.0125064980390928,0.00972505091850504,0.12261919032420153
114,9.009,45.573,0.9772239661923038,0.08316434708668946,-1.0413893417729003,0.016789060783546344,0.13712255910713933
115,9.009,45.639,0.900388902500273,0.08694348838032784,-1.0883654751972662,0.024714214063615632,0.15011188997651073
116,9.009,45.705,0.7606647426951194,0.04276912115280265,-1.086765945336249,0.028554244974012905,0.1532806728254355
117,9.009,45.771,0.634026284819058,-0.031095087165200708,-0.9059367136858822,0.03228435119365964,0.1613714498719629
118,9.009,45.837,0.463003971497991,-0.1493708154919587,-0.46827087966965175,0.0751277110818475,0.14421225551238498
119,9.009,45.903,0.2690874557234449,-0.248559645114215,-0.42729339122435805,0.20840084911846302,0.057438406732475716
120,9.009,45.969,0.1234636988293256,-0.308412047549729,-0.4530525271978933,0.29945759422533086,-0.044541273372286194
121,9.009,46.035,0.0566010898730419,-0.3571687692676725,-0.4950701623800029,0.3470468709547534,-0.0758317522909955
122,9.075,44.781,0.074447660436091,-0.3427968864923615,-0.5533264467723505,0.3051599477552367,-0.3815083709524728
123,9.075,44.847,0.1668449685658602,-0.3152321465375359,-0.5593645063380213,0.29448450834192036,-0.39309574873559006
124,9.075,44.913,0.1886234366410742,-0.2887828349286691,-0.6439453403133154,0.2753854642837655,-0.39446300745769525
125,9.075,44.979,0.3362713762655824,-0.2757450419826377,-0.7561580550364012,0.26922477307082343,-0.38021307648923686
126,9.075,45.045,0.5067107654736359,-0.24305597920218608,-0.777180313229715,0.299256163886109,-0.3538697996573786
127,9.075,45.111,0.580582816736117,-0.19933177350622633,-0.8024185083316406,0.11994830388405352,-0.323677518633386
128,9.075,45.177,0.6903586436020914,-0.13817503509670348,-0.8566353253009923,-0.014644814965873014,-0.2036584782119452
129,9.075,45.243,0.7720239472962704,-0.07915588811411343,-0.9171154367546039,-0.05542406862323582,0.00847317812122518
130,9.075,45.309,0.8426744155891818,-0.0409540641336839,-0.9528678016224295,-0.013770162102158139,0.06680070468910518
131,9.075,45.375,0.9109863568228602,-0.01809140395033282,-0.9731757303652724,-0.005340447842084179,0.08759323074836045
132,9.075,45.441,0.964476224837292,0.004233235074980876,-0.9931204783181409,0.0019984440814753797,0.10322042438439878
133,9.075,45.507,0.9998934653913722,0.03792041576738843,-1.0243453735993893,0.006311902618270036,0.11595131939399476
134,9.075,45.573,1.0027076326142192,0.07242038287046597,-1.0587993248559504,0.011184852180294266,0.12684967970769298
135,9.075,45.639,0.9633039246874262,0.07723877523264763,-1.0817210155815125,0.014823828129532198,0.13154613111002506
136,9.075,45.705,0.8015856079190338,0.048038786013479495,-1.0379084983632878,0.016513021783043674,0.13242271213283444
137,9.075,45.771,0.6559377055302783,-0.00571441322985413,-0.8035226186727024,0.015604853489617857,0.14523787700876584
138,9.075,45.837,0.4496742020145692,-0.09379102219975488,-0.4524678167637101,0.07256994007664937,0.1456446724144774
139,9.075,45.903,0.263781327452398,-0.1801721883779775,-0.42661290146104675,0.20313265599151895,0.04120096744348073
140,9.075,45.969,0.1262297977225628,-0.2679010326885601,-0.47055250796812975,0.3148748218226828,-0.0630944256805511
141,9.075,46.035,0.0476600265044057,-0.35183764996865785,-0.5172995278724741,0.3636475405020152,-0.11137606695006308
142,9.075,46.101,0.0204208564342174,-0.39461639355480094,-0.5272035952712051,0.38752050774440083,-0.1638994035075116
143,9.141,44.781,0.0377454979807471,-0.36738161125222113,-0.5446232522610734,0.3119670871054554,-0.3352035670213175
144,9.141,44.847,0.0896221740167403,-0.33909190063489064,-0.5749156694932813,0.3055304352436893,-0.34014800343242535
145,9.141,44.913,0.1943965510657005,-0.3133564344128688,-0.6282456589038939,0.29688163456564776,-0.37194913178507755
146,9.141,44.979,0.2617125103405258,-0.3020027312122691,-0.7797490279192891,0.288661361862637,-0.372016123438879
147,9.141,45.045,0.4556040164149441,-0.2796695474256402,-0.8121930538409463,0.3145650899622132,-0.35691026823161975
148,9.141,45.111,0.5608466582914029,-0.2399556232393802,-0.8309710307515421,0.20662894022756928,-0.33508095541302824
149,9.141,45.177,0.6887235812719248,-0.1905871024701671,-0.8702667628062313,0.03126046237681411,-0.22858441482940375
150,9.141,45.243,0.7818205527111398,-0.1401475153999872,-0.9145723372820768,-0.004259517146263762,0.013899782622253614
151,9.141,45.309,0.8521786122950263,-0.09261586154378895,-0.955428218109875,0.002333012937389125,0.0809327041216178
152,9.141,45.375,0.9192183401175076,-0.052966269871568106,-0.9866950925061869,0.00031155946373629756,0.09703017148821128
153,9.141,45.441,0.9915596376690022,-0.01381512943878363,-1.0176493620452138,0.0030788039049518,0.10762593665728228
154,9.141,45.507,1.0556320170958136,0.019763820412800434,-1.0435590334526657,0.003675933794825506,0.11284400156282745
155,9.141,45.573,1.0164965692009615,0.05004067965309263,-1.0639478660338375,0.005361753113881331,0.11832565461485485
156,9.141,45.639,0.9766318013962196,0.0548177937496858,-1.067641076966077,0.005169491636929546,0.11951018456001439
157,9.141,45.705,0.8077185996243291,0.05031640359370386,-1.0054750358219815,0.006382622139181355,0.12160580838484848
158,9.141,45.771,0.6428241889957907,0.03731522613173207,-0.7306948302209963,0.011200509082862454,0.14339070334574244
159,9.141,45.837,0.4182347490983826,-0.0402571828573123,-0.4732267306893918,0.10617117036559734,0.16256118670755326
160,9.141,45.903,0.2260617322077333,-0.14925043381992126,-0.44827497857382026,0.24839351624971023,0.03128846909656943
161,9.141,45.969,0.1141214111237676,-0.2658793037612904,-0.49124477100099934,0.34266848213633105,-0.06431357351047015
162,9.141,46.035,0.0564842451393909,-0.36717761559432016,-0.5301980448391218,0.3880656764219582,-0.1213708058024337
163,9.141,46.101,0.0195499039999627,-0.4118264724953964,-0.5271416056040712,0.40327188050837603,-0.178553979522418
164,9.141,46.167,0.0079906886291859,-0.4334281521373996,-0.5194319774461342,0.4007500609620941,-0.20679892526054114
165,9.207,44.715,0.00843128638844,-0.3666031306227734,-0.48190546600338546,0.3087520141835141,-0.18893834844447902
166,9.207,44.781,0.0188837939467194,-0.3860406951200286,-0.5213345966460963,0.3142439427903714,-0.29882916812848104
167,9.207,44.847,0.0657369609608334,-0.3729848349777187,-0.5691392355227574,0.3145774751030202,-0.32345391144977
168,9.207,44.913,0.1591407174808086,-0.34622114391535247,-0.6279944259860542,0.30944825893977046,-0.36370075303101235
169,9.207,44.979,0.2201697197008082,-0.33939413820816705,-0.7714710068979864,0.3121152720720427,-0.37648456672364167
170,9.207,45.045,0.4182957931599023,-0.31730982878255937,-0.8230789898582511,0.33334971337377606,-0.3615565983089737
171,9.207,45.111,0.5520134896648039,-0.2795316309635496,-0.846837779780464,0.2387975893832029,-0.3401910673663495
172,9.207,45.177,0.6907614800441021,-0.23725060294505868,-0.8780962061341955,0.05919385781910978,-0.24561867279424587
173,9.207,45.243,0.7970414337148574,-0.17516417815780858,-0.9290370970323684,0.010353820511481463,0.040708801521800966
174,9.207,45.309,0.8952370367991166,-0.10703315476391273,-0.9852961584319571,0.00847523911414447,0.10487121610632164
175,9.207,45.375,0.9710769180908312,-0.04730953072511013,-1.0329535947802115,0.004892633077280713,0.11302617190661782
176,9.207,45.441,1.0349630434427808,-0.0006948348662807751,-1.0679749869012447,0.005860074139531851,0.11572855454977013
177,9.207,45.507,1.0882674164030663,0.028031104203507462,-1.0851446848451243,0.004771902598736052,0.114774256795426
178,9.207,45.573,1.0442229817172344,0.04378880356177407,-1.0855630417255226,0.003920932747269199,0.11378391140564531
179,9.207,45.639,0.9822509652564364,0.04893120066729052,-1.0736392354831412,0.0017181562025433842,0.11292106730812995
180,9.207,45.705,0.8279261916093015,0.06533288968611423,-1.0054809632606532,0.0023626737162134688,0.11685155224935027
181,9.207,45.771,0.676118246069148,0.07753904752257748,-0.7366577001945791,0.012910951450764103,0.1456121218755218
182,9.207,45.837,0.4343891451976299,-0.0005446736297624157,-0.48788541692389475,0.13484833057501233,0.17579006669899194
183,9.207,45.903,0.2456043486959657,-0.12995200362486672,-0.46899220431430044,0.2951774492557739,0.04288831998316289
184,9.207,45.969,0.1265135380447064,-0.2689855329646387,-0.5185743277195706,0.38006438079177113,-0.044278529001493955
185,9.207,46.035,0.0683442605516828,-0.38678413786500326,-0.5587424171966726,0.424448506499541,-0.10185555567105317
186,9.207,46.101,0.0223595384404554,-0.4396442255231292,-0.5406044530025765,0.41777640988275566,-0.17823381877115213
187,9.207,46.167,0.0084301703264232,-0.46367504215751293,-0.5282082779702244,0.4069617904575433,-0.2110767333501296
188,9.207,46.233,0.0041684410207472,-0.48156403969379136,-0.5224574933389019,0.3861786274813504,-0.22409433578710097
189,9.273,44.649,0.0059697426154353,-0.35519024266913296,-0.4625970732474927,0.3062314288185756,-0.13657052246953388
190,9.273,44.715,0.0081745173091378,-0.36474982356102137,-0.4725722441404623,0.30893488325257357,-0.16108290616995935
191,9.273,44.781,0.0166955728585451,-0.3867341474358319,-0.5062305327660778,0.3149249263602043,-0.2592486899779979
192,9.273,44.847,0.0581659350297953,-0.38510625310056135,-0.5374328205438628,0.3190852943951768,-0.3437300829083252
193,9.273,44.913,0.1384065511667348,-0.37693459100303983,-0.6079928104348955,0.31911979291349335,-0.3826067858078342
194,9.273,44.979,0.2117071876237469,-0.38066367487322994,-0.7542268807661195,0.32547339123313057,-0.3895052337540887
195,9.273,45.045,0.409746297214479,-0.3596790108768685,-0.8096559641511081,0.3458662808293953,-0.37623680373261265
196,9.273,45.111,0.5501575937968457,-0.3149700473540379,-0.8519678130444018,0.31425944647544024,-0.34144160899306375
197,9.273,45.177,0.699143692365764,-0.267027577019348,-0.8896762562011964,0.1086582866715456,-0.20932188488228298
198,9.273,45.243,0.8111734954855341,-0.19815790606253827,-0.944830959946857,0.010502486192622576,0.07111205277743454
199,9.273,45.309,0.909386600523749,-0.11186888682664584,-1.0152346721429444,0.009526529370043692,0.11660790672781039
200,9.273,45.375,0.9908758733440022,-0.03588130943464979,-1.076749478934996,0.007879106367091845,0.12385877565851437
201,9.273,45.441,1.0745907154726286,0.023776458800940606,-1.1226135891155022,0.00825684402515001,0.126034224368721
202,9.273,45.507,1.133107912423046,0.05604706806709714,-1.140729913595436,0.006684809614357919,0.12214155984303596
203,9.273,45.573,1.078377054757858,0.06420509897411443,-1.1320856363597211,0.004319731533925933,0.11689003407514752
204,9.273,45.639,1.0064452860354365,0.05985756372664126,-1.1041617195854787,0.0002133093334213646,0.11172765150947292
205,9.273,45.705,0.8438194756212639,0.0727360802877573,-1.0389225089901495,-0.0020629572843003643,0.11456208497877823
206,9.273,45.771,0.6867123013563151,0.07737677059959015,-0.8158657308953646,0.0063218998159187655,0.13852340942543612
207,9.273,45.837,0.463748827586329,-0.0005070541903971128,-0.5357635116403022,0.11610001018644708,0.1640187824448635
208,9.273,45.903,0.268250763048745,-0.12718721896590499,-0.5183265674609162,0.31227432132694427,0.055173767638423174
209,9.273,45.969,0.1390328895869191,-0.26236538976456364,-0.5584035339800205,0.3983381113014688,-0.057426679121132626
210,9.273,46.035,0.0696745433292755,-0.39034670279996997,-0.5963002997607664,0.4371634341436858,-0.08847598207530658
211,9.273,46.101,0.0302777607293505,-0.46807230766272745,-0.5766250175787706,0.44169909884016395,-0.16756536225506313
212,9.273,46.167,0.0116759479231521,-0.5051071036130874,-0.5525085061999405,0.41630342956724553,-0.20579792727759316
213,9.273,46.233,0.0065394810387498,-0.5196076767899964,-0.5355143666733351,0.3868430108276148,-0.22297321499866066
214,9.273,46.299,0.003162719205646,-0.517493955211447,-0.5244472555301544,0.3531203013453541,-0.23327341069542867
215,9.273,46.365,0.0022553252486391,-0.5091353013842519,-0.5192376248052788,0.3258169146168667,-0.2343078907820389
216,9.273,46.431,0.0017756033866923,-0.5075095693013212,-0.521053625988547,0.3176179773296894,-0.22641866346562167
217,9.273,46.497,0.0013830429002681,-0.5080611490728686,-0.5229163272749802,0.3131961513409124,-0.22520871658056718
218,9.339,44.715,0.0097702970004755,-0.36858881772417734,-0.47534355602999223,0.3083857470969791,-0.18207197029076908
219,9.339,44.781,0.023383420334079,-0.3834396358815985,-0.4987400502647515,0.3126861984012607,-0.25093249714990334
220,9.339,44.847,0.0588317185192558,-0.38448708450943425,-0.5217303513222882,0.3189842874066564,-0.3508354694545982
221,9.339,44.913,0.1309719964582776,-0.3834721590243087,-0.6263029014411872,0.3244837385438749,-0.3802049421985081
222,9.339,44.979,0.2207633400897699,-0.4063346926403514,-0.733390504810314,0.33966178752606946,-0.39525594283553356
223,9.339,45.045,0.4167258300831499,-0.39970314647386995,-0.7788279160815248,0.37558737124275754,-0.39085784979321236
224,9.339,45.111,0.568646338304008,-0.34646196488453906,-0.8463662253492226,0.3727634237972518,-0.33321029416050724
225,9.339,45.177,0.7116910990533645,-0.2797043236976804,-0.9075762018313389,0.05568424814748228,-0.08780943695877463
226,9.339,45.243,0.8385545328832992,-0.19806190903147713,-0.9744737800818766,0.006977459760926221,0.09783070778399966
227,9.339,45.309,0.9454317892720996,-0.09556253425275255,-1.0581822840851909,0.008181662048256166,0.12994116670763128
228,9.339,45.375,1.026829173861008,-0.0073708751126673805,-1.1299572566031189,0.008864812457233683,0.13552817306301962
229,9.339,45.441,1.097258154392851,0.060449541830853167,-1.184203798857785,0.011182662905617665,0.13660441916610025
230,9.339,45.507,1.1509292864044127,0.0944278106377654,-1.2050868944381783,0.00923181635168667,0.13140999820151172
231,9.339,45.573,1.0855964146532695,0.09450328746486131,-1.1877072123039205,0.005106174995095162,0.12151064966680798
232,9.339,45.639,0.994483972187566,0.09484001906586931,-1.1580970280244294,-0.00017414244602215927,0.11670265692899254
233,9.339,45.705,0.8209995820474907,0.10246206106431817,-1.096957119243213,-0.002464421368981647,0.12019158853333858
234,9.339,45.771,0.6560398712805161,0.08884057800823708,-0.8072923295598691,0.0025804228930233625,0.13922772096904754
235,9.339,45.837,0.4634977010702512,-0.002159991265458131,-0.5875137307726888,0.08380405341195905,0.15050570173819472
236,9.339,45.903,0.2437177419790061,-0.13117767733823438,-0.5843656713701345,0.3142671625773669,0.04294939547408023
237,9.339,45.969,0.1203785984302748,-0.2529499530763443,-0.582345073177575,0.37559968694550416,-0.14032902578049836
238,9.339,46.035,0.0621856772992373,-0.37538544284273306,-0.589812094956952,0.40559275441662473,-0.1468351645114874
239,9.339,46.101,0.0311974089657868,-0.47638928213917076,-0.6028270490458938,0.43119081060921405,-0.16027028909229432
240,9.339,46.167,0.0153587729169386,-0.5384733080665698,-0.596905178196155,0.4339458925476813,-0.17992042838668887
241,9.339,46.233,0.0079104155775996,-0.5606747721101508,-0.56760807092187,0.3856169750233903,-0.20540241226146294
242,9.339,46.299,0.0036713732494595,-0.5429944100614377,-0.5407302546172108,0.34852092480720176,-0.22492383634223978
243,9.339,46.365,0.0026806778558975,-0.5239089759012527,-0.5320582591218439,0.3224663626010369,-0.2251465971121275
244,9.339,46.431,0.0020265498432386,-0.5163041228703167,-0.5294406252063522,0.3153973664222146,-0.22106179942605247
245,9.339,46.497,0.0015489586857475,-0.511647255708453,-0.5271574580711916,0.3131166840119557,-0.22217339859652302
246,9.405,45.045,0.4367100279162959,-0.41714954574449026,-0.7750430585129853,0.40083103578819623,-0.3912114386899498
247,9.405,45.111,0.5962171989264384,-0.36012723962218274,-0.8509789226349198,0.3065071354983564,-0.2864086435486255
248,9.405,45.177,0.7574925504039838,-0.2664363093223515,-0.9449791140945487,0.06235980498587555,0.005378619356470035
249,9.405,45.243,0.8713050836946185,-0.16686511492515194,-1.0310925531398172,0.01068531467071518,0.11541400878657537
250,9.405,45.309,0.9921841162207864,-0.05353460582590521,-1.1267482425294544,0.022575943035791423,0.1491695462675337
251,9.405,45.375,1.0695990117895189,0.04422224435566975,-1.2099243053918887,0.013985840245330974,0.15759950782033014
252,9.405,45.441,1.113850672607271,0.1109319962164016,-1.2651243498751694,0.01317847292488402,0.15284188455009287
253,9.405,45.507,1.1747547622680872,0.14230836808177832,-1.2843053003398635,0.0091097272831853,0.14195090226163004
254,9.405,45.573,1.0950457657841537,0.1382346863608933,-1.263140399892286,0.0017229990654963018,0.1280700059886371
255,9.405,45.639,0.9874721988920904,0.14260502965344476,-1.2274507404056314,-0.005151146988006707,0.1260216547631404
256,9.405,45.705,0.7943614897620686,0.1667598793230075,-1.164381655184221,0.0009465373768785604,0.14485306072081935
257,9.405,45.771,0.626256471825303,0.1457718393613115,-0.6386936577066856,0.028119190122026003,0.16909087735697143
258,9.405,45.837,0.4174871036506143,0.03943101349352365,-0.574314351895816,0.13401460817409594,0.16940646069506646
259,9.405,45.903,0.1909793050244106,-0.11111388641595663,-0.6016530779429249,0.31360007728805606,-0.03463530263535566
260,9.405,45.969,0.0731813344969969,-0.23203496809956076,-0.5903247271650993,0.331686314452891,-0.15862304564007362
261,9.405,46.035,0.0419659418831124,-0.3402747952273462,-0.5839837573168741,0.34833343926483396,-0.1750681987672439
262,9.405,46.101,0.0217505011450379,-0.4478407862340949,-0.59957854662059,0.3826670830428611,-0.17226290765200566
263,9.405,46.167,0.0152209441501763,-0.5331538754147317,-0.6231642808431411,0.4189055238837675,-0.1569722771872581
264,9.405,46.233,0.0075151377974322,-0.574655047643635,-0.6019021200337593,0.3892601720167793,-0.18656457867024615
265,9.405,46.299,0.0033858056371289,-0.5584400146446733,-0.5635994957620638,0.3441772857139622,-0.2144533803791812
266,9.405,46.365,0.0024797575902244,-0.5284696280369702,-0.5428887910241235,0.3197942054504399,-0.22334768438994135
267,9.405,46.431,0.0018034190947781,-0.5188387791427873,-0.5361816540091764,0.3137467723937721,-0.2220437554184077
268,9.405,46.497,0.001361734459901,-0.5174525419779354,-0.5350729612033054,0.31280628482221806,-0.22007681784222127
269,9.471,45.111,0.6326898664501193,-0.34029798711522585,-0.8906982252771819,0.14536524394497313,-0.2021312032696587
270,9.471,45.177,0.8002742638308769,-0.24104608616852008,-0.9918448998504742,0.016839682679238882,0.05225793230301527
271,9.471,45.243,0.9118267680479216,-0.12845731757636472,-1.094148208381248,0.0007381589338099331,0.1274732827489485
272,9.471,45.309,1.0218347314863832,-0.012059952649277958,-1.1967527286131483,0.03596418619184217,0.16105686757742196
273,9.471,45.375,1.1060522174740557,0.0956359766419726,-1.293919576075572,0.036948817971703886,0.1781273535967635
274,9.471,45.441,1.1492136715674752,0.1598024774818882,-1.3495564372057807,0.026997684855959776,0.17336309875501488
275,9.471,45.507,1.1763553309288053,0.19006084296943662,-1.3699177605768844,0.009482999142296772,0.1598387408857546
276,9.471,45.573,1.1305678473962408,0.1817018312526304,-1.3483286598119064,-0.009716412261819615,0.13910376910870378
277,9.471,45.639,0.9920625957598462,0.18589122608001174,-1.3133994436196916,-0.018675813809759426,0.14381148212702238
278,9.471,45.705,0.7785593940384062,0.20897228299755757,-1.1869877975372072,-0.005101052047167235,0.17918249673764852
279,9.471,45.771,0.5862737168161618,0.17994153739877078,-0.5821311218811823,0.05419461220301128,0.21700104983300644
280,9.471,45.837,0.3406883041017599,0.06048329358621516,-0.5827498816157592,0.20428659171148544,0.15672034470182222
281,9.471,45.903,0.1420489605424544,-0.1017581798978193,-0.6158849946655363,0.28347849415522547,-0.08900788586075681
282,9.471,45.969,0.0548584562798797,-0.22460389381857862,-0.6083643710656066,0.29363679103410834,-0.14712891435520434
283,9.471,46.035,0.0313184144425088,-0.3179269894960046,-0.5969009799615019,0.29331189050327566,-0.1670815120559169
284,9.471,46.101,0.0187265660894658,-0.41577269811682394,-0.6037502521050462,0.3154197588239148,-0.1719817420717304
285,9.471,46.167,0.0105387520539181,-0.5008476788221488,-0.6156027664144033,0.35173930331364456,-0.1688193186303873
286,9.471,46.233,0.0044978355068847,-0.5501294081968783,-0.6030275815816218,0.3439846088467966,-0.19412431520413334
287,9.471,46.299,0.0028114638872067,-0.5468246359274527,-0.5736521635260162,0.3172184863684878,-0.21681189500140444
288,9.471,46.365,0.0019544527506101,-0.5282100442872758,-0.5545757880990156,0.30962072365167387,-0.22238580436136177
289,9.471,46.431,0.0013457580149617,-0.522646571319944,-0.5450304918894914,0.3098729267143727,-0.2209212017635895
290,9.471,46.497,0.0009915236883438,-0.5221454541612837,-0.5419162775375976,0.31113342313793046,-0.21912721695157142
291,9.537,45.111,0.6593484345192193,-0.29984110291913596,-0.9504746467688715,0.012921441772329172,-0.17410383151951092
292,9.537,45.177,0.8399027880029261,-0.21424039133939998,-1.03522322925023,-0.022726796908401736,0.03881615130655548
293,9.537,45.243,0.9162672705900202,-0.10486434320408988,-1.1368124035950338,-0.019404177640676666,0.13064051593213633
294,9.537,45.309,1.0341495105693843,0.014313669603319402,-1.2463630887266302,0.029659250111424777,0.16592240299542557
295,9.537,45.375,1.1382832770515812,0.12925923682984505,-1.3523936417474478,0.03237524808059087,0.18886497996498375
296,9.537,45.441,1.190657015003438,0.19528875308138047,-1.4109340714565088,0.01812468904541153,0.1764218441915924
297,9.537,45.507,1.1917439540799757,0.22934983857508506,-1.4408127775860509,-0.0047117360680730795,0.1637250053126121
298,9.537,45.573,1.1377518898009942,0.209815926462245,-1.416305241365074,-0.03227113193561,0.13791074241878598
299,9.537,45.639,0.9858657014711992,0.18569043356728884,-1.3527267443006386,-0.045063909599087196,0.13871907368602743
300,9.537,45.705,0.7522064421287127,0.19399934922123302,-1.1801765462204348,-0.03544378662850387,0.18074905812947925
301,9.537,45.771,0.5091655919792595,0.14867695535269332,-0.6154554062645224,0.030394779608075385,0.2132706070639988
302,9.537,45.837,0.2356428998268962,0.02843710819708442,-0.6107252401844154,0.19604765800227214,0.06071189293474759
303,9.537,45.903,0.0844058648941178,-0.11864038743876618,-0.6322916597092965,0.2605020612391241,-0.10752761881925335
304,9.537,45.969,0.0411043655813622,-0.2314439568617221,-0.6246896496827488,0.27426479685481053,-0.14166750721991292
305,9.537,46.035,0.014324185751369,-0.3120403556017531,-0.6097173667471835,0.2673909192917035,-0.16114147354769884
306,9.537,46.101,0.013568314974832,-0.3943538990080191,-0.6075774663185773,0.27465655651473475,-0.17278967588484212
307,9.537,46.167,0.0117327378618905,-0.4611126849834887,-0.6035638632378718,0.2887469699764209,-0.18755699935856557
308,9.537,46.233,0.0037624891300992,-0.501416004523803,-0.5890690051006563,0.2896403015887357,-0.21362014413837535
309,9.537,46.299,0.001898887112,-0.5139013683805134,-0.5732870698083228,0.2894615725616412,-0.22371496662050833
310,9.537,46.365,0.0009532474287565,-0.5188384597502063,-0.5632679892331786,0.29301717872366567,-0.22375509305077618
311,9.603,45.111,0.7081951036689096,-0.2889020855124007,-0.9701722549763987,-0.027495888511323736,-0.20066809413616993
312,9.603,45.177,0.8428847434349659,-0.19224339000575869,-1.064672388432418,-0.02725369760785086,-0.02881636623792278
313,9.603,45.243,0.908562232212115,-0.09617686318576571,-1.156002642029668,-0.036250926585301574,0.11662512086096365
314,9.603,45.309,1.0456702446220794,0.020775652634105274,-1.267628816593908,0.00712346338114784,0.1607660918308011
315,9.603,45.375,1.1391654515077003,0.13211213404642677,-1.3693161222804222,0.009019556746079425,0.16704974979009055
316,9.603,45.441,1.2191609850012122,0.20864920166543588,-1.435668538364107,0.010851269484916791,0.15992082364190874
317,9.603,45.507,1.2641365385252046,0.26013385980837594,-1.4841916247236364,-0.019142559600490258,0.15498800626807682
318,9.603,45.573,1.1733362713688955,0.22217775021261882,-1.4489708228466898,-0.05629827107454485,0.10705361986327669
319,9.603,45.639,0.9610574624853756,0.1595423310393476,-1.3522652863205094,-0.07149829857870292,0.09350750706947115
320,9.603,45.705,0.7161785174603233,0.14365642107472,-1.1968571682655882,-0.06528842886321483,0.12914195867832176
321,9.603,45.771,0.4423036885911351,0.0852119065815185,-0.6847242234529999,-0.0010768005783025718,0.14913173056430212
322,9.603,45.837,0.1948473449262325,-0.025955902381133364,-0.6423342300498935,0.1683918455262426,-0.013265476077720178
323,9.603,45.903,0.0725773865632991,-0.14643823283122315,-0.648205911305918,0.23996935241811612,-0.11484091151947377
324,9.603,45.969,0.0263398372667402,-0.24002614305451808,-0.6340791156573916,0.2529974309926486,-0.14176816039465934
325,9.603,46.035,0.011456977443187,-0.30795217934999497,-0.6157056013908211,0.2438945810504215,-0.16134502787230728
326,9.603,46.101,0.0112095372063358,-0.37812569050361705,-0.608897719524999,0.24587729469775163,-0.17673418287003778
327,9.603,46.167,0.0061929201235416,-0.4352866247275757,-0.6021336880576076,0.2551729046405903,-0.1920082139157391
328,9.603,46.233,0.003273373464689,-0.4672482299526832,-0.5875484039636596,0.2572026626125096,-0.21662847935446128
329,9.603,46.299,0.0014858949285668,-0.4826187619528353,-0.5780265817021574,0.25866815569196544,-0.22376154570556522
330,9.669,45.045,0.5739493232660436,-0.41440974059219493,-0.8437816033450536,0.00023178356703440137,-0.3000091991836526
331,9.669,45.111,0.7311787342240827,-0.30542481967078505,-0.9535528487569639,-0.00841461926390707,-0.19367021069862067
332,9.669,45.177,0.8341188173285302,-0.18517154489539492,-1.070980226749226,-0.014699196326896934,-0.07115804742353818
333,9.669,45.243,0.9068033311475616,-0.09143577550215387,-1.162108541114679,-0.04311799211561991,0.08593284636228048
334,9.669,45.309,1.0190830031024778,0.022831736154989114,-1.2728830448993775,-0.011055976613094272,0.1586447447567869
335,9.669,45.375,1.1252352421667036,0.12217368151780793,-1.3623531465912655,-0.010995782956855627,0.13140937269491235
336,9.669,45.441,1.2069050770101386,0.20092578357697274,-1.4288830993824844,-0.0027819685082427423,0.13114049993408997
337,9.669,45.507,1.243736512452361,0.25559552972432326,-1.4788128982780635,-0.03290692098344857,0.12002552131834733
338,9.669,45.573,1.1379691736116828,0.20990103063672294,-1.4372097638083317,-0.07247413168752681,0.06041837614265996
339,9.669,45.639,0.9341190260719636,0.13538029620131506,-1.337040929111275,-0.08650788010601974,0.04339585573312123
340,9.669,45.705,0.6842733754612563,0.10792689705367414,-1.1901788086519909,-0.07992402390808091,0.07765022906010713
341,9.669,45.771,0.4041005456242645,0.04102608006021152,-0.7207889893271986,-0.015348140839658932,0.09337844384264143
342,9.669,45.837,0.1695191382746786,-0.0663404067667306,-0.6625164151611902,0.14803288465705464,-0.05887590286028252
343,9.669,45.903,0.0663822211602115,-0.1679250078757134,-0.6564433798054075,0.2233152802951608,-0.1214903942303827
344,9.669,45.969,0.0203939595182757,-0.25372755383928236,-0.6425617741029245,0.23647672944282755,-0.1409297030948366
345,9.669,46.035,0.0097892856040884,-0.3150838240142497,-0.6236933563540881,0.23000441821293888,-0.1589695047663778
346,9.669,46.101,0.009872767916724,-0.3796025575589287,-0.6168447786977688,0.23252810364254714,-0.16914032416645036
347,9.669,46.167,0.0057340823756243,-0.4339789272376673,-0.612026191825354,0.24363764803992471,-0.17680768646416023
348,9.669,46.233,0.0030535319432509,-0.46271854816536806,-0.5985410534442978,0.2375488918252183,-0.20390801975770317
349,9.669,46.299,0.0013484498351666,-0.4743652892530793,-0.5913837464075289,0.23258079636670845,-0.21350839663872936
350,9.735,45.045,0.6141392820741401,-0.40428523672299926,-0.846705326067091,0.043309866107765944,-0.15717141281165706
351,9.735,45.111,0.744696108989569,-0.3020094565527223,-0.9500339667096995,0.036952811723151506,-0.12955815932396114
352,9.735,45.177,0.8389106899944673,-0.17849223816424117,-1.0722103697933334,0.019133711795642154,-0.06862363914134617
353,9.735,45.243,0.9019107326213978,-0.08101296324809243,-1.1663859466987452,-0.048052035379177925,0.00597300887661191
354,9.735,45.309,1.010962011155066,0.030363326039227045,-1.2713544312675435,-0.021058214616014412,0.10567299669637871
355,9.735,45.375,1.1008476038077315,0.12587382510161493,-1.3553273955367093,0.006365442859682785,0.13610207008555408
356,9.735,45.441,1.187131886670739,0.19966843208004262,-1.4166789139137776,-0.0009390603705364455,0.12699765055492013
357,9.735,45.507,1.175384409512471,0.23559709157326764,-1.4467846313706625,-0.04468816944157147,0.06629490399584254
358,9.735,45.573,1.092446688911908,0.19642861518715782,-1.4083688419432794,-0.07783023821111898,0.01681749508176858
359,9.735,45.639,0.9091340670308674,0.1452767082892505,-1.3363476542313362,-0.08570848256404257,0.014111393900386404
360,9.735,45.705,0.6478028323608847,0.11081787721966796,-1.1581996924894213,-0.07352443467291173,0.057513136993420255
361,9.735,45.771,0.3733152092053017,0.024433093218680497,-0.7225840349747983,-0.005678326352555501,0.06515137702920967
362,9.735,45.837,0.1607227004525213,-0.08732224859477139,-0.672636076711561,0.1659381517758218,-0.09418709216970461
363,9.735,45.903,0.0633890787760416,-0.18715705753124948,-0.6620033428360967,0.21898521504565743,-0.12531324168884583
364,9.735,45.969,0.0182064225516352,-0.26752877735006453,-0.6469650846610135,0.2251589988362509,-0.14319536930688487
365,9.735,46.035,0.0087751330946457,-0.3292314834554418,-0.6314797988118566,0.21971501742726324,-0.15658125477374107
366,9.735,46.101,0.0090160083191054,-0.3905719659587244,-0.6257646718923471,0.2227971023665972,-0.16173264415022415
367,9.735,46.167,0.0057039956841455,-0.44093221547755274,-0.6209431195586916,0.23133694634865049,-0.16669174157156982
368,9.735,46.233,0.0031058636638226,-0.4664566976567279,-0.6065082114884944,0.22076049949463725,-0.19464605512680228
369,9.735,46.299,0.0013871772904403,-0.47775615579040154,-0.5973353210310863,0.21302157888324844,-0.2081258269066753
370,9.735,46.365,0.0004112630047536,-0.48447510048507825,-0.5963562602786625,0.2095021058401521,-0.20785199850144997
371,9.801,45.045,0.6595886961594196,-0.33742744640820854,-0.9011608259126762,0.07253889487273082,0.14263178714683183
372,9.801,45.111,0.7736565752076134,-0.2526941080783245,-0.9895519177733199,0.076733957907405,0.0840773071551292
373,9.801,45.177,0.8686933272255805,-0.14729488748133304,-1.0943437228832418,0.01858684761618537,-0.12025984677949736
374,9.801,45.243,0.9273072993765648,-0.05600526637919571,-1.1782063735037074,-0.046726645089161765,-0.16295015670675372
375,9.801,45.309,1.042728817994365,0.044805946251383455,-1.2667790356861988,-0.011359816522956673,-0.1414183141324747
376,9.801,45.375,1.0832273332921427,0.13964968549074264,-1.3473713999336678,0.05421958217625536,0.12383877287076793
377,9.801,45.441,1.1693873053437542,0.20933361251536026,-1.4031391795039254,0.019750708008106237,0.10083784323117506
378,9.801,45.507,1.1461428881623887,0.2323367739704254,-1.4162791501028331,-0.04433741800300304,0.007547913487640503
379,9.801,45.573,1.0453122135797224,0.2097791926884996,-1.3866129575883603,-0.06698061845581317,-0.02468872896231587
380,9.801,45.639,0.875580614542444,0.19162588718405865,-1.3536911825929532,-0.06445531966001519,0.000927888740360385
381,9.801,45.705,0.603326315517282,0.14452470837398132,-1.1028952712814974,-0.04135290344964404,0.06226997074567105
382,9.801,45.771,0.3489431344245336,0.02354980277424249,-0.7220139537887555,0.044437652022380286,0.025440650013265426
383,9.801,45.837,0.1592669500229176,-0.11188186508363093,-0.6912948584025971,0.2158567303116204,-0.09752090434364917
384,9.801,45.903,0.0608063163721207,-0.2126297261565942,-0.6707934973761549,0.23071689261700115,-0.12260564587231607
385,9.801,45.969,0.0166363871858663,-0.2866840619329214,-0.6506834777013077,0.22063827819304382,-0.14278035274886597
386,9.801,46.035,0.0076997369646815,-0.3433553927066953,-0.634360423252409,0.2093740384271079,-0.15643672566313738
387,9.801,46.101,0.0086153523072932,-0.40147688636370665,-0.6292101986195864,0.20943329073142297,-0.16011868963287224
388,9.801,46.167,0.0056097889560253,-0.4480734601150769,-0.6238539892908999,0.21573153083173557,-0.16260421158979152
389,9.801,46.233,0.0030660167686711,-0.4728743506241281,-0.6093283679230461,0.20393690450586965,-0.19100236727604153
390,9.801,46.299,0.0014077022450264,-0.4859218542757161,-0.6001355337051868,0.1954733362021474,-0.2039310490225691
391,9.801,46.365,0.0004453947545439,-0.49257312990838664,-0.5985206023556958,0.19114979938758522,-0.20395589228657393
392,9.867,45.045,0.6737707766254682,-0.2583869859286615,-0.9729858531833749,0.07998549443345183,0.15352493605761486
393,9.867,45.111,0.8124978103086002,-0.17962310256609149,-1.0544573545562435,0.07295966669601733,0.10603501648338863
394,9.867,45.177,0.9222605053910709,-0.0939335266837579,-1.1337226710363735,0.04289007660855725,-0.20621508045164058
395,9.867,45.243,0.963334688109623,-0.029032515988952384,-1.1850229955087077,-0.008736847585936382,-0.18760516978521152
396,9.867,45.309,1.019386628194293,0.051154133397636435,-1.2478711218415834,0.03274405220421965,-0.09189811615583365
397,9.867,45.375,1.0790210945374603,0.13682709588321917,-1.3157868584619576,0.0861238671474987,0.030693209045005367
398,9.867,45.441,1.1505067915373322,0.20655749385551384,-1.3672977837149358,0.04534437366738191,0.018763478637155065
399,9.867,45.507,1.127888289552503,0.22659531257897744,-1.3715735235650646,-0.020735776702526087,-0.04732381200464852
400,9.867,45.573,1.0135190351097796,0.22756324789767723,-1.3508906491302515,-0.03554847602746681,-0.06982063752340231
401,9.867,45.639,0.8222885459921155,0.24303481671336785,-1.3412899174027588,-0.02432856964078721,-0.03434864551105676
402,9.867,45.705,0.5779454135924,0.18920271747928863,-0.941154824845668,0.020386352865854274,0.02182213481103041
403,9.867,45.771,0.3266676504951969,0.031151451075912717,-0.7156265873639827,0.1396451569052429,-0.05138267382753357
404,9.867,45.837,0.1581133243704891,-0.13566072645391045,-0.7095244294078433,0.2622325309372342,-0.08517291750459959
405,9.867,45.903,0.0627572198143712,-0.24775340173512703,-0.6858286926369885,0.25226787741716133,-0.10950412749572744
406,9.867,45.969,0.0158783805264172,-0.3132179743009027,-0.6558510419268309,0.2217726666779729,-0.13731030718174272
407,9.867,46.035,0.0086972649684108,-0.3597966565570903,-0.6345434134132943,0.1991033851068412,-0.15542798445584474
408,9.867,46.101,0.0055133744049292,-0.41202905005286183,-0.627923861363952,0.1919266366950296,-0.1604223528966104
409,9.867,46.167,0.0054382320031319,-0.45651126362540806,-0.622798205386782,0.1938578034447505,-0.15884006162902098
410,9.867,46.233,0.0029281016361451,-0.4806441707462963,-0.6083342945273966,0.18079394034624294,-0.18649284461045593
411,9.867,46.299,0.0013529450423068,-0.4956669643502703,-0.599845159589949,0.17452388814324243,-0.19966383231081897
412,9.867,46.365,0.0004428529839485,-0.5039813652388592,-0.5987726900823609,0.17226039944013705,-0.19945623086433031
413,9.933,45.111,0.8740999741348531,-0.09773498377760775,-1.1175985549378007,0.058762253026033884,-0.11277881988696631
414,9.933,45.177,0.9670675313311848,-0.047965798708743373,-1.1573025890048614,0.04995295782363021,-0.18849762294492706
415,9.933,45.243,0.9618071823864434,-0.010406985075159662,-1.1779615853738834,-0.016900520562062985,-0.17292917728851512
416,9.933,45.309,1.0013506148207238,0.045191600228535724,-1.2134424563703787,-0.056012392812888084,-0.053892507730845
417,9.933,45.375,1.0458330170985466,0.11880275878247121,-1.2648122490210605,0.08352158754531977,-0.044292719600038305
418,9.933,45.441,1.1058069171260914,0.17994712420608472,-1.301684992001847,0.06449496560280317,-0.05364943108774629
419,9.933,45.507,1.1037171231730205,0.2053477452869612,-1.3051294998245684,0.02135560584710864,-0.08696477929233215
420,9.933,45.573,0.9837687115855134,0.2272297053167995,-1.2944799118248311,0.014671639831969403,-0.10224021245144388
421,9.933,45.639,0.7914057359509749,0.2454162288530528,-1.2906973070842125,0.03924644535539561,-0.08632952767624097
422,9.933,45.705,0.5374717618638786,0.1766191769031997,-0.8263674562816823,0.1556003618550289,-0.08536648008144562
423,9.933,45.771,0.3060410285747699,0.011864617304035301,-0.7060454251045314,0.25252364905383795,-0.0969466822794133
424,9.933,45.837,0.1518105372807582,-0.16184747101774732,-0.719094715294352,0.276066262781293,-0.08331806949245382
425,9.933,45.903,0.0629653037275666,-0.28009873241761307,-0.6968882215501047,0.2639514871277546,-0.1005804991950176
426,9.933,45.969,0.0162162706120761,-0.3423550128341221,-0.6614804442244098,0.22135969488754142,-0.1314602986107728
427,9.933,46.035,0.0088186125303263,-0.3800155208757625,-0.6348780478754763,0.19000908395776175,-0.1534832201286195
428,9.933,46.101,0.0053359644704053,-0.42414433689418896,-0.6246463428785416,0.17513856970796776,-0.1612975286426962
429,9.933,46.167,0.0051760988247643,-0.4649807845439359,-0.6176397068437942,0.17177453907458268,-0.15723612121167285
430,9.933,46.233,0.002686235623645,-0.48676861082405726,-0.6015316365628647,0.1581519901832903,-0.18672301876730996
431,9.933,46.299,0.0011658223616612,-0.5046926607009926,-0.594706737039638,0.15405196261914778,-0.19807046835002762
432,9.933,46.365,0.0003252238607293,-0.5165445471789509,-0.5950092680274717,0.14974203095883976,-0.19747103784738698
433,9.999,45.045,0.7514862508183245,-0.11372616124928861,-1.0682393186664043,0.05221074702417271,-0.3352362084374634
434,9.999,45.111,0.8976775966018214,-0.06279637479880938,-1.1228265578961807,0.05742660386841438,-0.25536710019428677
435,9.999,45.177,0.9649746435645364,-0.02094469905065381,-1.155459507528597,0.062427886683690134,-0.11712648236252163
436,9.999,45.243,0.9584037180598176,0.0052785226545361275,-1.1649733615674691,0.029506698412476058,-0.06612905869595706
437,9.999,45.309,1.0111418027467831,0.051316317303618714,-1.1891573582211237,0.006775341116054101,-0.06240832600189457
438,9.999,45.375,1.0444004383416134,0.11129535046001116,-1.2231080085043158,0.11841979455672502,-0.05857041347890519
439,9.999,45.441,1.0877217181884151,0.15617178214937935,-1.2381298648328993,0.0857994491855495,-0.08110777158061164
440,9.999,45.507,1.056582141161688,0.17503728163550392,-1.2272771397123081,0.06961198765961357,-0.10465243523773983
441,9.999,45.573,0.9367370934600826,0.20234577056392838,-1.221545050518637,0.08023560248682785,-0.10339933741610963
442,9.999,45.639,0.7529892244771996,0.19940311385792817,-1.227464639320038,0.12004278949632374,-0.0838060498718044
443,9.999,45.705,0.450147446144144,0.10386935869369716,-0.8136147238865624,0.2297917182449107,-0.099900828721377
444,9.999,45.771,0.287269661901196,-0.052422509324405175,-0.7234268225822957,0.2759056969538875,-0.09239270220472368
445,9.999,45.837,0.1490811572159097,-0.19800780742935764,-0.722507285840198,0.2804757448869939,-0.08054582083076586
446,9.999,45.903,0.062418712606074,-0.3029214589714584,-0.6937939660616859,0.2573307166257069,-0.10330517640608969
447,9.999,45.969,0.0126575083732539,-0.36091662992579143,-0.6583065890535312,0.20884016632703714,-0.13678291417901522
448,9.999,46.035,0.0081938661504575,-0.3971558728965058,-0.6324361035043015,0.17555189471103527,-0.15728102271368144
449,9.999,46.101,0.0049597133296821,-0.4401376752520647,-0.6223746044650156,0.16052958993586755,-0.16227602970521804
450,9.999,46.167,0.0047433655214786,-0.4811073760802804,-0.6152647175658087,0.15552880957309917,-0.15764761146862194
451,9.999,46.233,0.0025261710750331,-0.5040877175233194,-0.5989285879106746,0.1442959468464735,-0.18538460113039096
452,9.999,46.299,0.0010427574296214,-0.5213854743447692,-0.5918947762219432,0.1345898610916076,-0.196669356921357
453,9.999,46.365,0.000189226571585,-0.5440476401621124,-0.5912609388333216,0.12377773127982794,-0.19500383542278632
454,10.065,45.045,0.7767692841625403,-0.12409972925163368,-1.0377801055730478,0.09094038745631974,-0.36512305422790364
455,10.065,45.111,0.9051673089046784,-0.0666381080515745,-1.0938459705065697,0.08867207318494835,-0.2364940843664493
456,10.065,45.177,0.9722849920357072,-0.008709858227377625,-1.1393950913278021,0.09546721833655097,-0.07968951719598827
457,10.065,45.243,0.9940178984333192,0.02523413932613,-1.1554365714077641,0.06565087015323799,-0.050204220411626435
458,10.065,45.309,1.0136343598618232,0.07075049735979674,-1.1769711406940475,0.09487553592864374,-0.04990316983784944
459,10.065,45.375,1.0450294490964904,0.12229377299759027,-1.1986975089105663,0.13581837872685756,-0.05544811043969332
460,10.065,45.441,1.0831925279522072,0.14919997332061913,-1.189699145059234,0.1015425866037625,-0.08723789199258133
461,10.065,45.507,1.016375493989556,0.1614582904514425,-1.1561672709475403,0.10532672513663509,-0.095502759439243
462,10.065,45.573,0.9085965817083156,0.19591222454851615,-1.151907614392826,0.12987394595892446,-0.06879163307753719
463,10.065,45.639,0.6858133925860845,0.17423537539271222,-1.1011755207692744,0.1704662956037262,-0.03873632147535432
464,10.065,45.705,0.3972195819074182,0.048411984460275614,-0.7673768287610444,0.23027275912779469,-0.053996295744553766
465,10.065,45.771,0.2466215177190102,-0.10710858920895362,-0.7468198491132221,0.285298957131465,-0.051774707431465346
466,10.065,45.837,0.1360073548629281,-0.23276593862113926,-0.7211056385530504,0.28198441787642103,-0.06799119663804579
467,10.065,45.903,0.0618338661621489,-0.32182005407155734,-0.6874824291390255,0.2396968734071323,-0.11150573662455891
468,10.065,45.969,0.0113187238824905,-0.37702281011912264,-0.6534820589425658,0.19066231989006355,-0.14604069086961158
469,10.065,46.035,0.0079040482956981,-0.4119491713098107,-0.6288641394927434,0.15917806688274047,-0.16262394578153774
470,10.065,46.101,0.0046681571676436,-0.45863210914838975,-0.6211373950800558,0.1475830834185526,-0.16387556165186135
471,10.065,46.167,0.004415047205099,-0.5065032648914306,-0.6184785471029407,0.1465752624550204,-0.15523232397857217
472,10.065,46.233,0.0025708579424742,-0.5362956577710952,-0.6036538500238595,0.1320149927079417,-0.17929558429406445
473,10.065,46.299,0.0011384082979954,-0.5540371567725503,-0.5915057356819079,0.11688070756073135,-0.1933871385807748
474,10.065,46.431,0.0,-0.6427054549171664,-0.577932455959701,0.08725516553471128,-0.1898699937117084
475,10.065,46.497,0.0,-0.6769564773147574,-0.5794865541807039,0.07738209809135868,-0.18372283562786232
476,10.065,46.563,0.0,-0.6884384993718982,-0.579796315210961,0.07243838847208942,-0.18108534764675366
477,10.131,45.045,0.7904124227779666,-0.12871196237776422,-1.0113774310284485,0.18933895604188022,-0.29456717481100264
478,10.131,45.111,0.9005309630079982,-0.06880769438906009,-1.0674243599191076,0.1713309760278609,-0.15600803484058398
479,10.131,45.177,0.9739030377491252,0.0010487727744268802,-1.122486152417931,0.11816683066240061,-0.05468714252610125
480,10.131,45.243,0.9991115648320978,0.047647349772014846,-1.148614768319151,0.11080638484282729,-0.038087564136442
481,10.131,45.309,1.031858094369713,0.092401067244327,-1.167261006777815,0.13449656343004718,-0.04223373199958751
482,10.131,45.375,1.052439366356964,0.1378849241300153,-1.1793449223784003,0.13327719877276267,-0.06041210881105237
483,10.131,45.441,1.0662323189831215,0.15251965225414435,-1.1515438894536385,0.11166805558763893,-0.0897381703720738
484,10.131,45.507,0.9901403022975872,0.17777211665071468,-1.099428958188267,0.12525935679715483,-0.08141021108666141
485,10.131,45.573,0.8938217256675022,0.22954549797600798,-1.0726433438095349,0.15872080840191452,-0.03305483649697177
486,10.131,45.639,0.5751458199134546,0.1883033359001697,-0.7938006358050149,0.20471283823476755,0.006880302638538099
487,10.131,45.705,0.3250773194052813,0.03804832263768125,-0.6659237190704741,0.2122167410928385,-0.06215120467961987
488,10.131,45.771,0.1940902720638887,-0.12226618403459111,-0.7005851736657869,0.26731873778046916,-0.0407209141652704
489,10.131,45.837,0.1275151283170885,-0.24869211509405076,-0.7082381925368457,0.2780365477504878,-0.05892231607191258
490,10.131,45.903,0.0619271977171975,-0.336485552521823,-0.6856586506168378,0.22801160664730669,-0.10837620510550443
491,10.131,45.969,0.0117700242546721,-0.39364137333399796,-0.6523449078612834,0.17595882143124505,-0.1467905148413654
492,10.131,46.035,0.0083296189983193,-0.42609381478105796,-0.6257395955349893,0.14292403441677703,-0.164827014221211
493,10.131,46.101,0.0047448353097471,-0.4725271978510229,-0.6168745367098636,0.1312296528388316,-0.16718020758825022
494,10.131,46.167,0.0044661520083981,-0.5253662341324514,-0.6160788959642305,0.13194732706430254,-0.15911262977597807
495,10.131,46.233,0.0029432405948915,-0.5620203013418978,-0.6032779316884744,0.11740288187433279,-0.17575034144639906
496,10.131,46.299,0.0016074330185912,-0.5843917246202086,-0.5848696095290065,0.100656421195323,-0.19290421966907434
497,10.131,46.365,0.0006522887394402,-0.6172619443222962,-0.5750956362356837,0.0842877050005491,-0.1933678696676489
498,10.131,46.431,0.0002713776859589,-0.6522366031295469,-0.5732588535218996,0.07444906782863363,-0.19039489793572204
499,10.131,46.497,0.0001664769570609,-0.6769643357213366,-0.5758915060329621,0.07047959340072316,-0.18519707585590822
500,10.131,46.563,0.0001591723326962,-0.6921283615998075,-0.5780468040360267,0.06732650778585897,-0.18090889200816315
501,10.131,46.629,0.0,-0.6939495131510302,-0.5759036527744088,0.06541246108550959,-0.18127127158850342
502,10.197,45.045,0.7995948743871881,-0.11138424229143429,-1.0002680248787648,0.23997999798730613,0.003818923562373417
503,10.197,45.111,0.889130324824313,-0.0520339372987144,-1.0578021620541103,0.22415140648565907,-0.013834073399272936
504,10.197,45.177,0.9721804054199642,0.01943931509171123,-1.1140834689306593,0.15284773249697584,-0.03071076188685054
505,10.197,45.243,1.0098001527132623,0.06662008591502216,-1.1399811034043212,0.13279163575142178,-0.03374372930036892
506,10.197,45.309,1.0364417735513447,0.10970924301511403,-1.1557045400313752,0.12706317529274386,-0.043588568212127025
507,10.197,45.375,1.0669897830771404,0.14351189482371204,-1.1544974947365858,0.12277084487048451,-0.07149098612765363
508,10.197,45.441,1.052116410688007,0.15440203411044934,-1.1181191341763523,0.11424555313262666,-0.0943530452203176
509,10.197,45.507,0.929053938596397,0.20742601442550127,-1.0544689264957077,0.13236505521568903,-0.0773044890519796
510,10.197,45.573,0.8002822544960145,0.2798963141602099,-0.8821324206376764,0.16988119195754742,-0.007237321892644741
511,10.197,45.639,0.4618967490537177,0.2197207205330951,-0.6338088081866429,0.22579586917657218,0.029669104171967726
512,10.197,45.705,0.243986932255715,0.05411249383387493,-0.6365431546993927,0.20812147655428753,-0.0733873746705097
513,10.197,45.771,0.1475741634558116,-0.10829146021428313,-0.6651988305406885,0.2341761220246275,-0.06325231621985432
514,10.197,45.837,0.0942435476981752,-0.2419884921792682,-0.6854065800839096,0.24339450696839265,-0.06498508235614173
515,10.197,45.903,0.0527274799342998,-0.3467160860245571,-0.6852392778173511,0.2265976635141317,-0.08459454169683528
516,10.197,45.969,0.0103313276610996,-0.4097319593160258,-0.6560979424355458,0.1760357867397151,-0.1303926699349441
517,10.197,46.035,0.0063857640492395,-0.44080973867658313,-0.6248287660857402,0.13302085455652196,-0.16160500488549479
518,10.197,46.101,0.004784039085293,-0.48118043554283135,-0.6102778919349763,0.1150810458480706,-0.17098208456965186
519,10.197,46.167,0.0044226334341961,-0.5334151341684705,-0.6066109787641387,0.11359730599873487,-0.16797062922355183
520,10.197,46.233,0.0035238244085712,-0.5748711541012818,-0.5962613003913604,0.10414026546407176,-0.17771433513857926
521,10.197,46.299,0.002416373494575,-0.600386058796775,-0.5794566351232847,0.08718714876231816,-0.1918326254474003
522,10.197,46.365,0.0014557286758997,-0.6250649546863642,-0.5709195767497608,0.07332679489951491,-0.19310046436688622
523,10.197,46.431,0.0009973337488068,-0.6526935933586149,-0.568994058973384,0.0661049961676123,-0.19100588511092403
524,10.197,46.497,0.0007110129223315,-0.675367038728186,-0.5700471782920737,0.06233473360471754,-0.18690127620050778
525,10.197,46.563,0.0004668642365269,-0.6893531271724931,-0.5715400390883925,0.061613372098295226,-0.18361395370264277
526,10.197,46.629,0.0001877682987517,-0.692145350699636,-0.5702773831078101,0.060577160788454626,-0.18411239267025675
527,10.263,44.979,0.7369896111244753,-0.12205259165183165,-0.9566503419064978,0.2494692417630968,0.05779790866748373
528,10.263,45.045,0.7983865824586136,-0.09515623822119462,-0.9902495006929288,0.24153164001682403,0.05031002982288378
529,10.263,45.111,0.8920051036587261,-0.03073527466326826,-1.052070500904159,0.2168381816272155,0.027709896458542348
530,10.263,45.177,0.9864566444028444,0.037267558833945114,-1.105603468435174,0.1435159787406035,-0.010366819889666024
531,10.263,45.243,1.008319001850858,0.08345555440345057,-1.131346259570607,0.11728301992301524,-0.024691731768531323
532,10.263,45.309,1.0401380272384282,0.12002474892503687,-1.1413944876211464,0.1218067129960104,-0.04770321836242261
533,10.263,45.375,1.0652526650284635,0.14198327331979588,-1.1290433763285312,0.11791267600236165,-0.07931872538325754
534,10.263,45.441,1.017797014034433,0.15692710318830083,-1.0923817995388378,0.11703327370745238,-0.09415723597678988
535,10.263,45.507,0.8676658454254729,0.2284808410896861,-1.0202006526724494,0.13501350923398864,-0.07358517322449591
536,10.263,45.573,0.7073336023919642,0.3023355367004196,-0.6872664305764538,0.1727833777279468,0.014333438881022398
537,10.263,45.639,0.3803707352221608,0.2269884188659872,-0.6169040147863358,0.24000652689745694,0.04685037973297497
538,10.263,45.705,0.1826176463586851,0.05791977270240718,-0.6390216400413076,0.21831926368054205,-0.060799281834902116
539,10.263,45.771,0.1043259016014558,-0.09753336893164331,-0.6561833368219501,0.21927520419101246,-0.06829434073359357
540,10.263,45.837,0.0683781012750211,-0.2304031867790744,-0.6681368398953264,0.22109583790996032,-0.070983784332369
541,10.263,45.903,0.030662138396409,-0.342477750927578,-0.6743107076478654,0.2181834672179733,-0.07522427031131869
542,10.263,45.969,0.0072684661774925,-0.41453266628611496,-0.6556783395887585,0.17778665976214908,-0.10427199713637601
543,10.263,46.035,0.0075642550226659,-0.45509942075106374,-0.626882201297527,0.13114781069788156,-0.14533666350197844
544,10.263,46.101,0.0043793500540332,-0.49462001357621377,-0.608437399764588,0.10651907217453702,-0.1650621959670029
545,10.263,46.167,0.0039491480527655,-0.5418437635261918,-0.5994482346115094,0.09821425081296045,-0.16994791729526687
546,10.263,46.233,0.0036637132168917,-0.58319480941798,-0.5895420268829954,0.08828069759848994,-0.17816401047484154
547,10.263,46.299,0.0028639973023698,-0.6123001267254791,-0.5774849020600489,0.07586564429841501,-0.18662305628869363
548,10.263,46.365,0.0020398972794374,-0.6362256441154073,-0.5699885179893555,0.0648804467783416,-0.18936302232689584
549,10.263,46.431,0.0016813122120476,-0.656571524778579,-0.5654885037692501,0.05913003137763935,-0.1902992813452806
550,10.263,46.497,0.0012305911011495,-0.6725209604940549,-0.5635283315814187,0.056453053723270315,-0.18921485918880365
551,10.263,46.563,0.0006868106182154,-0.6812264644894701,-0.5624628529962967,0.054512632967710306,-0.18885552160430252
552,10.263,46.629,0.0002623830842475,-0.6851787999274719,-0.5628695521023853,0.05407980442633899,-0.18866311727959845
553,10.329,44.979,0.754195027969091,-0.13094107504856078,-0.9270102929733083,0.2449408997405752,0.048839266728415695
554,10.329,45.045,0.814828216082765,-0.09635659208542433,-0.964581778349417,0.2303255523708609,0.03544255425782601
555,10.329,45.111,0.8861004141791319,-0.025941016215293048,-1.0305769818357204,0.1870142461867848,0.015534236895634995
556,10.329,45.177,0.9700515907797872,0.0401093137558822,-1.0836843903427005,0.13287451786567983,0.012856278664094351
557,10.329,45.243,1.0038298029203374,0.08748954322492565,-1.1126185500928827,0.13198942257010385,0.005940106459445538
558,10.329,45.309,1.048410163110687,0.12252083752671929,-1.1236647178123045,0.12301618812370484,-0.032399063262823595
559,10.329,45.375,1.0583007535571234,0.13478641438828654,-1.1052475418717174,0.1138673860262213,-0.06881810080397872
560,10.329,45.441,0.9976229829128296,0.14757869257022777,-1.0670365399694988,0.11614521873777414,-0.0841784955837508
561,10.329,45.507,0.819449368639929,0.21866387996163109,-0.9965536280644448,0.13424885853084317,-0.061797065488349553
562,10.329,45.573,0.6315098928469693,0.2741548249378203,-0.65177216515949,0.17339986203897417,0.03031732827131326
563,10.329,45.639,0.3234104259138542,0.1876883198543325,-0.6278589255494844,0.24748278120992379,0.04682563594015078
564,10.329,45.705,0.165538137718713,0.03046309400236749,-0.6477959244480763,0.22282356005965528,-0.051650612766603224
565,10.329,45.771,0.0840877252069605,-0.10413342941269502,-0.6544772606163723,0.2146177427903026,-0.07008987179381011
566,10.329,45.837,0.0381965175019338,-0.21910608682831817,-0.6550944970966759,0.20767180175387745,-0.08116220505625894
567,10.329,45.903,0.0144956073036822,-0.32336842281341516,-0.6551533942867004,0.19921760774218972,-0.08916484809201924
568,10.329,45.969,0.0068285681239944,-0.40355535413092514,-0.6441620170679371,0.17316962377539485,-0.10600418907233594
569,10.329,46.035,0.0037927140067997,-0.4613824142922417,-0.6252501190749346,0.1343039145586712,-0.13458768312515612
570,10.329,46.101,0.0031243508225775,-0.511272292511768,-0.6095526012275605,0.10675515384890708,-0.15396318990983965
571,10.329,46.167,0.0027103524343789,-0.5554908046457266,-0.5968811608211886,0.09164416105336261,-0.1646907582686935
572,10.329,46.233,0.0027140094574211,-0.5931227253897081,-0.5856968209602138,0.07969099717743376,-0.17360782989985346
573,10.329,46.299,0.0022490615498216,-0.6229132421518504,-0.5763980073783179,0.0690506872078554,-0.18030001397229461
574,10.329,46.365,0.0018019716394747,-0.6469243354010392,-0.5702830511166613,0.06019796782842853,-0.18362603086929366
575,10.329,46.431,0.0018592096333263,-0.665137972704071,-0.5659522555394696,0.055725208940114596,-0.18528904293149753
576,10.329,46.497,0.0014415915600115,-0.6742380234914744,-0.5607040208170291,0.04993624015094741,-0.18769835126357493
577,10.329,46.563,0.000739580623228,-0.673513098382621,-0.5547518271982443,0.047264188913150124,-0.19258936637755977
578,10.395,44.979,0.7608417873879566,-0.16491478271934812,-0.8680583886953732,0.2350087686842452,0.0023113045306974974
579,10.395,45.045,0.8051361181272354,-0.1172294116398225,-0.9193718026552312,0.21798601546310947,0.02605820398027016
580,10.395,45.111,0.8822592000069249,-0.04066259256939119,-0.9915382783948585,0.17529696668729158,0.019530706263738394
581,10.395,45.177,0.9554949501413872,0.03138900970163454,-1.0520534475465306,0.13261603882537218,0.03212950115944232
582,10.395,45.243,0.9980878314247762,0.07888513027748173,-1.083873344824915,0.12975356293447032,0.023719553486378202
583,10.395,45.309,1.047672153527808,0.11571558892280606,-1.1006163276543042,0.1326950504922046,0.0003314677382140357
584,10.395,45.375,1.0454858231275257,0.12891622474787634,-1.0894579170777479,0.11766276020934278,-0.029349144487450303
585,10.395,45.441,0.9803628635638112,0.12133493510575227,-1.0424871624196874,0.11376812835898084,-0.059482421524295045
586,10.395,45.507,0.7891514128383141,0.16405505572269324,-0.9670533894946538,0.12786819527738152,-0.053543985213375625
587,10.395,45.573,0.6070295334882992,0.20112961672997337,-0.6968338345692456,0.17026491505987001,0.01802034709735965
588,10.395,45.639,0.3134009241807536,0.1261346731588456,-0.6401916995169159,0.24651718603069173,0.04512498733980059
589,10.395,45.705,0.1611675749885585,-0.006408615528551778,-0.6516744207634988,0.21800087095853082,-0.05212585511937254
590,10.395,45.771,0.0726459008481202,-0.12029285790197165,-0.6546207497885362,0.21322291803000143,-0.06921834675100239
591,10.395,45.837,0.0262167436019449,-0.2186405386053366,-0.6510273425698817,0.2041617657875362,-0.08506739715482212
592,10.395,45.903,0.0082280362780527,-0.30256358913535036,-0.6402441219140254,0.18518863097915206,-0.10449899110931107
593,10.395,45.969,0.0051857411382973,-0.382727772079418,-0.6273486440642089,0.15694016621454254,-0.1264916722079234
594,10.395,46.035,0.0027589378000478,-0.4595548285484815,-0.6151364419225946,0.124441074480584,-0.14680030702982905
595,10.395,46.101,0.0020965710169665,-0.5215173789805287,-0.60299597318746,0.1009012839292762,-0.1594997376695116
596,10.395,46.167,0.0017098104713806,-0.5676658334258562,-0.5918882756203074,0.08488219782265544,-0.16659249411668087
597,10.395,46.233,0.001853637558523,-0.6027009997020422,-0.5815361237884087,0.0715398978844504,-0.17255815423510884
598,10.395,46.299,0.0014272122710326,-0.628668716085911,-0.5720861883205797,0.060796535370489194,-0.17901266518395437
599,10.395,46.365,0.0009863731482577,-0.6508891828825004,-0.566600527100301,0.053906249338218956,-0.18251614565925212
600,10.395,46.431,0.0010869608232624,-0.6686397524368355,-0.5637723892085567,0.05268184082446309,-0.18317001284978282
601,10.395,46.497,0.0008612150241646,-0.6734748773429949,-0.5566767874968974,0.046000291713826115,-0.18723649341106283
602,10.395,46.563,0.0004495654357843,-0.6678044663829259,-0.5481710102336108,0.04199288465132478,-0.19511855848240595
603,10.461,44.913,0.7064105265059959,-0.22679958810284861,-0.781614468293885,0.2241511269859514,-0.2728228631925031
604,10.461,44.979,0.7464312161501482,-0.19467395675191573,-0.8184534525469291,0.2210639774281566,-0.19745265769543527
605,10.461,45.045,0.7989083014056796,-0.13413552408667276,-0.8804944919248308,0.20049221627541458,-0.02065743372108675
606,10.461,45.111,0.8574819723810856,-0.05318436043552265,-0.9566524222455366,0.16279259496135573,0.040715813623154934
607,10.461,45.177,0.9387822962145516,0.01604736085620735,-1.0161026949425507,0.12309559170556474,0.06461605395112134
608,10.461,45.243,0.983151023643964,0.06189821459901326,-1.0488973043533216,0.14391566395518027,0.05023345904386119
609,10.461,45.309,1.033953967718807,0.10535893150516247,-1.0764299904195087,0.15403762314908076,0.05616765977234628
610,10.461,45.375,1.0554771074422162,0.11690764100440018,-1.0716450199766672,0.1305846865889066,0.020251583820371157
611,10.461,45.441,0.9414392326768596,0.08168008642318979,-1.009999866208502,0.11262534341609903,-0.03239273452432633
612,10.461,45.507,0.7613996188513237,0.06953645829167124,-0.9141877772950641,0.1172964300317529,-0.0549948473905965
613,10.461,45.573,0.5909139772070564,0.08909901074673145,-0.7384002334440161,0.16664219183776463,-0.01583442735008498
614,10.461,45.639,0.337807218472886,0.051437687979013214,-0.6394560507574549,0.20943557273954225,0.0003001748043664947
615,10.461,45.705,0.1610531712898718,-0.03895959789127723,-0.6442951508145397,0.19838847735192788,-0.06016438643954152
616,10.461,45.771,0.0648638381113193,-0.1372485339135006,-0.653375953486663,0.20824742651895095,-0.06046096478364372
617,10.461,45.837,0.023102131752765,-0.22148506899015963,-0.6520484336006922,0.2035198082227993,-0.07764203216350157
618,10.461,45.903,0.0061478187806942,-0.2852455763317425,-0.6376970206720074,0.18696059930749054,-0.10451670210932254
619,10.461,45.969,0.002444344486559,-0.36140329483932987,-0.6206876825473466,0.15479790585792136,-0.13259070101507256
620,10.461,46.035,0.001812919677731,-0.4613057083762706,-0.603563392783678,0.11797259590832879,-0.15711442695728456
621,10.461,46.101,0.0011866883301565,-0.5325419438283756,-0.5923840407164129,0.09311621819232319,-0.16599224862945322
622,10.461,46.167,0.0008298155730785,-0.5773630044391802,-0.5846977684025858,0.07824314951339575,-0.16954131748864462
623,10.461,46.233,0.0010064633951668,-0.6110557777995685,-0.5773508071405027,0.06703599782726972,-0.17279364873379288
624,10.461,46.299,0.0004766832387094,-0.6326073470430611,-0.567691953553652,0.05585061205857135,-0.17950049790198003
625,10.461,46.365,0.0,-0.6517607237312779,-0.5619952680162027,0.04827896278756603,-0.18362129334858787
626,10.461,46.431,0.0,-0.667693268302333,-0.5596572175736214,0.04652579057393859,-0.18442720612382235
627,10.461,46.497,0.0,-0.6716763794932568,-0.5541202831390865,0.04319234255847794,-0.18795506446947932
628,10.461,46.563,5.696183277946171e-06,-0.6655829606617351,-0.5463223523970839,0.04081324447025498,-0.19481989303007358
629,10.527,44.913,0.7099186193785069,-0.22400866926062574,-0.7691809816163082,0.19837302941459,-0.3061417976938637
630,10.527,44.979,0.7400318156063503,-0.1914037370198434,-0.8026927058370354,0.19531742480814773,-0.22749936227980075
631,10.527,45.045,0.7849657949199186,-0.13001323522450253,-0.8631007047534466,0.19291460796166052,-0.06180259926554684
632,10.527,45.111,0.8576443920664946,-0.057766523498849136,-0.9313407662562505,0.1612730772013132,0.027436524509650225
633,10.527,45.177,0.9193765491037942,0.0011254346563868305,-0.983099753845741,0.1202032363591807,0.062381231003156415
634,10.527,45.243,0.9613753472870996,0.044780172709042707,-1.0161439246555783,0.140705950108181,0.134001823326998
635,10.527,45.309,1.0268519298683434,0.08952329410949125,-1.0491176301393361,0.17270454101087337,0.1308639746027847
636,10.527,45.375,1.02082643998448,0.09599538814173401,-1.0454478715208673,0.15898265720969235,0.09592528138342271
637,10.527,45.441,0.893529646076593,0.031822042427058564,-0.9612863434149483,0.12708154650694165,0.007343991525348129
638,10.527,45.507,0.7515827899454918,-0.03271976550603227,-0.8474069539561756,0.13305873628450476,-0.06135006414886587
639,10.527,45.573,0.5415275397753683,-0.028050703674012425,-0.7242879413170717,0.18142110573470543,-0.036688720444260095
640,10.527,45.639,0.3535530554822812,-0.016588869014210354,-0.6167349670237855,0.1755075443681145,-0.055681829861304585
641,10.527,45.705,0.1779593721143575,-0.06355344255970378,-0.627294143184882,0.18522100404398623,-0.06291685938368567
642,10.527,45.771,0.0701023687401413,-0.14478255099171516,-0.6432258333459685,0.20479898395752164,-0.05056407847624503
643,10.527,45.837,0.0300482011158371,-0.21891966011549313,-0.6539735362761047,0.20660618576265186,-0.05694738250955583
644,10.527,45.903,0.0043788317338285,-0.26624766124906385,-0.6459878919747928,0.1951628928914148,-0.0858640550426854
645,10.527,46.101,0.0007989720034529,-0.5547424655838069,-0.5849819606189601,0.08361289657647732,-0.16842285507632265
646,10.527,46.167,0.0004442390235977,-0.5884212223585873,-0.5784619290191887,0.07055607871475106,-0.17133677016045307
647,10.527,46.233,0.0005075599588301,-0.6138004830159678,-0.5710392073130119,0.06024665165067628,-0.17528690874381306
648,10.527,46.299,0.0,-0.6325722261262757,-0.5623280962092054,0.051159968011669374,-0.18172691413679348
649,10.527,46.365,0.0,-0.6493582617842222,-0.5567474862796504,0.04464021534250848,-0.18628840513657727
650,10.527,46.431,0.0,-0.6624600248430503,-0.5542633095824125,0.042601386467401955,-0.1878088208154128
651,10.527,46.497,0.0,-0.6681178955779533,-0.5527461725433871,0.040770935520032546,-0.18872377705940724
652,10.593,44.913,0.7100500195663574,-0.20149358351286895,-0.7710948565829898,0.1626369028325181,0.17104570524880158
653,10.593,44.979,0.742429050740823,-0.16496038152402237,-0.8063516755400042,0.17620878895767106,0.007786154754404785
654,10.593,45.045,0.777595279933177,-0.11169247730567425,-0.8579192033904584,0.17626379265736236,-0.04846540758704798
655,10.593,45.111,0.8341829058477745,-0.04791306009626953,-0.9194095997902489,0.15911083626572936,0.055289801639671024
656,10.593,45.177,0.9103365919318108,0.004723044716485816,-0.96813471576572,0.11040395860261136,0.10786587269132822
657,10.593,45.243,0.9470952236524298,0.0453228647071962,-1.0014896224123033,0.11324086858532871,0.20098701304605013
658,10.593,45.309,1.0076231296320357,0.08127399670901075,-1.0304516720774246,0.15576076568418346,0.19527049261859974
659,10.593,45.375,1.0132009188268718,0.0825538688870141,-1.024841241722232,0.13876625439916057,0.17481676526851025
660,10.593,45.441,0.8856599097577139,0.01488607480605228,-0.9430107006766318,0.16665162219670354,0.11979442954522558
661,10.593,45.507,0.745710969119012,-0.07950287097439458,-0.8292970288562735,0.2022816952140165,0.05512101350315535
662,10.593,45.573,0.5468069927711944,-0.09878870139035562,-0.7224698514035691,0.20682869463282105,0.031873594973418885
663,10.593,45.639,0.3681374857131556,-0.06707323775558502,-0.616142952460306,0.19668961777254584,-0.024311253985797667
664,10.593,45.705,0.1904693270614862,-0.08852575488994349,-0.6110535084024487,0.18375231863619018,-0.054955093435623145
665,10.593,45.771,0.0797810864579295,-0.14702292152359622,-0.6226616454754763,0.2030869951798906,-0.04804764835624461
666,10.593,45.837,0.0395782287991554,-0.19201504115369872,-0.6319845846424591,0.210557370568304,-0.04791606429747876
667,10.593,46.167,0.0004096243234362,-0.5952599509867729,-0.5729381840031997,0.06467502789629748,-0.17427241255921447
668,10.593,46.233,0.0003331925418544,-0.611236522054063,-0.5647314370785608,0.05612184721965919,-0.1797155748787099
669,10.593,46.299,0.0,-0.6281709135866703,-0.5570870102247343,0.04729611338681568,-0.18576469328073109
670,10.593,46.365,0.0,-0.6442786302613598,-0.5514752820444402,0.04231550475933078,-0.19015023417591098
671,10.593,46.431,0.0,-0.6563933852269486,-0.5504528842445203,0.041404096476410496,-0.19040625443746062
672,10.593,46.497,0.0,-0.6622788625784136,-0.5513025004623032,0.04055502573894414,-0.18967787837821426
673,10.659,44.913,0.6987646055247074,-0.16762522575395755,-0.7838092605258018,0.09321880954917272,0.22127108179872443
674,10.659,44.979,0.7525711482919584,-0.1275881446208691,-0.8190843498470846,0.13035783228224915,0.15783882436959834
675,10.659,45.045,0.7887454294861014,-0.08240127693772141,-0.8605679072015109,0.14929855937188352,-0.04351830808856585
676,10.659,45.111,0.8321922447864006,-0.029622774310096172,-0.9137805386611824,0.14824499093535168,0.06059491196651377
677,10.659,45.177,0.907795227517261,0.022902432767815353,-0.967044760424348,0.09995326098124195,0.12932759414096295
678,10.659,45.243,0.9431669035881608,0.05778108734971184,-0.9995441261012565,0.07924028218655718,0.1979916075359231
679,10.659,45.309,0.9794836095476698,0.08384179742928227,-1.0230922493318917,0.12171691298351774,0.23596706958862662
680,10.659,45.375,1.000492542170378,0.08745059983702391,-1.0223540042672754,0.1541067269564574,0.23898779373834242
681,10.659,45.441,0.8900824210026744,0.039268177311250645,-0.9640445550776007,0.20940469218277075,0.19590749637614185
682,10.659,45.507,0.7531795575774171,-0.06147117631896383,-0.8593899614513811,0.23065544238094457,0.09178858360219852
683,10.659,45.573,0.547059725167047,-0.11822861052804629,-0.750383873908959,0.2221334978016541,0.046736214694604206
684,10.659,45.639,0.3805452898836016,-0.11494498138560841,-0.624527052201985,0.2146563703664222,0.0026874297087639883
685,10.659,45.705,0.2194412178055567,-0.1294171634991637,-0.5925859842362138,0.21016021260815898,-0.04025382679542319
686,10.659,45.771,0.1326345320065514,-0.15697051108517407,-0.5928589008894332,0.21377298262599026,-0.04735493049164566
687,10.659,45.837,0.0541200470346315,-0.1754730768566271,-0.5973790573888187,0.21726452961867715,-0.04610124462827412
688,10.659,46.431,0.0,-0.654510298948362,-0.550795398738616,0.04100594962616853,-0.19004357278338832
689,10.725,44.979,0.7899353871529833,-0.08309398163196842,-0.8298548674786499,0.043503345364640095,-0.1274900397077309
690,10.725,45.045,0.8123750096523077,-0.05579256380291436,-0.8589752866650031,0.1003466337510848,-0.07437832227434665
691,10.725,45.111,0.8409705569646764,-0.014312134775683095,-0.9048338198074863,0.11546952531859878,3.261780525579648e-05
692,10.725,45.177,0.9167245876584248,0.035356300229065295,-0.9602286561258817,0.10478150429734202,0.09396992846661543
693,10.725,45.243,0.958874163366368,0.07276838918313958,-1.0005997252685266,0.09416131953918747,0.16898822134283814
694,10.725,45.309,1.0140960827496748,0.09803808121724183,-1.027754821654491,0.09820034026030285,0.24725725990773056
695,10.725,45.375,1.032870937553242,0.09696390538702054,-1.0271630171228043,0.13998081750238506,0.2650684896121127
696,10.725,45.441,0.9159650657910396,0.06590278653577124,-0.9901585337341433,0.2284416269037747,0.23969585453769404
697,10.725,45.639,0.3727306787379381,-0.17385409364427679,-0.6277074808382567,0.23371879159029918,0.015843530655306075
698,10.725,45.705,0.2333352750729877,-0.19556391933489586,-0.5835004900056342,0.23164164767192577,-0.013802945904397944
699,10.725,45.771,0.1640515259159231,-0.20319533006549334,-0.5742991294966593,0.2356329411498682,-0.025534907741607285
700,10.725,45.837,0.1021694822997136,-0.2011047449784651,-0.5739488843610099,0.23942942288175267,-0.031320986980989916
701,10.791,44.913,0.7039028973752728,-0.09738221064244956,-0.7764471365244011,-0.06996425560043429,-0.24194379757932558
702,10.791,44.979,0.7812908853221981,-0.07225543689845733,-0.8082487463862942,-0.017206049312478922,-0.17556966760646314
703,10.791,45.045,0.8058997757806031,-0.04864258196247597,-0.8397152995840185,0.06560585623913615,-0.08953064667695029
704,10.791,45.111,0.8465969985799093,-0.010229152256529386,-0.8856180852402524,0.1068063973594694,-0.02412194045746205
705,10.791,45.177,0.9228055749048366,0.03479480169883399,-0.9394027112935737,0.09907856740469058,0.053701462831994645
706,10.791,45.243,0.9644500312841294,0.0797263652628731,-0.9916664425553408,0.09129756891617824,0.11605852665386551
707,10.791,45.309,1.009527111165568,0.11237044198287258,-1.0289795269642328,0.09102757717010211,0.2111169674773099
708,10.791,45.705,0.2273196843317563,-0.2554940748398061,-0.6123108959744626,0.24935402475852203,0.02142771101998539
709,10.791,45.771,0.173479854747556,-0.2633751865605827,-0.5824932344523563,0.2526660962945516,0.019651403705042446
710,10.791,45.837,0.1372754954112724,-0.25649135093713493,-0.5773268521304024,0.2557590643875409,0.016984068357723172
711,10.857,44.913,0.6821380968234806,-0.12147168925180846,-0.7383604353724077,-0.05601318045686515,-0.2657244872010193
712,10.857,44.979,0.7434780354037172,-0.09411581203448115,-0.7677608832014239,-0.023122191072008483,-0.2035439469142474
713,10.857,45.045,0.7721676491652689,-0.06438767674402782,-0.8033140222760471,0.07069523076277862,-0.1083918138325142
714,10.857,45.111,0.8414101150825288,-0.02872590832351192,-0.8474315760116198,0.09184161559277652,-0.04313694411726072
715,10.857,45.177,0.8931211478231336,0.018316092722693716,-0.9050789471700724,0.08748625321626977,0.018078606272049248
716,10.857,45.243,0.9643556397856178,0.07035563897452826,-0.9668050482698758,0.08783836786884548,0.05419878568747516
717,10.857,45.309,1.0060548755575245,0.11355612255947542,-1.015783790600337,0.08871963269153248,0.09692772879902264
718,10.857,45.837,0.1789501178617769,-0.2850668663744587,-0.5832304655619076,0.26331073288004436,0.04650201644240908
719,10.923,44.913,0.6427633734842527,-0.15987231630680016,-0.6878571323475646,-0.02621062743764533,-0.3014972658517009
720,10.923,44.979,0.7051313843481951,-0.13756139366883055,-0.7096785204283007,0.02113466386007139,-0.25049172171719464
721,10.923,45.045,0.7543552055783387,-0.09853295347036313,-0.7524321427710383,0.07523862955631491,-0.1422387738152933
722,10.923,45.111,0.7971556870708141,-0.05567653584936506,-0.8039675397400688,0.06380313946933697,-0.07659954579624187
723,10.923,45.177,0.8533817184951363,-0.008155837960658451,-0.863629672102458,0.07074779886418778,-0.042115823987610934
724,10.923,45.243,0.9448318798224468,0.0442515827849258,-0.9272144617080587,0.07651462927064287,-0.004011500523995366
725,10.989,44.913,0.6304556093391424,-0.19091808881637018,-0.6460088738908497,0.07722408975747747,-0.3442494039457066
726,10.989,44.979,0.6569054591550881,-0.1759881148925338,-0.6578300697637357,0.0842691924060623,-0.31007302642334084
727,10.989,45.045,0.7166981692123031,-0.13209233594528758,-0.7022904348598008,0.05798971002235852,-0.22022543780889217
728,10.989,45.111,0.7987023147533248,-0.07204040809399619,-0.770089322402825,0.0331295148269562,-0.22532995154167468
729,10.989,45.177,0.8412975604277332,-0.030846781499343088,-0.8215814054531905,0.04258758813186418,-0.19117783804967195
730,11.055,44.979,0.6530521851817044,-0.19569186042493983,-0.6173058308268696,0.10415261393188723,-0.3759632860280058
731,11.055,45.045,0.6964986819441304,-0.14574434681427673,-0.6694838108772907,0.04685245082145338,-0.41494116896825034
732,11.055,45.111,0.7914729245649433,-0.0778204247430346,-0.7456724268304293,0.0168743881486489,-0.31869433885291426
733,11.055,45.177,0.8348090314627172,-0.04309833007693038,-0.7899477445673173,0.02141330179620787,-0.27880082340253726
734,11.121,44.913,0.6181493987867518,-0.2445825426059557,-0.5449415029792989,0.15289847085867553,-0.1269766098446864
735,11.121,44.979,0.6387114225740967,-0.21410256031937389,-0.5785509659450288,0.11132480775341709,-0.08718365423245425
736,11.121,45.045,0.6817489798011195,-0.15831332501873988,-0.6385350988726988,0.046664729799329785,0.11529499643739083
737,11.121,45.111,0.7520614481441414,-0.10282934488169052,-0.701387066015316,0.007377063833209583,0.044508028475978824
738,11.187,44.913,0.5768425235584197,-0.2677027092163764,-0.5152470538244631,0.1448307436927403,0.2663256089349377
739,11.187,44.979,0.6218574565486034,-0.23453377082078922,-0.5480282743705999,0.11672245441257946,0.06615103533239111
740,11.187,45.045,0.6634992972351861,-0.1760197014975175,-0.6081985718390338,0.07197643865501885,0.19353733348770227
741,11.187,45.111,0.732822798958541,-0.1296432524116952,-0.6584016799298381,0.031808967713691315,0.3481250445131697
742,11.253,44.913,0.5500377115007732,-0.2784945277005224,-0.5004997729769001,0.14760713908599513,0.21819048706470678
743,11.253,44.979,0.5962307575487389,-0.23697790706527896,-0.5406152575158074,0.1296974533414954,0.04710533300445993
744,11.253,45.045,0.6558824007337221,-0.1885689430234501,-0.5895133943389144,0.10593687067689687,0.02988997865636401
745,11.319,44.979,0.578744392644695,-0.23938943453848388,-0.537282223136524,0.14042306016931033,-0.03505624801673885
746,11.319,45.045,0.6467999330557086,-0.2118140489365306,-0.5652007269364624,0.12752667491954015,-0.048706266485268844
747,11.385,44.979,0.5651354966901475,-0.2453279540926061,-0.5311437234047951,0.14558370559702383,-0.02966792587353821
748,11.451,44.979,0.5532768065997556,-0.24869843248343992,-0.5276370327960463,0.14843141148656755,-0.025907788801708437
