fid,X,Y,Ex,Intercept,NAT_AREA,INDUSTRIAL_AREA_SURR,ROADS_SURR
1,8.481,45.309,0.6948956178444138,0.16303422638340156,-0.056131770728427184,0.2918975612522776,-0.08838641434133285
2,8.547,45.177,0.66886898933314,0.11351471698277274,-0.04631388395628244,0.33992290761074573,-0.2427282227036528
3,8.547,45.243,0.6666933132905543,0.13793171853572758,-0.052237796803867656,0.3180372232780109,-0.15148503822811876
4,8.547,45.309,0.7383122551605188,0.1730514566609181,-0.05732597443225604,0.27673899363159976,-0.045274071063353134
5,8.547,45.375,0.7619851251906851,0.19001562854864287,-0.06231229263195899,0.2535414677794503,0.23939034292899225
6,8.547,45.771,0.4263665109310924,-0.5324281020715845,0.03511366081539237,-0.02873433723601317,0.3134714951847539
7,8.547,45.837,0.3081129119395572,-0.6423982955238683,0.028112917432888736,-0.014083678843021752,0.2734551997154342
8,8.547,45.903,0.1842209177501922,-0.6976030286668857,0.02555744328802636,0.34528245863532525,0.20617659626729534
9,8.613,45.045,0.6644050134488654,0.06434315849665868,-0.03771314378735678,0.3682230685151644,-0.33344115778479677
10,8.613,45.111,0.6598618977041986,0.08386897192264865,-0.03930671562451473,0.359574217159527,-0.3125130897715672
11,8.613,45.177,0.6578802593287569,0.10180033718076412,-0.04292579923126823,0.35761195756131275,-0.24298384193734412
12,8.613,45.243,0.6853857574055549,0.13636781201293927,-0.051491876611004184,0.3262687020361393,-0.11820660519557241
13,8.613,45.309,0.7642547122563896,0.19012429831341077,-0.059086900030958005,0.24868583059375113,0.04309604929887985
14,8.613,45.375,0.7992636268620402,0.21940282406153438,-0.06653056541787064,0.20096235867711404,0.30734177030941096
15,8.613,45.705,0.5868748778548101,-0.3397196497762721,0.044129290310390215,0.017094707854042584,0.35021607704394003
16,8.613,45.771,0.5089372534485315,-0.4552579879306863,0.043073735985746195,0.015255194669020804,0.32623099633075137
17,8.613,45.837,0.3707727052925628,-0.6000515079107971,0.023442696116306713,-0.08400484667750993,0.27463073660475823
18,8.613,45.903,0.2172830097186061,-0.7077683411810601,0.019511835300869813,0.4725345037068858,0.18102112487831085
19,8.613,45.969,0.1082520548599277,-0.7770724587478444,0.016434534021699414,0.6467041453582489,0.10602368660636041
20,8.679,44.979,0.6277590396383689,0.035322057088582756,-0.04132133131483228,0.3862879986726778,-0.37289604700727774
21,8.679,45.045,0.6365923399581207,0.047651135940173533,-0.03585762561527418,0.37914115963314343,-0.34432655755449837
22,8.679,45.111,0.63863766153327,0.06903580140247337,-0.03407405386773041,0.3733891404033475,-0.30348672587762604
23,8.679,45.177,0.6604360681571763,0.09821902826444058,-0.03862643305685796,0.37012108968798196,-0.19313222314922013
24,8.679,45.243,0.7158226675809649,0.14839971909575717,-0.04948628613921674,0.33081698572268425,0.009590268974397227
25,8.679,45.309,0.8094925384064047,0.20121501056887525,-0.06134936172386926,0.2510707516238094,0.17667985641793288
26,8.679,45.573,0.8596392879372879,-0.008825004823845968,-0.07108257998927521,-0.0026552190359617578,0.3794151345404013
27,8.679,45.639,0.8136653589200656,-0.12283259528257626,0.008868683905914394,-0.004745045206338594,0.3704813960023573
28,8.679,45.705,0.7758869501730561,-0.2149435047689232,0.043060587417036,0.01138532998839926,0.3645511994890309
29,8.679,45.771,0.661567040917757,-0.3254867490537705,0.025948205133723708,0.04033625509261665,0.35852142213116234
30,8.679,45.837,0.4829204877588374,-0.5002766090971247,-0.012604533491408897,-0.01352822986700429,0.3238807986222625
31,8.679,45.903,0.281766176007477,-0.6607141638608838,-0.011112420722405307,0.47463449012185976,0.24527367185864934
32,8.679,45.969,0.1354784084131195,-0.7496954581732911,-0.007712388185808142,0.5827067345374011,0.11020958456739412
33,8.679,46.035,0.0303954635187858,-0.783798464587177,-0.011049837073873652,0.5865006485607512,0.031300730991197595
34,8.679,46.101,0.0048550779117574,-0.778067093475314,-0.0165371959815514,0.5605732328945685,0.035475746281464764
35,8.745,44.979,0.6157121602216529,0.013900078587876927,-0.054169468190327766,0.40380101679370567,-0.4506003897937052
36,8.745,45.045,0.6166915432820965,0.018626948339287963,-0.038714977746466164,0.39762519484138303,-0.37304804629592125
37,8.745,45.111,0.6345651994586167,0.04376167732644148,-0.029976780234655644,0.39238370207742646,-0.26214980741186417
38,8.745,45.177,0.678159099515877,0.09272885628644986,-0.03498075918168936,0.375048012458695,-0.05197295214408858
39,8.745,45.243,0.7570257186642475,0.1598912193837846,-0.04810003403842981,0.3271140808281181,0.12734852203333286
40,8.745,45.309,0.8590690151553914,0.2241490909890647,-0.06248253780443141,0.24554932128519352,0.30312642647551136
41,8.745,45.375,0.9569276893627432,0.2914149895202346,-0.08068194514821518,0.19104839811984364,0.4103279224327543
42,8.745,45.507,1.0758980087227852,0.20207269016783386,-0.16302107688567088,0.011098062457581144,0.3942261724400324
43,8.745,45.573,1.028386909681219,0.05113884610240233,-0.1522642818275342,-0.0008003069349330487,0.38455362899358564
44,8.745,45.639,0.9753484232673748,-0.0766088623759108,-0.0961100527537279,-0.009637689048252922,0.37944981632940245
45,8.745,45.705,0.908840758853917,-0.15216844971195334,-0.035234497170286566,-0.005289020491218882,0.3772606645904087
46,8.745,45.771,0.8112587623442505,-0.25556327290998915,-0.04397682928708899,0.01897266027985832,0.3771194549185325
47,8.745,45.837,0.5495299683930179,-0.44236789776138763,-0.07470553330413743,0.07450390261115433,0.35698307984922767
48,8.745,45.903,0.3362985428102039,-0.6031986433189528,-0.05902944125025158,0.3950615265611669,0.2821309032981193
49,8.745,45.969,0.1668470016690546,-0.6962122639977943,-0.03912068118783209,0.48913722866912984,0.15443605330213656
50,8.745,46.035,0.0691976055940211,-0.7547285753926212,-0.029542994092480783,0.5377532493085365,0.0825657053009334
51,8.745,46.101,0.0139292804059642,-0.7660750092287468,-0.02597473625146371,0.536833031956446,0.050120724770911784
52,8.811,45.045,0.6784247191647748,0.03108588444477437,-0.061519806562912005,0.4380939237527577,-0.43723358064101936
53,8.811,45.111,0.6520631809589069,0.046230147482633994,-0.043549478086774986,0.4411511347144411,-0.3345372364151111
54,8.811,45.177,0.6954835707611405,0.09698760063948095,-0.04373002241515266,0.4196743726382984,-0.044093773713126144
55,8.811,45.243,0.8321310844724918,0.1863790976920913,-0.05572501266822236,0.27291721150863235,0.19050573050329384
56,8.811,45.309,0.9471116136465004,0.27356319823135,-0.0795960242218074,0.04909907413445171,0.3635759219313045
57,8.811,45.375,1.0389300575760916,0.3574002774825949,-0.12541526541579107,0.16113088546108612,0.42281573828888724
58,8.811,45.441,1.1523136081274867,0.38207327102681965,-0.18750388723186973,0.04572957748479239,0.4159349174739796
59,8.811,45.507,1.2156029189507038,0.2781021866223921,-0.22406319886754691,0.008312216044822402,0.40199962500578656
60,8.811,45.573,1.2199278837587149,0.1298788116715881,-0.21878084286191896,0.00039834302093755194,0.39361709647119375
61,8.811,45.639,1.0989328985907394,-0.0008206420638610795,-0.19487802154683365,-0.0035881500045815526,0.3889838452984289
62,8.811,45.705,1.0019253438769922,-0.11191604722270335,-0.17910829103759343,-0.008755235866040992,0.3896345114831904
63,8.811,45.771,0.870185153304257,-0.23614373462685817,-0.14189062188655144,0.0061310494261645945,0.38266581680091655
64,8.811,45.837,0.5941787046224818,-0.4370476165854902,-0.10996662461453413,0.10476210802498837,0.35576026953897755
65,8.811,45.903,0.3607872916309786,-0.5923206851212568,-0.08092688318332684,0.3541620508446816,0.2873398543754243
66,8.811,45.969,0.1816152028688108,-0.6549685740214138,-0.05572759511671468,0.4095423811507739,0.1868605757704372
67,8.811,46.035,0.08417663696378,-0.7048135095268871,-0.038998151395651284,0.46473784842605337,0.09245468896654394
68,8.811,46.101,0.0201989384572673,-0.7243656150244793,-0.03317381559031408,0.482616200434797,0.08163812992089078
69,8.877,44.979,0.6198458637830473,0.09395964699506695,-0.1251688358436363,0.7200859513364882,-0.49360391091940353
70,8.877,45.045,0.7200387295694609,0.10295340396204436,-0.10668159517065717,0.5201647307092414,-0.468511519561002
71,8.877,45.111,0.7172792048094604,0.1074179116257781,-0.07937814604026186,0.4686958964907387,-0.408051454314178
72,8.877,45.177,0.7503734181575679,0.1484658495499795,-0.06759856887549168,0.39505258419344325,-0.14037118365273565
73,8.877,45.243,0.8959007372929181,0.25143671496349784,-0.08073946753340297,0.11051717663713775,0.23403759090321974
74,8.877,45.309,1.000156750708801,0.3584075967693836,-0.12802479305682957,-0.0679131405364748,0.39224100140671525
75,8.877,45.375,1.095683145371059,0.4086989515194141,-0.19822231720366962,0.05676265885025042,0.4318374585148097
76,8.877,45.441,1.216691357881264,0.40804561260218875,-0.24886400688761878,0.027107914426376438,0.41640263032257463
77,8.877,45.507,1.3055294016992385,0.31158480532344845,-0.262343470694522,-0.007643352861925629,0.4091228702608647
78,8.877,45.573,1.3236030167512247,0.2050417045503533,-0.25826143973463234,-0.0022473999066867875,0.40771713509636276
79,8.877,45.639,1.2804922215555383,0.10775066252213958,-0.25266942039046825,0.013520333613960872,0.4064564890828016
80,8.877,45.705,1.0712287853462996,-0.0285984747804202,-0.2480391622773667,0.018686589880671574,0.40710659760525203
81,8.877,45.771,0.916546510607214,-0.20931824675665134,-0.18711168925878335,0.02207670915539073,0.39140042873675573
82,8.877,45.837,0.6030826804408222,-0.4422423306378962,-0.11057917528199968,0.07771488704846377,0.35575366587781687
83,8.877,45.903,0.3863473748899997,-0.6005715201572823,-0.07499934920224587,0.2821263359404459,0.28945540050294694
84,8.877,45.969,0.1941329239841149,-0.6381940087096096,-0.05314102212010071,0.37041943385424336,0.20566421189783934
85,8.877,46.035,0.1096800595102502,-0.6673488766352343,-0.04246266047380235,0.4162893511733128,0.13277293988596608
86,8.877,46.101,0.0265388009250527,-0.6892386853736714,-0.03918550496735952,0.44461183261776727,0.10585674718831983
87,8.943,44.913,0.3654559108025333,0.02347378597718341,-0.13718795156927938,0.7591471480097867,-0.5048121424361709
88,8.943,44.979,0.5420388053159307,0.08902235282588557,-0.15080250588838662,0.7369878416672311,-0.49576897789006247
89,8.943,45.045,0.712052614644169,0.14807995403456034,-0.1490757470943036,0.4919727680888014,-0.47114542696541595
90,8.943,45.111,0.7432890670074127,0.1678079089370554,-0.13469280928258248,0.34076935028911315,-0.40564222276364553
91,8.943,45.177,0.7892502835528908,0.20831343245810102,-0.12199655803276102,0.2365380419238936,-0.1886697031457657
92,8.943,45.243,0.9423052447149248,0.31380301410588746,-0.14368993811720285,0.034605160534780716,0.22549408444440866
93,8.943,45.309,1.0340284835242906,0.392733946778412,-0.20463425575417815,-0.09789813580046366,0.3840609920325111
94,8.943,45.375,1.1271410948677203,0.4048131320575348,-0.2571408097181185,-0.04168279162700515,0.40522253404044295
95,8.943,45.441,1.2654368276467292,0.38130247882927826,-0.2818748425505447,-0.028168155292546355,0.4065027591148316
96,8.943,45.507,1.3418521851936895,0.32455359774322673,-0.28617726441362346,-0.025676813582655857,0.40855765676550315
97,8.943,45.573,1.3624288828561697,0.26952749375847684,-0.2925424686948506,-0.007974964258143327,0.416036911255532
98,8.943,45.639,1.3222151997702194,0.20551012926668782,-0.2976413582304584,0.025249559845919728,0.41940385555782206
99,8.943,45.705,1.112703321084758,0.06027316251444685,-0.2976042545493375,0.05308555024414513,0.4173288470753089
100,8.943,45.771,0.9427873603502156,-0.1764052729209853,-0.19838487482281697,0.04706602966116623,0.3947653896101643
101,8.943,45.837,0.6374082030174297,-0.4282625342050955,-0.08546501448959835,0.02291844868147093,0.3536885385572335
102,8.943,45.903,0.4232338420369385,-0.5694742710644443,-0.0552650790003087,0.17729605805703436,0.2830764264595379
103,8.943,45.969,0.1973727444262702,-0.5860788355552347,-0.04522733309543112,0.31806481896915006,0.20762157263719055
104,9.009,44.913,0.2816704351442325,0.012937226306374942,-0.1314873689706426,0.8991818500951805,-0.506062040049879
105,9.009,44.979,0.4438982914794436,0.07325782540079304,-0.16995057960453924,0.7833054552686111,-0.4890636043519764
106,9.009,45.045,0.6745787130981895,0.16771271001310076,-0.18957045418500884,0.5242514767371969,-0.4513809791690575
107,9.009,45.111,0.7647497494403018,0.21132969000787052,-0.19244336752795915,0.2529576103759111,-0.3723930701922089
108,9.009,45.177,0.8765423275176334,0.26086511427104925,-0.19237688954390048,0.1422746920978603,-0.17661450031739412
109,9.009,45.243,1.005594515990183,0.3209497035038564,-0.21564567424768827,-0.016818400023836055,0.18940982417943042
110,9.009,45.309,1.0773410392246907,0.3471200306885232,-0.25043874573377367,-0.10913502424761314,0.34830073342733103
111,9.009,45.375,1.1595440032993,0.33187385252406115,-0.27204815070366173,-0.08959510512648272,0.3794607760268839
112,9.009,45.441,1.2673353274236914,0.3195313608270002,-0.289850464444334,-0.06981958737147508,0.39166383954338724
113,9.009,45.507,1.33565618007499,0.30087236264309913,-0.30395876082085826,-0.052347060461329545,0.39985965268075935
114,9.009,45.573,1.360472577145645,0.274918101972074,-0.3220728209245346,-0.034468971288842756,0.411343274460665
115,9.009,45.639,1.3431354373708144,0.21972092183180125,-0.3361030093696774,-0.004676651068786637,0.41710107437580196
116,9.009,45.705,1.1948397261199568,0.06728274297405624,-0.33488380266089346,0.021766599260161612,0.4138048567869793
117,9.009,45.771,0.9769015441261236,-0.16476380482165637,-0.19092736566597276,0.01948572086600651,0.39333880049245773
118,9.009,45.837,0.6713889761475059,-0.38773768744404546,-0.07104623204530636,-0.027905402880805542,0.3556812655789146
119,9.009,45.903,0.4475405054626553,-0.480886999316114,-0.04378186129408473,0.09557702705068566,0.27792398995234513
120,9.009,45.969,0.2238064596788498,-0.5149853120516281,-0.04303324985576071,0.2696240326481222,0.19448376925972166
121,9.009,46.035,0.1148587832865997,-0.5651973878241858,-0.05316876634326094,0.35564860137655735,0.14252131532419787
122,9.075,44.781,0.1111134828022188,0.0346691460841877,-0.0865746526816302,1.0832244090354854,-0.5023878762391991
123,9.075,44.847,0.1624048253229149,0.03586746110297224,-0.0826289713498776,1.0571804040430384,-0.506465083708715
124,9.075,44.913,0.2295498740866102,0.030753496873411702,-0.12547443268802372,1.044281010998856,-0.492210795004497
125,9.075,44.979,0.3617690720887033,0.08640393966348439,-0.1949108169948349,0.9948362572553135,-0.4654300589604561
126,9.075,45.045,0.6204869283125612,0.17841792872215342,-0.22708648661635672,0.7412208522654935,-0.41843561082088243
127,9.075,45.111,0.7769555590977874,0.23556199464171357,-0.23967078567798017,0.27367420363759365,-0.3452690120773793
128,9.075,45.177,0.9171635830817112,0.27498226686876515,-0.24963327322967388,0.03771806269687049,-0.1541429745777811
129,9.075,45.243,1.0468484158618878,0.2961574495386363,-0.2642144872162689,-0.1020549554737307,0.1903921355019026
130,9.075,45.309,1.1147890544343255,0.2866856683831992,-0.27715263686424285,-0.0918185427002559,0.34337471729568836
131,9.075,45.375,1.189203443442276,0.2786431321070234,-0.28570771981878434,-0.08977236097705063,0.3725379397596794
132,9.075,45.441,1.2704949720686372,0.26395789645962725,-0.30140731451303465,-0.08401252504552484,0.38352856563938237
133,9.075,45.507,1.3352695064961415,0.25512186728632286,-0.3199081282822155,-0.07234074009981867,0.39177327455529276
134,9.075,45.573,1.3640200290776,0.24203032917365064,-0.34352982504170937,-0.05811139330263362,0.40057846120253127
135,9.075,45.639,1.3606425674565428,0.17200296315755437,-0.3601582832258251,-0.043062098913960956,0.4044905428484262
136,9.075,45.705,1.222110535446097,0.0269374800147736,-0.3480354284036441,-0.03321690964624918,0.4020718927220595
137,9.075,45.771,1.0054978867918924,-0.16829932225858257,-0.19800548972466486,-0.035748052580646505,0.38882940772482016
138,9.075,45.837,0.6553697984752433,-0.3408509161172012,-0.08155494821335699,-0.031180772726535973,0.3590200729636843
139,9.075,45.903,0.4262863776259674,-0.4110677436687088,-0.04985560466372636,0.11277479692902652,0.2732964473931607
140,9.075,45.969,0.2376152402217702,-0.46932252780674594,-0.05022848613201181,0.2618561846916596,0.16753201577549093
141,9.075,46.035,0.1038744167403714,-0.5533537636100113,-0.06695244340545929,0.36980008072252984,0.1210993172130282
142,9.075,46.101,0.0259152531972974,-0.6050829714272201,-0.08261641391009664,0.43111792401351173,0.09997469943421328
143,9.141,44.781,0.0660157886494548,0.019764397688001208,-0.0902765331298018,1.11956872593666,-0.4590160948651965
144,9.141,44.847,0.1435162824769106,0.043427954580543195,-0.09106304613202178,1.0892702509987386,-0.4644741705528394
145,9.141,44.913,0.1604696616437343,0.06561800989771864,-0.13176840137540935,1.0608317887157357,-0.4502264089803319
146,9.141,44.979,0.3128971378370018,0.10754432527155389,-0.22390719925125913,1.000954150604815,-0.4236226261595488
147,9.141,45.045,0.5879835427980971,0.16908849422176803,-0.2537655665061444,0.7972820305793604,-0.3907119155198142
148,9.141,45.111,0.7666280050564186,0.20971836192581994,-0.2685905999867497,0.35539527605941024,-0.3306418986656542
149,9.141,45.177,0.9371783372019042,0.24416657386300072,-0.28216951448641914,-0.07055553075871339,-0.14216379491238312
150,9.141,45.243,1.075600385239517,0.27196634335091396,-0.29819539417880586,-0.09292599021326003,0.20778771283453584
151,9.141,45.309,1.1551233719782068,0.28559846899794916,-0.3104957434850097,-0.06846510222210603,0.3538678742248712
152,9.141,45.375,1.2162860703963292,0.2891606429850203,-0.3187602627112395,-0.08057174821777824,0.37589005849267354
153,9.141,45.441,1.29190677102696,0.2619368414318744,-0.3305388157305376,-0.08473803943445186,0.3827487457226125
154,9.141,45.507,1.3624637509734492,0.23250277831992955,-0.3433525008366387,-0.08065293012835924,0.3881830030977589
155,9.141,45.573,1.3920729915736652,0.2088965945753827,-0.35877857147144454,-0.07157789841621957,0.3932468483490131
156,9.141,45.639,1.3752030779790587,0.13111107121906607,-0.36330671176525,-0.06243303346365602,0.3944348244742445
157,9.141,45.705,1.211800083699934,0.004758688690368929,-0.3252089020118063,-0.05863074171932496,0.3929321762158823
158,9.141,45.771,0.98412071756454,-0.1478856850456073,-0.1905945209853671,-0.05626928383698921,0.38646886937224045
159,9.141,45.837,0.6101783554899352,-0.2853344686054764,-0.09051201652616994,-0.002380838423440862,0.3677728693060772
160,9.141,45.903,0.374249503620119,-0.364352887908581,-0.05554982672047016,0.15987577741351883,0.2748746495273063
161,9.141,45.969,0.2263627690965472,-0.4443275229984896,-0.05008571670445969,0.2874546281481021,0.14422238847614138
162,9.141,46.035,0.1231066881243136,-0.5424180152952156,-0.07086541119460474,0.38525388377532294,0.10899504694104362
163,9.141,46.101,0.0266607247123642,-0.5972518993149294,-0.0828974396422879,0.4295231747670208,0.08696434058941824
164,9.141,46.167,0.0038717343868622,-0.6231390215920956,-0.08526480102734457,0.43781732978209403,0.06950978881214671
165,9.207,44.715,0.0028555675059996,-0.014925928634319355,-0.09024926991280739,1.1731573062668361,-0.3897132957252153
166,9.207,44.781,0.0350060964180846,-0.00874179462028165,-0.09451889453562085,1.1664487064906846,-0.4012419702537821
167,9.207,44.847,0.1266635326965568,0.04134463732450554,-0.10364112153424306,1.1076278672172837,-0.4052445823614995
168,9.207,44.913,0.1768230270845684,0.08808717838510717,-0.15039395628362134,1.0489827039673678,-0.402361813259693
169,9.207,44.979,0.2872889496269609,0.12589488066680288,-0.24084536571702297,0.9887277490090852,-0.3908042154813004
170,9.207,45.045,0.5522878063007362,0.16365975545322314,-0.26837419093307946,0.7981810870026085,-0.37164889853270766
171,9.207,45.111,0.7672268688156413,0.18251487530544908,-0.28746845106155,0.4321933696963326,-0.3200968436798214
172,9.207,45.177,0.940506119994996,0.22318075835749385,-0.30675756071318616,-0.008356915959556895,-0.11905265926582696
173,9.207,45.243,1.100389075669154,0.279894997106276,-0.3293357471365361,-0.0721205828108828,0.2414727878520053
174,9.207,45.309,1.2353080808372268,0.3135896122885015,-0.35110306735977903,-0.06136031285675868,0.368251548387546
175,9.207,45.375,1.306855611924158,0.32862761589194284,-0.36443763789527794,-0.07454525764146464,0.38402483993738523
176,9.207,45.441,1.330867344071952,0.30168070645327194,-0.37311044405018634,-0.0805502083001273,0.3870429134226694
177,9.207,45.507,1.4086188953306298,0.259404317357151,-0.3787234879713951,-0.07960281059645061,0.38940544371181485
178,9.207,45.573,1.444515365008553,0.21161087281724938,-0.3852129854227212,-0.07509077360279,0.39227796860809727
179,9.207,45.639,1.4272022572102063,0.11686739897990638,-0.3789326770296999,-0.0722793734418262,0.3918196436248447
180,9.207,45.705,1.246908639388556,-0.0034233569946343348,-0.32531823224097156,-0.07644837260093953,0.3895396570496364
181,9.207,45.771,1.0183349214246946,-0.11974498582787946,-0.18803349249310466,-0.06816319714067695,0.3837059538857466
182,9.207,45.837,0.6420432831467836,-0.23369838637558316,-0.09693755843612613,0.00031583284608445797,0.3707726265158672
183,9.207,45.903,0.4003172813324369,-0.31974282876476956,-0.05815610814119737,0.19907239704563728,0.2861065749156565
184,9.207,45.969,0.2463290134264456,-0.422636583893144,-0.04678527172777566,0.32331502069121154,0.13900800875773228
185,9.207,46.035,0.1515914813772014,-0.5371432148167659,-0.06854667658573489,0.4096523139806805,0.10120762321487853
186,9.207,46.101,0.0463125783228874,-0.6106028952972187,-0.08140309088354697,0.4503588125596346,0.07686747170076878
187,9.207,46.167,0.0047534583322759,-0.6442707601865678,-0.0862288797620725,0.448743614709856,0.060024413251204
188,9.207,46.233,0.0,-0.6559479153803465,-0.09034814093161452,0.42703310458429866,0.04638265850022137
189,9.273,44.649,0.0,0.0013048922767415786,-0.08853698280538569,1.1548873919995593,-0.3714543222049894
190,9.273,44.715,0.0032352740527186,-0.0070442620879051735,-0.09097641967401437,1.1652495737526356,-0.3726069404598765
191,9.273,44.781,0.0302531468922737,-0.0034656282011328206,-0.09670076421447288,1.1641109304512152,-0.3748276001888165
192,9.273,44.847,0.1258847542858092,0.052258090587841026,-0.1111874105101883,1.0990275531065516,-0.37954829721044975
193,9.273,44.913,0.1786623499320525,0.09822837267280443,-0.15532843874141855,1.0404434605034472,-0.3807729760468398
194,9.273,44.979,0.2889119055901671,0.11606979493489315,-0.2349339051185265,1.0055895459630673,-0.37524663819648607
195,9.273,45.045,0.5472840930532136,0.14375071505602188,-0.27336570435497326,0.8851759383221641,-0.36079359258003574
196,9.273,45.111,0.7725799553252474,0.17923539514373277,-0.29665586126300697,0.5889402949430768,-0.3040995846100913
197,9.273,45.177,0.9784908099739256,0.22783745441339817,-0.32385964178560706,0.16692740616981394,-0.05204844705978104
198,9.273,45.243,1.1550939440781822,0.28713328714181596,-0.3524207854581899,-0.06718352845777514,0.2813774319356157
199,9.273,45.309,1.2620348113130526,0.33185896341873744,-0.381877467326755,-0.06440045216492257,0.37563884997207997
200,9.273,45.375,1.3477820371175817,0.35999411974994044,-0.40445560705687267,-0.0701864299764372,0.38966297291367036
201,9.273,45.441,1.3674515395761049,0.35459369509359895,-0.4171666515780875,-0.0746250699493344,0.39157735001303934
202,9.273,45.507,1.4503781653891177,0.3191308686623197,-0.42340417140270437,-0.07388217361159727,0.3934663156494995
203,9.273,45.573,1.4911875462004531,0.26916628639546525,-0.4235715778593231,-0.06874852292612574,0.39491221677999544
204,9.273,45.639,1.469818426081334,0.16338234675574578,-0.41010979833744465,-0.06702994144134546,0.39366890571743757
205,9.273,45.705,1.2644721648639718,0.0331200015671564,-0.356817807113028,-0.07335402479478997,0.39039476428772846
206,9.273,45.771,1.0556968365089032,-0.10564521106931371,-0.20987862539215907,-0.08006714082597757,0.3846515707462995
207,9.273,45.837,0.6877079187371378,-0.22527821445638646,-0.10003927296553453,-0.03126142603626578,0.36933503356059016
208,9.273,45.903,0.4337344226178521,-0.31317098334457794,-0.06717668749726642,0.24193495085536948,0.29292674225511556
209,9.273,45.969,0.2636552379645626,-0.42144763313690653,-0.06109112991742098,0.38385125946274123,0.1383526733289597
210,9.273,46.035,0.1619001314941166,-0.5468311888303999,-0.07773435540831097,0.4534578930415094,0.0940299858068655
211,9.273,46.101,0.060657466781022,-0.643404944845798,-0.0879398610223262,0.49499199093206125,0.07216555351333212
212,9.273,46.167,0.0104874511857958,-0.6870401508876918,-0.09438320880222352,0.4804820558266101,0.0555271739665367
213,9.273,46.233,3.548348352361643e-05,-0.6906018705490901,-0.09800302824369264,0.4348588158076649,0.0421633562574011
214,9.273,46.299,0.0,-0.6990647382753752,-0.10291034212700714,0.41328002815398746,0.032400482898527753
215,9.273,46.365,0.0,-0.7112740385547409,-0.10807073439317043,0.4115992727255089,0.026049526208636275
216,9.273,46.431,0.0,-0.7161348916198506,-0.11099272559510047,0.4133074874577203,0.022344675655171106
217,9.273,46.497,0.0,-0.7141971721253124,-0.11265983004394806,0.41020892179407575,0.020671822592782114
218,9.339,44.715,0.008666299702736,0.00669461309687914,-0.09212368126026216,1.150832904619648,-0.3677935234231121
219,9.339,44.781,0.0428447629956618,0.015485138629706338,-0.09749648523147289,1.1430785034899333,-0.36883274342395383
220,9.339,44.847,0.1388267241111002,0.05942897983621743,-0.1154882394194118,1.091691550135364,-0.3731506121733506
221,9.339,44.913,0.1739283857994909,0.0932295727963384,-0.16463563600991887,1.044586542527416,-0.3751453902871778
222,9.339,44.979,0.3003959737823734,0.09116255826174097,-0.23877747871912597,1.0364691238494097,-0.3677531485164469
223,9.339,45.045,0.5607019971238447,0.1145233035779748,-0.2777717149315384,0.9837316703532615,-0.3486013218732511
224,9.339,45.111,0.8127017357213265,0.1570024212292248,-0.3030611988948281,0.8390329004510213,-0.24339810812215884
225,9.339,45.177,0.9860166152176192,0.20889671619709807,-0.3339681506871009,0.055239399921315734,0.07041850783393831
226,9.339,45.243,1.171564597955954,0.2741090904983059,-0.3691594389328836,-0.09454259566857484,0.31110458711740807
227,9.339,45.309,1.2896275322378932,0.34243969576346833,-0.40638677367513065,-0.07298485338806368,0.3746972117794378
228,9.339,45.375,1.3911603259202363,0.3951205296813707,-0.4407359142619417,-0.06789906616083981,0.3922062428705444
229,9.339,45.441,1.451559699292632,0.41414266943658484,-0.4653156340482779,-0.0719600066111365,0.39754102293248783
230,9.339,45.507,1.4931333321538551,0.38878461823510324,-0.4800107205048876,-0.06969597811240556,0.40070815932536225
231,9.339,45.573,1.5341367352525723,0.3361632989181864,-0.4777737244913848,-0.06115806635508576,0.4012528280406853
232,9.339,45.639,1.4776469050387315,0.23623387422376688,-0.45728812934537544,-0.05270100578824924,0.3995134232014509
233,9.339,45.705,1.2402386717539309,0.0914002929540774,-0.40036111614025827,-0.05780354952093952,0.3956122878948711
234,9.339,45.771,1.012689944787337,-0.07471516681332077,-0.24025297118347275,-0.06068050017536576,0.38776642234285774
235,9.339,45.837,0.6877425045259319,-0.23132846930051973,-0.11706284372432356,-0.04311719832933053,0.3663614331993914
236,9.339,45.903,0.4344810946771307,-0.32403967070720324,-0.09562602649517345,0.33561019464445074,0.2631828468580431
237,9.339,45.969,0.1835874808575223,-0.41923991810374445,-0.09783948194097922,0.4382265733748836,0.11155302582962773
238,9.339,46.035,0.1187260595638583,-0.5378650142364347,-0.11001169929127577,0.4720875701267065,0.0816465193769228
239,9.339,46.101,0.0679943528741507,-0.6563488442457692,-0.11580633863331075,0.5258728363504006,0.07333104100151555
240,9.339,46.167,0.0223489665498173,-0.7336935940884046,-0.11782254988610558,0.5453886164109326,0.0596122425483486
241,9.339,46.233,0.0017669030202457,-0.7474363020659572,-0.11364100398615176,0.48579815765608336,0.042296938695071305
242,9.339,46.299,0.0,-0.7301816751795523,-0.11347526647858763,0.4327976861624294,0.030460341013126
243,9.339,46.365,0.0,-0.7217296914640967,-0.11373982308439767,0.4203402173585518,0.023460575568643532
244,9.339,46.431,0.0,-0.7186055591410853,-0.11468720389422432,0.415044065889008,0.020393378817827768
245,9.339,46.497,0.0,-0.7135075808962261,-0.11525416551953932,0.40893292453412916,0.019093365048460417
246,9.405,45.045,0.6196617052180594,0.10201072469348912,-0.2843023595347034,1.0402912303872822,-0.319970970999342
247,9.405,45.111,0.8341467395855381,0.13711348743759977,-0.3095561869673038,0.9568190719219951,-0.13667385178463723
248,9.405,45.177,1.002813753976141,0.19190405237307007,-0.34524622426153595,-0.07146366667454707,0.1707390024666158
249,9.405,45.243,1.1855290647084429,0.28584963453075285,-0.39303071947045476,-0.09772516013832047,0.3255928361160671
250,9.405,45.309,1.3680022494766646,0.39479054778904893,-0.44335422362593174,-0.06753214805205632,0.3770286211527942
251,9.405,45.375,1.437538766842973,0.47605365569334074,-0.49056383355932237,-0.053156553906560364,0.4002823058053555
252,9.405,45.441,1.5243779557406412,0.5130791313725016,-0.5238195820743283,-0.0583585259227537,0.40671192215149404
253,9.405,45.507,1.59644510306807,0.4877084868826348,-0.5396472201848426,-0.05714612431984838,0.4085798053681121
254,9.405,45.573,1.5682369893584396,0.4090262503321832,-0.5340445382947668,-0.04577000436506728,0.4084901036192037
255,9.405,45.639,1.4825482418027771,0.30146042722045974,-0.5078852778084408,-0.03322426578369232,0.40854695357897364
256,9.405,45.705,1.2193123943011364,0.17017561798661454,-0.4121036571262128,-0.021097092121698444,0.4048215594566449
257,9.405,45.771,0.9478365317796236,-0.007605847440246836,-0.21433037555774226,0.0036943762009303723,0.3946965877711262
258,9.405,45.837,0.6270255764216635,-0.17649959413876637,-0.13477939831741978,0.10865042839973255,0.35081217808185483
259,9.405,45.903,0.3688951425127476,-0.29672352636713323,-0.12351061013251718,0.42943622443371776,0.190206175769158
260,9.405,45.969,0.1517141986943124,-0.40190021792081493,-0.12430928912857506,0.4643348129847752,0.07975124292744606
261,9.405,46.035,0.0935713428856904,-0.5152780639552103,-0.13363188446125981,0.4680882433344788,0.06759882083107714
262,9.405,46.101,0.0456491999340302,-0.6407700528942466,-0.14507883828844204,0.5257117951302206,0.069931804758145
263,9.405,46.167,0.0234518305984622,-0.7480764493274614,-0.15296112083774277,0.6006511722440971,0.06501881020825591
264,9.405,46.233,0.0006128309558829,-0.7802545620082162,-0.14101379050598842,0.5422789498039926,0.04172122974243744
265,9.405,46.299,0.0,-0.7509702919359018,-0.13002927309006956,0.4510415001179417,0.02629497498487527
266,9.405,46.365,0.0,-0.7218159131121686,-0.12326427530371575,0.4182428724542204,0.01992765729505424
267,9.405,46.431,0.0,-0.7130581353828541,-0.11977268214310767,0.4081954376962061,0.018071053022384778
268,9.405,46.497,0.0,-0.7095839469446689,-0.1185245188169053,0.40436381260347387,0.017471808323629278
269,9.471,45.111,0.8770077148935277,0.13555837805586668,-0.3358833352734766,0.538438455957035,0.009122991255007781
270,9.471,45.177,1.0507678560729783,0.2016033161305102,-0.3772914572587373,-0.08322941562145057,0.22821637749818208
271,9.471,45.243,1.239155767692074,0.34008199147754997,-0.43331279436670933,-0.054125023628605835,0.3366804479264286
272,9.471,45.309,1.4296384028785707,0.47971530890658387,-0.49730252622954063,0.0014569005388648734,0.3855249438836109
273,9.471,45.375,1.469985011049299,0.5676408398278718,-0.5536121466218891,0.015341064443301727,0.41523784013610043
274,9.471,45.441,1.5641902270416488,0.6132530037227739,-0.5929585268515994,0.015110730250734965,0.4233550039432835
275,9.471,45.507,1.6381429331749762,0.5990342057896394,-0.6093879254992023,0.004616682057085143,0.42216005170920107
276,9.471,45.573,1.586348741825659,0.49628082852653477,-0.6001306932205304,0.0017430274972957023,0.4188483639269771
277,9.471,45.639,1.4866426420091912,0.3721224661734761,-0.554328295748405,0.012155619685513822,0.4153513804847112
278,9.471,45.705,1.1955514399804932,0.2286553386875453,-0.4125124994460669,0.03344123711904441,0.41137236835083946
279,9.471,45.771,0.8931777369187246,0.05471927195158936,-0.2122521775919068,0.09717815277816741,0.3962612216080911
280,9.471,45.837,0.5383691826196594,-0.1168886397678226,-0.15234668608265609,0.33174537977844587,0.3053960522627919
281,9.471,45.903,0.2975941453614745,-0.261818769378724,-0.14574686476881804,0.45583506177619765,0.12732017892328915
282,9.471,45.969,0.1230520130708472,-0.38587335698957975,-0.14586423008637656,0.4716889660713752,0.0721818536406655
283,9.471,46.035,0.0656273877475791,-0.5018364652790368,-0.15190310251786754,0.4746988999093361,0.06332628138655041
284,9.471,46.101,0.0319017925505836,-0.624282638615101,-0.16215490169883862,0.5227106992970498,0.06223390380990254
285,9.471,46.167,0.0120384386518615,-0.7258804846016489,-0.17094400898535028,0.5860576177445942,0.05527134676510631
286,9.471,46.233,0.0,-0.7576689440746815,-0.15913363831953742,0.516611568331242,0.02968298386887605
287,9.471,46.299,0.0,-0.7325262038200865,-0.14357570430537664,0.43005612401502896,0.01692625010896532
288,9.471,46.365,0.0,-0.7113035349705434,-0.132790150023137,0.40911177272338584,0.01382279171418075
289,9.471,46.431,0.0,-0.7093806156685561,-0.12565240607229247,0.40560178952735493,0.014336382658602903
290,9.471,46.497,0.0,-0.7093550953903223,-0.12202914504151181,0.404888919827861,0.015078356354478373
291,9.537,45.111,0.9018816542446844,0.1610597076878279,-0.37975807219623625,-0.23750978411398013,0.1024669172942473
292,9.537,45.177,1.076592563514824,0.24177088253596773,-0.42253458834453017,-0.11865378581595683,0.24447743878056485
293,9.537,45.243,1.294518708472112,0.3926753903485807,-0.48490547367767917,0.00984631093595572,0.3472550668505495
294,9.537,45.309,1.4529536824595943,0.5412408124283861,-0.5527093576524524,0.08205894156689013,0.3971759329513796
295,9.537,45.375,1.488908544699141,0.6163039969885376,-0.6074520412037064,0.049051848444728575,0.42303403523354927
296,9.537,45.441,1.6023652128356,0.6637083621223852,-0.6476095593661763,0.06708498960227331,0.43311474081509205
297,9.537,45.507,1.6654501398061483,0.6716385940451568,-0.6630571123415503,0.05392170580149262,0.42838240041351666
298,9.537,45.573,1.5851638058748756,0.5619640511951461,-0.6498338615247442,0.036860094656762335,0.41945131319019857
299,9.537,45.639,1.488044795125373,0.39114239590447103,-0.5880438122274829,0.03500049607498025,0.40751178226706153
300,9.537,45.705,1.1518526182649342,0.20573401057299542,-0.4370610432782053,0.032047268475253805,0.3973944539532081
301,9.537,45.771,0.7442943210244393,0.03356261771197634,-0.2405080000932622,0.05762480105608635,0.36857334468717456
302,9.537,45.837,0.4318779886867272,-0.11055802184529892,-0.17888047555752523,0.3608644678916,0.23649610828059503
303,9.537,45.903,0.1756969511522846,-0.2598155187553877,-0.16895269609098051,0.4591137598558892,0.10004271573299674
304,9.537,45.969,0.0920997633272952,-0.38421335451371796,-0.16674625554326714,0.4799858172105358,0.07140089117919377
305,9.537,46.035,0.0233322203667585,-0.4922945043576934,-0.16790978212359114,0.48313366577900596,0.06164648646232026
306,9.537,46.101,0.0111384896886258,-0.6115843435355288,-0.17257616022577882,0.5290911319746094,0.05552725170608912
307,9.537,46.167,0.0050855130597021,-0.6900490417792305,-0.17640373386305214,0.5503008851953757,0.04112776211266894
308,9.537,46.233,0.0,-0.7086593937101769,-0.1641653322024459,0.47160225029216807,0.015228449110912957
309,9.537,46.299,0.0,-0.6950996325287896,-0.15174536817600887,0.40856655458420765,0.006535094933537404
310,9.537,46.365,0.0,-0.695343065632748,-0.1407629638706886,0.40243820192039886,0.005933805306375588
311,9.603,45.111,0.941118199539656,0.19923965912225636,-0.42356395339209213,-0.2905831851063369,0.09197605604941136
312,9.603,45.177,1.140941377345188,0.30753689790192956,-0.46731200203531864,-0.15389866549316691,0.22380302204049135
313,9.603,45.243,1.3197891128176595,0.4577662859963153,-0.529024716239733,0.08839595697321087,0.3432687142436851
314,9.603,45.309,1.4601676696225958,0.5930765468545219,-0.5945477629458941,0.14449562039086744,0.3935532800982664
315,9.603,45.375,1.5171885761966404,0.6537300081561697,-0.6388200565050206,0.01780900695175805,0.3955161102284515
316,9.603,45.441,1.618213892664823,0.6913056613452796,-0.6725999613549694,0.05377852255537405,0.4066726783367543
317,9.603,45.507,1.68400748369862,0.704699322938763,-0.6836793538063153,0.05657225107599541,0.4041625856657226
318,9.603,45.573,1.6446351700842627,0.5773684040374789,-0.6642681264725253,0.030433015219620437,0.39512366253066805
319,9.603,45.639,1.4784722709453078,0.35932548815292065,-0.5920440472127575,0.016895665696240847,0.37530647682902174
320,9.603,45.705,1.103332546599631,0.14078258591259077,-0.4487689811441045,-0.0011842547975545736,0.3522475381903334
321,9.603,45.771,0.6700472328903986,-0.020118586667491493,-0.2698194122317286,0.008823266097206323,0.30285238533888287
322,9.603,45.837,0.3894713449029527,-0.13512866132566895,-0.2052034238220542,0.33857989156904683,0.17717482752689903
323,9.603,45.903,0.1585121567072629,-0.27863573862006585,-0.19001028727974595,0.4718836242132227,0.0913334685021823
324,9.603,45.969,0.0634300894295995,-0.39237611401168115,-0.18353507791576845,0.4959872421385543,0.07079666274138047
325,9.603,46.035,0.0160829097356706,-0.4881607692055497,-0.18023219014585895,0.4969934482845807,0.05972485354482654
326,9.603,46.101,0.0055664854513794,-0.593333606075526,-0.18193847775146194,0.5302996741892879,0.0517545796987561
327,9.603,46.167,0.0,-0.6626658812912685,-0.18082203465274677,0.5418301563371261,0.03248582123620121
328,9.603,46.233,0.0,-0.6740193079881049,-0.16764828984893035,0.46912654815058885,0.006439843432437044
329,9.603,46.299,0.0,-0.665542220591722,-0.15852878516659574,0.415896704715606,-0.0015736159138917379
330,9.669,45.045,0.8390297306665447,0.11896122945230422,-0.4268999896992587,-0.3077790962945788,-0.019647261030685093
331,9.669,45.111,0.9936668910712784,0.2223069162035691,-0.45735019549401945,-0.2703735098668055,0.038897195638625516
332,9.669,45.177,1.1585446133657655,0.3760294022744428,-0.5061590421879711,-0.13294712984318463,0.16396085556935341
333,9.669,45.243,1.3340883365656775,0.5227863228011134,-0.5688103084020195,0.1616798631684021,0.33940945642926706
334,9.669,45.309,1.4561847507186887,0.6450523359286828,-0.626323947048379,0.22350813620608995,0.3809033541861838
335,9.669,45.375,1.5217763591640103,0.6921365665465242,-0.656976783069998,0.010521777478446837,0.3519460390630957
336,9.669,45.441,1.622688744237852,0.7152928776266965,-0.683007958065519,0.04080942982599965,0.3707600529459155
337,9.669,45.507,1.670613139226072,0.7245450176492354,-0.6892634254219989,0.048203672991517746,0.37729036736833843
338,9.669,45.573,1.622330121147555,0.5903429874490997,-0.6625933005381899,0.02373960353641113,0.37060764410066516
339,9.669,45.639,1.4480431220568726,0.35352683427109954,-0.5795696440182809,0.0065410181679317544,0.34593711416368034
340,9.669,45.705,1.054180022873724,0.1167430651040835,-0.4387020761586594,-0.018374604694639227,0.31436141790977
341,9.669,45.771,0.6221569326371463,-0.0377931173101246,-0.2748119205929796,-0.002315111600054041,0.25030431434912737
342,9.669,45.837,0.3680187762172384,-0.14986537786227697,-0.2162765605149897,0.332850433812422,0.138939829145386
343,9.669,45.903,0.1495217685982725,-0.2887679696018269,-0.2017384714205907,0.4850018094930685,0.08376913347270987
344,9.669,45.969,0.0503207581341369,-0.4015795350622009,-0.1929957885667376,0.5169263345726761,0.06600520993593291
345,9.669,46.035,0.011462785326186,-0.48274210562789505,-0.18821964044212477,0.5083125319024875,0.055676867013967624
346,9.669,46.101,0.0022922242296133,-0.5783239104346232,-0.18806774221842776,0.5350071950192632,0.04751875167481573
347,9.669,46.167,0.0,-0.6484495541208235,-0.184614270771364,0.5516292381052335,0.028519798891007576
348,9.669,46.233,0.0,-0.6600246366020144,-0.17254963309650487,0.4869339730430417,0.0031598845417273092
349,9.669,46.299,0.0,-0.6434608896116971,-0.16545226966473098,0.43270273251559643,-0.006506097060304498
350,9.735,45.045,0.9196440795891058,0.1532456417566423,-0.44773628996209314,0.04961726576364489,-0.040796468975894076
351,9.735,45.111,1.0806757804372455,0.2711565634738855,-0.48175663473880875,-0.13711635995434332,-0.020474287164824648
352,9.735,45.177,1.2245279663171365,0.4441149986829088,-0.5386424796301577,-0.10138448895148224,0.055836262875212594
353,9.735,45.243,1.3490518012435413,0.5785208241972969,-0.5967259263301541,0.16694497249657053,0.25456957867052005
354,9.735,45.309,1.4392852486593433,0.671394412530404,-0.6394484354233627,0.26686509299525407,0.33592827899689126
355,9.735,45.375,1.4940062217003949,0.6995463081118652,-0.6601998785453758,-0.007290127115215261,0.31944897856205157
356,9.735,45.441,1.5546068775305637,0.7201080669684751,-0.6787459642149811,0.04699748498668056,0.3496061833384844
357,9.735,45.507,1.622931689547759,0.7301117289779838,-0.6781942104546692,0.06377361059743016,0.3536620498908484
358,9.735,45.573,1.5897997276726836,0.61124985649942,-0.6480086250634007,0.03748408635450945,0.34759004409195937
359,9.735,45.639,1.412497574602764,0.3797517938857268,-0.5702102239648397,0.014739765003967864,0.32920019651906424
360,9.735,45.705,1.0161396143903985,0.14378565823049155,-0.42741743681491523,-0.011328828321955264,0.2980926503423981
361,9.735,45.771,0.6060771081695923,-0.034089318757338824,-0.26644574207667315,0.008161263719937653,0.21490703374943976
362,9.735,45.837,0.3478529093452953,-0.1468734216868509,-0.2153680783103082,0.3765363505446974,0.10889521405050218
363,9.735,45.903,0.1420582085465506,-0.28314688218747575,-0.2036319097158066,0.49784667796619964,0.07399731940609634
364,9.735,45.969,0.0463114299819814,-0.3920701971338686,-0.19580703756674112,0.5186371344678482,0.0597920759706644
365,9.735,46.035,0.0085635508093111,-0.47450819331510374,-0.19089296829248015,0.5121673827161234,0.050483808863827064
366,9.735,46.101,0.0007795453775012,-0.5678269497079113,-0.1910832955254263,0.5388899742075481,0.04450142742877538
367,9.735,46.167,0.0,-0.6381856913690858,-0.18887725634546168,0.5605087493906848,0.029373914892876635
368,9.735,46.233,0.0,-0.6495176474859358,-0.17790166870702323,0.4987082204376598,0.003193785780383322
369,9.735,46.299,0.0,-0.6326101783832092,-0.17170032454207212,0.4423621257826702,-0.007825202597096435
370,9.735,46.365,0.0,-0.6284636979736384,-0.16930930208047107,0.4370263322908541,-0.011015092145225766
371,9.801,45.045,0.9374549248181276,0.2238065435746532,-0.4621225518209572,0.7731140745515581,-0.07590179810394013
372,9.801,45.111,1.1582996357301818,0.34979219058326044,-0.5014738731744748,0.4219753523030897,-0.05725806150707728
373,9.801,45.177,1.308327125569288,0.5164708627178365,-0.5613024732215415,-0.19530857104482938,-0.07567629257945362
374,9.801,45.243,1.3673457808193388,0.6185702691111632,-0.6114260260924258,-0.02039875151189866,-0.02393384727662743
375,9.801,45.309,1.4397652620130124,0.6780330067792067,-0.6392423116724215,0.09898332033212337,0.21097783695189545
376,9.801,45.375,1.4288741867294414,0.7006214043902123,-0.6494392026330151,0.00982611258059412,0.2770459952565799
377,9.801,45.441,1.505715317604155,0.7088817565845006,-0.6600871518884128,0.07947270872793188,0.31454056013788345
378,9.801,45.507,1.5900272382929943,0.7012850792583867,-0.6571139382930367,0.06565093029273628,0.3221626507496718
379,9.801,45.573,1.559899108695307,0.5998431849601329,-0.6354223193767936,0.04266745319684412,0.32565925989672906
380,9.801,45.639,1.3690564946265904,0.4387306325873695,-0.5697812548210391,0.03677988907912848,0.3158810335395944
381,9.801,45.705,0.9349482847368856,0.2143378073667014,-0.4242195053134771,0.02275447677855292,0.28398201646228405
382,9.801,45.771,0.5928320660311118,0.0011437352582032295,-0.25818814158467135,0.10115171798953446,0.17838489825089776
383,9.801,45.837,0.3391451902740267,-0.15360637641978325,-0.21285638003764001,0.47146977252544453,0.09720442781323699
384,9.801,45.903,0.1380989140554383,-0.27805418477240984,-0.20287369826892326,0.5196312442202556,0.07173587237810593
385,9.801,45.969,0.0431483182992874,-0.38046466983017824,-0.1946327306979755,0.5171079144851541,0.05695420743832169
386,9.801,46.035,0.0059586783434009,-0.4652234654564745,-0.18991054091473036,0.5090575033481559,0.04698603950338741
387,9.801,46.101,0.0002761806018108,-0.5643328374254117,-0.19117453077457042,0.5447774428053545,0.04228884350565436
388,9.801,46.167,0.0,-0.6369789795936538,-0.19219973252561756,0.5753062987686016,0.03194492551194398
389,9.801,46.233,0.0,-0.6518173708052679,-0.182099334372308,0.5188492426022044,0.004041666448575317
390,9.801,46.299,0.0,-0.6386084145089768,-0.175114196049016,0.46237244210195766,-0.008526287958423721
391,9.801,46.365,0.0,-0.6342795589421141,-0.17271048088231022,0.45349651141198666,-0.012273490611754695
392,9.867,45.045,0.9248979378964332,0.29382245846970256,-0.4702503718141964,0.7366650767140543,-0.14521123365656274
393,9.867,45.111,1.1858247955582142,0.41766085326920505,-0.5143011575826253,0.5813484281047868,-0.11500656552268736
394,9.867,45.177,1.339005246437177,0.5531145006112936,-0.5727681100127442,0.15152476882194507,-0.0986813585222465
395,9.867,45.243,1.3844561229356769,0.63365720984745,-0.6085124226034986,-0.17860903563080643,-0.12804176170718817
396,9.867,45.309,1.4238393538080871,0.6791705196070672,-0.6237814077019384,-0.2542537197681062,0.14121823879328618
397,9.867,45.375,1.4044238587509397,0.6919015696540125,-0.6268294199684808,0.054036276332667596,0.23348809013688868
398,9.867,45.441,1.4874147763628087,0.6929721181661904,-0.6280567270524285,0.13293446701693898,0.2609404448165593
399,9.867,45.507,1.562444624068814,0.6721111947495988,-0.6247256707953037,0.08223863552669886,0.2708256047490686
400,9.867,45.573,1.5311087986698768,0.6095580901805184,-0.6106611924292034,0.06344435158979385,0.28043366039191553
401,9.867,45.639,1.3115749004682276,0.5159681503695769,-0.5536568210029598,0.07918552153448247,0.2789689038484049
402,9.867,45.705,0.8944044662738493,0.32851317142204584,-0.4088391566120414,0.1290254114266411,0.23650975156511064
403,9.867,45.771,0.5750602722145999,0.0632725082047326,-0.24476319597293678,0.3019735352288356,0.14022028987960267
404,9.867,45.837,0.3301798666069064,-0.1465334968845331,-0.21270435426395407,0.5537379224486388,0.09663311842100653
405,9.867,45.903,0.1367785560056809,-0.2988421129666713,-0.20423148545910524,0.5752681810841284,0.0762924564760455
406,9.867,45.969,0.0407313008362473,-0.3919641493734125,-0.19390990962787397,0.5390196632456705,0.058807802220352444
407,9.867,46.035,0.0039167928707076,-0.46572782931149687,-0.18801332865483733,0.5151765159929707,0.047076389701251525
408,9.867,46.101,0.0,-0.5642688873301185,-0.18905427792777796,0.5518956366626331,0.04195813903679661
409,9.867,46.167,0.0,-0.6417408524883546,-0.19149416589031848,0.5932168530872413,0.03368437424870896
410,9.867,46.233,0.0,-0.6573688057035509,-0.18269071014470287,0.5402340657217335,0.003787075462519589
411,9.867,46.299,0.0,-0.6448853063406483,-0.17542637981636566,0.4823968936935262,-0.01138876411155566
412,9.867,46.365,0.0,-0.6402002664081194,-0.17302417864945235,0.47112359706208823,-0.014644080082634939
413,9.933,45.111,1.202000789676774,0.4626364207582867,-0.511359138259436,0.3290809822011683,-0.18441901994318774
414,9.933,45.177,1.341756246414881,0.5582549767140284,-0.5658122853950005,0.3116261074897359,-0.11973083485859562
415,9.933,45.243,1.396225101216621,0.6233176785471495,-0.5916820964628071,0.16922836639816907,-0.007985270716243801
416,9.933,45.309,1.3658186702578154,0.6630764931688484,-0.5992874408147246,0.034712591537919994,0.14929913345409251
417,9.933,45.375,1.4016953659561848,0.66054792251682,-0.5970564618482381,0.05295211709988998,0.199690416024506
418,9.933,45.441,1.476627951872323,0.6470498604745053,-0.5931917976149221,0.12046395627277585,0.22165250719143892
419,9.933,45.507,1.541250213650379,0.6325223158494345,-0.5862229412579609,0.1096827182533776,0.22777621719470728
420,9.933,45.573,1.5019105404607078,0.5895536154200144,-0.5684056874582861,0.10358961137925335,0.23171276852913422
421,9.933,45.639,1.248499306816028,0.5186659589448015,-0.49718573241228065,0.1409400231883664,0.22599157874473136
422,9.933,45.705,0.8461370961802541,0.3615026115648674,-0.3339678064339008,0.2821568765761353,0.1753143305619102
423,9.933,45.771,0.5584613478271255,0.12069897501264103,-0.2145758923818989,0.40847699192412235,0.10705513974568137
424,9.933,45.837,0.3284060110115072,-0.12245810558159556,-0.2074680179102117,0.5388975117850587,0.09241237670856349
425,9.933,45.903,0.1372320722267478,-0.31294293140329255,-0.20564974947678077,0.6056000704597152,0.07857740732831917
426,9.933,45.969,0.0384912604902139,-0.41474659317071344,-0.19336122654987564,0.5686550543927986,0.0596912000508126
427,9.933,46.035,0.0043933743403695,-0.4726555305549182,-0.1850486238200319,0.5265899206211753,0.04670620064524892
428,9.933,46.101,0.0,-0.5580659826785985,-0.18396599070327502,0.5486604435660737,0.04059026966494449
429,9.933,46.167,0.0,-0.6331245427480835,-0.18412790095079398,0.5853639784775571,0.030399803476638784
430,9.933,46.233,0.0,-0.6462664952082113,-0.17710859340122603,0.5349152157381045,-0.0005942370851666353
431,9.933,46.299,0.0,-0.6371561393128933,-0.17219241128518822,0.48362955255615203,-0.015292319806765209
432,9.933,46.365,0.0,-0.6395350253553551,-0.17029229869347234,0.47782614575971977,-0.019768992468018318
433,9.999,45.045,0.9865077787228792,0.3502398384332817,-0.46439800068670506,-0.005364902189277057,-0.24236612814983352
434,9.999,45.111,1.2056714994146145,0.45227963906989943,-0.5000756924619532,0.14370279759445911,-0.20647691056706446
435,9.999,45.177,1.3324286405484609,0.5509481138149175,-0.5461289736632486,0.27478941339254537,-0.0889900141134257
436,9.999,45.243,1.3931550261077277,0.605922869238616,-0.5686829328786853,0.22763087038571372,0.05906494190257576
437,9.999,45.309,1.364238940213914,0.6367102897251067,-0.5727318863003691,0.1722269929232965,0.14963030435133362
438,9.999,45.375,1.4002007694855898,0.6281892376197613,-0.5670728428191782,0.06779510431545556,0.18365826451374212
439,9.999,45.441,1.467561048349449,0.6080464668943619,-0.5588076090331857,0.09925720168706971,0.19796907474539507
440,9.999,45.507,1.5199466069226302,0.5827222222247868,-0.5441802082162466,0.10386322791163162,0.20046663240265028
441,9.999,45.573,1.4089023882841658,0.5231140929368547,-0.5154348774010262,0.0967895002919743,0.20327909988951234
442,9.999,45.639,1.1256634027767656,0.4319740807364733,-0.4250818265031322,0.12934831893190527,0.19823855715500371
443,9.999,45.705,0.7314130540207151,0.27470097773655366,-0.25497940654342444,0.3530258268602327,0.15362397703211705
444,9.999,45.771,0.5091157211281169,0.07232328096519486,-0.18375512237416775,0.44949566858753487,0.10067123996473207
445,9.999,45.837,0.3237885374138374,-0.1422907796596592,-0.20225140891356894,0.5263855613715143,0.09134730750239814
446,9.999,45.903,0.136040783885033,-0.3267883641481066,-0.2078196918303694,0.5981917465071946,0.07640620342705051
447,9.999,45.969,0.0278571502680537,-0.42515557116001457,-0.1943975220270372,0.5682629239635753,0.05710830760414477
448,9.999,46.035,0.0034195964780836,-0.47504480704438656,-0.18274378660908963,0.526034736841777,0.043306298655260665
449,9.999,46.101,0.0,-0.5519846793505596,-0.1788472128924813,0.5417078236933803,0.03697368561246639
450,9.999,46.167,0.0,-0.6223670722800545,-0.1770387354749916,0.5705455702488702,0.02607957786599472
451,9.999,46.233,0.0,-0.6349275245653073,-0.17114799127063943,0.5266782678732831,-0.004401799995175182
452,9.999,46.299,0.0,-0.629902902755091,-0.16741809153972065,0.4823665479891338,-0.02032970777002272
453,9.999,46.365,0.0,-0.6404631140781484,-0.16482335384802255,0.47690730342552123,-0.026775182420458152
454,10.065,45.045,1.026224142004602,0.3432251634648633,-0.4652660171258406,-0.049264371067996165,-0.24191279541919394
455,10.065,45.111,1.1974606839712172,0.43932586866499823,-0.49376533262301314,0.10051939273718528,-0.18008160205520835
456,10.065,45.177,1.3366965244688265,0.5461856627676231,-0.5320917008263553,0.22583939230067152,-0.031641230732116624
457,10.065,45.243,1.3951615906829515,0.5968781391123805,-0.5504051882268525,0.1951596332014566,0.08641358954541487
458,10.065,45.309,1.3676019140992852,0.613078485009744,-0.5525605211502631,0.11484666402450643,0.15256244631128507
459,10.065,45.375,1.4017625447560562,0.6114080369009516,-0.5433340307969456,0.06518752252628027,0.17654064518963225
460,10.065,45.441,1.4614502361259938,0.590490713527668,-0.5279664476337416,0.07808658737492227,0.18362635073760553
461,10.065,45.507,1.5042684776670587,0.5439250587482458,-0.5016767319283124,0.07932000869359887,0.18459926129994217
462,10.065,45.573,1.359758921040895,0.47862480874529495,-0.45556346675440085,0.07817392554803113,0.18774510575902006
463,10.065,45.639,1.0420924088833583,0.3663644652874083,-0.3457359206142784,0.13042405316424008,0.1881042786077049
464,10.065,45.705,0.6503865756405248,0.18325857520082983,-0.21115202943004746,0.44061539194248944,0.1653162647198542
465,10.065,45.771,0.4695684682152019,-0.023104658176338347,-0.18289952153972477,0.5348752308431168,0.1167823592418331
466,10.065,45.837,0.2935535327523247,-0.2074719853486373,-0.20851883013252653,0.5787834853329004,0.09463131956896983
467,10.065,45.903,0.1347661185585297,-0.35833465065368475,-0.21327767988191404,0.5980613665896879,0.07326435050724095
468,10.065,45.969,0.0255934712280181,-0.43773236415244066,-0.197247903653624,0.5552276162442735,0.05171538019004299
469,10.065,46.035,0.0029487027739294,-0.4832081564607458,-0.18204633627736988,0.52284047975682,0.036995192078708536
470,10.065,46.101,0.0,-0.5537574501873116,-0.17628600174574013,0.5363464582213802,0.031707732938850895
471,10.065,46.167,0.0,-0.6250527938875539,-0.1746619137588496,0.5681012674787282,0.023046551068265295
472,10.065,46.233,0.0,-0.6455416352749708,-0.16916315089020345,0.5405820593296414,-0.005510648620168839
473,10.065,46.299,0.0,-0.6387760495049362,-0.1638898467378831,0.49350334149985703,-0.025263971938446296
474,10.065,46.431,0.0,-0.6738328548109882,-0.15872452338887463,0.4675833670555696,-0.034516227918438544
475,10.065,46.497,0.0,-0.6912408128362707,-0.156253951238791,0.47113209463392614,-0.03631388216592597
476,10.065,46.563,0.0,-0.695178879492112,-0.15429690357531053,0.46931415946009986,-0.03758008402437192
477,10.131,45.045,1.0241147593270246,0.3766293049722206,-0.46367589548900395,0.38337443835012663,-0.20900820063619008
478,10.131,45.111,1.1958075792805178,0.4536761975723447,-0.4962529304868864,0.355349285918644,-0.12244787920731487
479,10.131,45.177,1.3280247555909412,0.5616746741509293,-0.5286507947015378,0.27100760389975764,0.02291123310276239
480,10.131,45.243,1.3981440011491566,0.6081336289493499,-0.5406708435247488,0.1385251881459118,0.11090969106436258
481,10.131,45.309,1.379145699709744,0.6093492870246288,-0.5379689563660823,0.09651360703404034,0.15753763857688954
482,10.131,45.375,1.419957875243523,0.60232051506535,-0.5214480335215976,0.06394383689039296,0.17048018681255975
483,10.131,45.441,1.4592202058078323,0.5659679680584137,-0.4989915570411142,0.056757012368860674,0.17514709998754416
484,10.131,45.507,1.441918804205382,0.5012369417983853,-0.4613396390923721,0.05838494837136082,0.1766773910239431
485,10.131,45.573,1.3115231717377152,0.43220158875943326,-0.39368192974423255,0.06385949726767158,0.18078244778305713
486,10.131,45.639,0.8931607882453694,0.3281124743765578,-0.28106178777783647,0.11019083902839959,0.1820640803636439
487,10.131,45.705,0.585741833220594,0.15141565521603698,-0.21052495914107588,0.4073354723924073,0.1652902719989307
488,10.131,45.771,0.4088726089346108,-0.05775070182321074,-0.20926650177366313,0.5543835336454425,0.13167497898888314
489,10.131,45.837,0.2809614757551058,-0.25447796568261105,-0.2287168262045507,0.6228637438325593,0.1095033937740448
490,10.131,45.903,0.1349695334861998,-0.4051541065316506,-0.22660856859268658,0.6285516666539498,0.0793517021056592
491,10.131,45.969,0.0269452732009293,-0.47130518036664504,-0.2033983925330155,0.5640547389604356,0.05122595438166405
492,10.131,46.035,0.0034636237928373,-0.49713217097385937,-0.18387209298244242,0.5182171515091172,0.032956542429596336
493,10.131,46.101,0.0,-0.5528527523643225,-0.1763234951891386,0.5223804048212957,0.02540982969884191
494,10.131,46.167,0.0,-0.6283141749812478,-0.17482158754246196,0.5610879847002876,0.018394474604151737
495,10.131,46.233,0.0,-0.6592167885225002,-0.1702268064980007,0.5519111834388272,-0.007217391812610723
496,10.131,46.299,0.0,-0.6543902761581667,-0.16320863452667744,0.502338423774512,-0.028978174454088176
497,10.131,46.365,0.0,-0.6569322272139417,-0.15893690912544672,0.4691827258187299,-0.03573214820053698
498,10.131,46.431,0.0,-0.6754666611612095,-0.157102179619292,0.4650338423372363,-0.03711314052347278
499,10.131,46.497,0.0,-0.696387274771903,-0.15589839948591105,0.47515331826168544,-0.037190400413274954
500,10.131,46.563,0.0,-0.7024150337114561,-0.15454253262452367,0.474326669718801,-0.03785885994722003
501,10.131,46.629,0.0,-0.6991524151549227,-0.15338161333005684,0.4677346151761527,-0.03845264886468274
502,10.197,45.045,1.040209223130775,0.4292123590094712,-0.4747321925342285,0.5163908051013053,-0.10956430211622237
503,10.197,45.111,1.192840164082141,0.49970162987288064,-0.5024408989463888,0.475507007341735,-0.06660076649560803
504,10.197,45.177,1.3106915991744363,0.5955742903849617,-0.5299401040855922,0.3966866595706595,0.05260894266916833
505,10.197,45.243,1.3942984564754275,0.62986397365331,-0.5368714390289508,0.10385248466439617,0.13017333757449906
506,10.197,45.309,1.3825262328889587,0.6167582616432945,-0.5257611687169008,0.08609168487707472,0.1612243338887336
507,10.197,45.375,1.439589389865983,0.5966118695547399,-0.49988011652416164,0.06324136112275822,0.16648425669340122
508,10.197,45.441,1.440200049902564,0.5427696071299348,-0.4698110114076123,0.0519675585854201,0.16980798092753013
509,10.197,45.507,1.3641132963478289,0.47627133815551087,-0.41245205640000027,0.05598640557264264,0.1729339426064553
510,10.197,45.573,1.1755603608065983,0.40743558588966144,-0.3193207427557412,0.07067963113842288,0.17893434780133005
511,10.197,45.639,0.7505535741395275,0.29272236646350114,-0.23976565593644844,0.1196269254743709,0.17523672709696317
512,10.197,45.705,0.4832311454145255,0.13145763274884004,-0.2140388577875635,0.42705966852847166,0.1371270852280409
513,10.197,45.771,0.3034333883410642,-0.06979475479124064,-0.2180517069602175,0.5583825055427905,0.11032485648377767
514,10.197,45.837,0.1918270533357318,-0.2790827019293126,-0.23378370142316995,0.6467304846998629,0.10575327630283016
515,10.197,45.903,0.1149188665234739,-0.4432086367071254,-0.2340274670545227,0.6914738992591558,0.08814860680072586
516,10.197,45.969,0.0231980908928276,-0.5161358864780035,-0.211062673876653,0.6142412190818344,0.05920886242629366
517,10.197,46.035,0.0031770924135447,-0.5237266993109739,-0.18975254448500245,0.530114344758948,0.03499963818607965
518,10.197,46.101,0.0,-0.5550907656185475,-0.18031598398544554,0.5138078424471184,0.020464498473715797
519,10.197,46.167,0.0,-0.6210945634600392,-0.1776310776448193,0.5441045585165492,0.011212535827693727
520,10.197,46.233,0.0,-0.6608281899364898,-0.17325079953800582,0.5469941084220067,-0.010258666554936964
521,10.197,46.299,0.0,-0.6662941725126195,-0.16547524618161114,0.5093799822093601,-0.029709420850294297
522,10.197,46.365,0.0,-0.6660747057672151,-0.15969663115222243,0.4756081853341987,-0.03682149442534596
523,10.197,46.431,0.0,-0.6753111469249566,-0.15797845628922488,0.46372132611009714,-0.03772311661024576
524,10.197,46.497,0.0,-0.6946714927135142,-0.1574596485683551,0.4710698280073427,-0.036726503897228
525,10.197,46.563,0.0,-0.7044576491487778,-0.15550622791891117,0.47393072576851936,-0.03710097687056109
526,10.197,46.629,0.0,-0.7003195642313076,-0.15395464277554416,0.46600505748785215,-0.03829172139972139
527,10.263,44.979,0.9486671271567748,0.42138834336682995,-0.45009843290843743,0.5227668036788672,-0.07528346716752143
528,10.263,45.045,1.0663471284376649,0.4579925971808205,-0.47281108769984515,0.5061167616447744,-0.06958635848821743
529,10.263,45.111,1.1934727117169797,0.5350854292491558,-0.5025817905968344,0.45162827729253574,-0.04905248627186947
530,10.263,45.177,1.296719030583103,0.6195245920336597,-0.529257185909289,0.3795668182063291,0.052904935788501625
531,10.263,45.243,1.3922533326400737,0.6491415891243668,-0.5319777180692155,0.13403480864259137,0.14398825729608306
532,10.263,45.309,1.3844816685443833,0.6227951213461433,-0.514541825942947,0.07545674075572374,0.16563590038633588
533,10.263,45.375,1.437245659165387,0.5861127653550459,-0.48359903327345627,0.06604711398350588,0.16803979018399723
534,10.263,45.441,1.4156899254098916,0.5280586289365108,-0.4368404016940122,0.05603126065255649,0.16879478978959372
535,10.263,45.507,1.2783956392340594,0.4805117767453305,-0.3503475255655976,0.06350626157890163,0.17435665579140386
536,10.263,45.573,1.064986985888062,0.41722073039460145,-0.25736470632292124,0.0924675768511668,0.188306323248829
537,10.263,45.639,0.6610221689111514,0.27030042799668297,-0.2185737260144312,0.1908813699762093,0.18239758316726884
538,10.263,45.705,0.4181996984804539,0.09771499790689273,-0.21669250436244109,0.5257020337432134,0.12280237265375821
539,10.263,45.771,0.2113491288683514,-0.08098087848566467,-0.21949603437465584,0.5989661049383571,0.09680074928270586
540,10.263,45.837,0.140191861260343,-0.2651028570942258,-0.2297988080166168,0.6531003012312462,0.09358952968689276
541,10.263,45.903,0.0672069960496798,-0.42757949232763115,-0.23344040149725087,0.7037012496657711,0.08766403030925682
542,10.263,45.969,0.0177526752784671,-0.5322134565602998,-0.21900755388982912,0.6869331513185792,0.06812582835084505
543,10.263,46.035,0.0004090339070435,-0.559122898630702,-0.20033235232088067,0.5914592183159977,0.04218199535421338
544,10.263,46.101,0.0,-0.5795544763136029,-0.1874902950976595,0.5456028493103248,0.019250823231782576
545,10.263,46.167,0.0,-0.6225671902955998,-0.1818545125177663,0.54404496040386,0.0035575353908201598
546,10.263,46.233,0.0,-0.6563066096493837,-0.1768761886736649,0.5368321167528614,-0.012787414090912514
547,10.263,46.299,0.0,-0.6734724599115025,-0.1687689865421789,0.5155133822875294,-0.028183351742270494
548,10.263,46.365,0.0,-0.6787042292900927,-0.16348750134486345,0.48870044057580536,-0.034437081325135274
549,10.263,46.431,0.0,-0.6854098423402013,-0.16145779417196787,0.47370864552550185,-0.03573210884374311
550,10.263,46.497,0.0,-0.697213392332628,-0.15917490227232373,0.4727479827301504,-0.03628327729036196
551,10.263,46.563,0.0,-0.69729889147842,-0.15670319845796193,0.46488446219302837,-0.037080191768773536
552,10.263,46.629,0.0,-0.6948358531100567,-0.15499101864889714,0.45905685968312215,-0.03827562257253203
553,10.329,44.979,0.9917352105566246,0.39336955745079827,-0.42731521178779874,0.5293734823403025,-0.06677702769698307
554,10.329,45.045,1.095520075953005,0.4429322887274034,-0.45647515054365373,0.49826938513422425,-0.053981552514189624
555,10.329,45.111,1.20352294668065,0.539524723449301,-0.49013720489040313,0.4185056010987345,-0.037765067520517975
556,10.329,45.177,1.29812891532529,0.6282701900200656,-0.5189275402090961,0.34735636066982484,0.059084390008054335
557,10.329,45.243,1.4006358521392634,0.6602849906699344,-0.5220722747562043,0.1268975325518441,0.15616338520015238
558,10.329,45.309,1.3922212568723595,0.6292972299820498,-0.5023720213794844,0.07701016442428604,0.1712039732785063
559,10.329,45.375,1.4278660960691347,0.5831958428298172,-0.46689855372236155,0.07780466464339215,0.17014913123362907
560,10.329,45.441,1.3957348952992776,0.5149196056430019,-0.4030576500014747,0.06357061334615416,0.16473871263003223
561,10.329,45.507,1.1871250793715238,0.45863262542117467,-0.30529726180046846,0.0624163666132335,0.17024832813064403
562,10.329,45.573,1.001126681631249,0.38776319814879934,-0.22350667719587508,0.10381393247407333,0.19058274592007016
563,10.329,45.639,0.5977004593452212,0.21833692208521843,-0.20959866609039324,0.320392613288552,0.1861028686586241
564,10.329,45.705,0.3700556365504789,0.05395419085097016,-0.21772110666724379,0.5865080124052767,0.11452057458757571
565,10.329,45.771,0.1727325547814533,-0.08521697040372052,-0.21675726106459797,0.6318017528760336,0.08353888114626327
566,10.329,45.837,0.0956288648304557,-0.22996299515632257,-0.21989125043556407,0.6527790819955747,0.07520543178634899
567,10.329,45.903,0.0378959809405539,-0.37819439165633956,-0.22218342462614799,0.6800931728622663,0.0682319346580251
568,10.329,45.969,0.005166203156149,-0.5049652106003975,-0.21817365060791993,0.6948674926201164,0.05619830312803835
569,10.329,46.035,0.0,-0.5697427726637485,-0.20702210032875892,0.6439028861796938,0.03543293149236097
570,10.329,46.101,0.0,-0.6008203259044957,-0.19391827563318664,0.5837315676757187,0.012447653887167703
571,10.329,46.167,0.0,-0.6253571465651921,-0.1848961021252466,0.5461795615732401,-0.004249725862732888
572,10.329,46.233,0.0,-0.6483067069692026,-0.17715640015750858,0.5230178484294274,-0.0171910131010539
573,10.329,46.299,0.0,-0.6668187449659659,-0.17073649453050074,0.504331541551166,-0.02693841608356781
574,10.329,46.365,0.0,-0.681129098951367,-0.16759564769626442,0.49026042361476263,-0.03130133204552489
575,10.329,46.431,0.0,-0.6968635369143563,-0.1660399056593248,0.48659439480505623,-0.0321164227857073
576,10.329,46.497,0.0,-0.7012772338491082,-0.1615139253807211,0.4774355665207048,-0.03488748510398509
577,10.329,46.563,0.0,-0.6914935389768625,-0.1577268950966519,0.45954485117027144,-0.03768161775531214
578,10.395,44.979,1.0199472613095268,0.3251728876414499,-0.39072477206600825,0.46605463094085753,-0.07307469761965013
579,10.395,45.045,1.108160974679722,0.4124576548680681,-0.4276314593575721,0.4417886691256809,-0.053013709827529815
580,10.395,45.111,1.205502322033987,0.5265222447556703,-0.46739231433385053,0.333902081384181,-0.017867726223974804
581,10.395,45.177,1.2943461530366442,0.6189585892708758,-0.5006199929052817,0.2783986977226218,0.10225357923939732
582,10.395,45.243,1.3962887075175192,0.655890344783591,-0.5074657154045135,0.10593278312068634,0.17329216599358763
583,10.395,45.309,1.3928799676792565,0.6297774002191003,-0.4914273133038105,0.08487881175851339,0.17845581101788036
584,10.395,45.375,1.4216295411096966,0.5838172049194776,-0.45423072585799346,0.0940746931990391,0.1703495105321212
585,10.395,45.441,1.3721379727303598,0.4915261521749835,-0.3883968251741696,0.06758618185415399,0.15562284629723355
586,10.395,45.507,1.1045936825034104,0.39620273042683224,-0.2945133286364394,0.04491068721293844,0.15092720682898758
587,10.395,45.573,0.9634227955204056,0.3021277171033354,-0.2180567943040509,0.07757647613934895,0.15656626771313814
588,10.395,45.639,0.5918550435883475,0.1561129269014775,-0.21055716727014276,0.46763926575034165,0.15113920154213914
589,10.395,45.705,0.3547240594692413,0.018135761945554968,-0.21998878943301958,0.6375778631131562,0.09856664516386421
590,10.395,45.771,0.1583308095407749,-0.08740801317706098,-0.2177150381839852,0.6648772834511679,0.07520189648635883
591,10.395,45.837,0.067114744393012,-0.2109870782983958,-0.21582562812016312,0.675477604386435,0.0632829574017006
592,10.395,45.903,0.0208356234238187,-0.3300774312589013,-0.21331825421887796,0.6684304372382223,0.04989753093109419
593,10.395,45.969,0.0001438712567846,-0.4446356711654237,-0.20968968649696285,0.6459699934069703,0.03485020194692964
594,10.395,46.035,0.0,-0.5336125801726352,-0.20105671246207624,0.6039136979331663,0.014297223054526322
595,10.395,46.101,0.0,-0.5856485858380203,-0.1905185785552156,0.5575815338555372,-0.00298228398957655
596,10.395,46.167,0.0,-0.6165082084518311,-0.1822125938102464,0.5270638038391133,-0.013204833304119746
597,10.395,46.233,0.0,-0.63989294846492,-0.17449537285357364,0.5069443748967535,-0.021884593071512144
598,10.395,46.299,0.0,-0.653403221340162,-0.16988262244762065,0.48427571177711615,-0.028277200004292114
599,10.395,46.365,0.0,-0.6722790674686678,-0.16776861165831852,0.4771257548542064,-0.0320052210560344
600,10.395,46.431,0.0,-0.694959187181188,-0.1667627711397921,0.4829019846105379,-0.03279320552665209
601,10.395,46.497,0.0,-0.6927509906856892,-0.16355909606552096,0.46731619950015574,-0.03435158387255238
602,10.395,46.563,0.0,-0.6800352811349188,-0.16000635184114204,0.4477022140822895,-0.037227437385246934
603,10.461,44.913,0.9111492118522034,0.1936602488638332,-0.33946965054147593,0.029144099890246328,-0.12631738571142725
604,10.461,44.979,1.0096923100047073,0.26647117968721,-0.36210273891810246,0.2153120452092311,-0.10135354586261691
605,10.461,45.045,1.1124033501664636,0.38559300764119514,-0.3997870879221661,0.2957993507067944,-0.0596368923802477
606,10.461,45.111,1.1879927090395024,0.5073626090736901,-0.44419880606837336,0.23620753805203254,0.019187650224272795
607,10.461,45.177,1.2871627056865098,0.600128495789691,-0.47873127883325794,0.22927513957907592,0.15210411048639322
608,10.461,45.243,1.381630750823762,0.6429868857096589,-0.4889289791268814,0.11939461955467703,0.18502885500959432
609,10.461,45.309,1.395017258033311,0.6295081351218197,-0.4790398259944333,0.11425227483483397,0.18251112238136452
610,10.461,45.375,1.4240564148029902,0.5857555793030005,-0.44648199574034264,0.11832252917576473,0.17099228640908726
611,10.461,45.441,1.3015963251321372,0.4845715758486261,-0.38534086703180037,0.08046800375053269,0.1472125263321981
612,10.461,45.507,1.078327456153315,0.351171049021006,-0.30155696926110764,0.021250901955949905,0.12403937062808824
613,10.461,45.573,0.9015195657864415,0.25884543963636575,-0.22853303554715448,0.06467537922748795,0.09821025694779925
614,10.461,45.639,0.6129154721126523,0.1534925196190799,-0.21106970957909255,0.5196817942455401,0.07680572698679422
615,10.461,45.705,0.3433291246869827,0.031634376858031985,-0.21459732577507626,0.6695365843042336,0.06929345840466447
616,10.461,45.771,0.1476997249132552,-0.09672197107864688,-0.2151357474447131,0.7229073462902984,0.06958671838303651
617,10.461,45.837,0.0595782227509541,-0.206732986723244,-0.2140596998900433,0.725923378250026,0.06018840279157252
618,10.461,45.903,0.0082072789001108,-0.2907035794892883,-0.20962043658507118,0.6892970835433074,0.04420635219196035
619,10.461,45.969,0.0,-0.3890559965550617,-0.2031422093405041,0.6268469197052573,0.022705483012130476
620,10.461,46.035,0.0,-0.5009974443222723,-0.19292284710713592,0.5570736906276458,0.0010410285898159054
621,10.461,46.101,0.0,-0.5649851498057858,-0.18361559940751015,0.5159086062966299,-0.01316130965030013
622,10.461,46.167,0.0,-0.6053014017495444,-0.17825026783018497,0.5032958644646189,-0.01903352299423508
623,10.461,46.233,0.0,-0.6383581186924048,-0.1730148391438721,0.49854394964075505,-0.024319401035392017
624,10.461,46.299,0.0,-0.6487160269265715,-0.16920258504002883,0.4756095206917417,-0.02946450908585284
625,10.461,46.365,0.0,-0.6611659311948201,-0.1669509433998756,0.4628888826711408,-0.033493192127454226
626,10.461,46.431,0.0,-0.6799440458265944,-0.16610437429882802,0.46560920506415016,-0.03496355866900962
627,10.461,46.497,0.0,-0.6782635999721811,-0.16391103783170696,0.4528828489728771,-0.03612891813402541
628,10.461,46.563,0.0,-0.6705544329341978,-0.1615039474667163,0.43936799148370076,-0.0376633785613514
629,10.527,44.913,0.9392000310685956,0.1976332300867744,-0.33010835705964015,0.14974523138892679,-0.1783227865572436
630,10.527,44.979,1.024097807358006,0.26477241954687225,-0.34882890946807,0.2289189009086641,-0.1341311674376175
631,10.527,45.045,1.0948812224400293,0.3878655265501208,-0.3834246404275412,0.21600247269125228,-0.027538850578684614
632,10.527,45.111,1.1830399203806568,0.5025987006416369,-0.42746571245603815,0.1957189707406135,0.06825555336242131
633,10.527,45.177,1.2808427221102254,0.5927211472310667,-0.46065087813984434,0.19118502121684083,0.16460678645197419
634,10.527,45.243,1.3597709459933411,0.6356144502976917,-0.4735193155714671,0.15073820453064238,0.19035904890465427
635,10.527,45.309,1.3854351434731618,0.6300530501830707,-0.46694700590584526,0.17249878111677963,0.18606835099171115
636,10.527,45.375,1.3931041255114784,0.5919205001888734,-0.43820241160076334,0.17939007901472617,0.1744383162850321
637,10.527,45.441,1.2113033787346434,0.49173590766442765,-0.3822977099538245,0.13686988141033332,0.13992285963533646
638,10.527,45.507,1.0659801054487377,0.35914870678121946,-0.31409068466697676,0.10986505800915985,0.07379100362461535
639,10.527,45.573,0.8836890388564373,0.28118429892378,-0.24713977833660639,0.3075338732477572,0.009286720034042972
640,10.527,45.639,0.6300943607291138,0.20938060947517279,-0.21106077846104582,0.5041216029814577,0.0019352520650428376
641,10.527,45.705,0.3193409397016366,0.07657770778217438,-0.20317145105052992,0.6518766734541109,0.03627085998950067
642,10.527,45.771,0.1527872139208209,-0.07952420165578358,-0.20718854647757085,0.7448675737649826,0.05957810835841919
643,10.527,45.837,0.0707933834966536,-0.1844471357092849,-0.2114535493790273,0.763196786528983,0.06096483114216361
644,10.527,45.903,0.0109403723419046,-0.2479216383301201,-0.2089482944730586,0.7270411392362872,0.0465786801750832
645,10.527,46.101,0.0,-0.5710834569783911,-0.17813514438672365,0.49595099036943957,-0.018986652187572374
646,10.527,46.167,0.0,-0.6084632693423024,-0.17514766164243606,0.4929556383782068,-0.022395992312623264
647,10.527,46.233,0.0,-0.6388993640788934,-0.17173534010081032,0.4923992147181036,-0.026313809651345946
648,10.527,46.299,0.0,-0.6486803487702701,-0.16886164068847212,0.4726992048434144,-0.03063279030911084
649,10.527,46.365,0.0,-0.6550771317496042,-0.16653467867061977,0.45596147588589714,-0.03462121978491495
650,10.527,46.431,0.0,-0.6658934280947504,-0.16542629580878643,0.4523605349638503,-0.03638238084729103
651,10.527,46.497,0.0,-0.6685822717997677,-0.16438792786959255,0.4473993547237588,-0.03692585377070168
652,10.593,44.913,0.9626937642237664,0.2601884504249473,-0.32966195420909267,0.21783895250555727,-0.15198535499211072
653,10.593,44.979,1.0354065231951923,0.3156804640481045,-0.34720243688862734,0.20167524665206088,-0.09730252253213999
654,10.593,45.045,1.0964995073498431,0.41824156784682975,-0.3782412753985068,0.17386230841229844,0.027080341880940058
655,10.593,45.111,1.188449184766175,0.5224895402638745,-0.4177395644036389,0.1692794066768958,0.16112986454696157
656,10.593,45.177,1.2920035955921687,0.6118410013938653,-0.44974112492461804,0.151263200367179,0.22605742582041025
657,10.593,45.243,1.3611666593835148,0.6499714467335871,-0.46516126778662337,0.11871091359638236,0.20413020837226287
658,10.593,45.309,1.3594915241067147,0.6449779006350236,-0.4618180351963005,0.1994830934841939,0.19347363191822775
659,10.593,45.375,1.368208527061384,0.6139238401565591,-0.4378798292182119,0.20001678381282476,0.17779272299980864
660,10.593,45.441,1.2095720778417989,0.5283316873597589,-0.38693188812357726,0.201399312350142,0.10349760020732908
661,10.593,45.507,1.0619067974871814,0.40460811612788034,-0.33096118299981103,0.3778015005374039,-0.005732790095534682
662,10.593,45.573,0.8908476412998171,0.3120338142435467,-0.2691838614943599,0.45709248770127997,-0.04781716115431866
663,10.593,45.639,0.6359172341492961,0.2286232679611467,-0.21878931382743846,0.5306545574740837,-0.03142185729520103
664,10.593,45.705,0.3261141165239886,0.10528356462342053,-0.1964451621117315,0.6281229308212236,0.009375968277962388
665,10.593,45.771,0.1625599496438684,-0.02442852378867884,-0.1981523286814649,0.7099415921986554,0.04061563492987903
666,10.593,45.837,0.0894394158845326,-0.1123027083346842,-0.2044871935476852,0.7515603112180986,0.053288337193967125
667,10.593,46.167,0.0,-0.6157427433833444,-0.17344465432692815,0.48785633271371753,-0.024313851138698838
668,10.593,46.233,0.0,-0.6352079351492658,-0.17091002624720902,0.48343039556210077,-0.027772152139569836
669,10.593,46.299,0.0,-0.6465182601684318,-0.16861178797733328,0.4689335627540661,-0.031672360425010204
670,10.593,46.365,0.0,-0.652974379668332,-0.1668265323427236,0.45281717929370074,-0.03469924583018455
671,10.593,46.431,0.0,-0.6606188369090227,-0.1657536782567009,0.44855270644033707,-0.03611578184844211
672,10.593,46.497,0.0,-0.664036108225069,-0.16478819122601635,0.4473708494238684,-0.03708552189325561
673,10.659,44.913,0.987961930813961,0.3281425564866262,-0.3315533689165561,0.1284166077457629,-0.07670554142829099
674,10.659,44.979,1.048831506350504,0.3753703493267182,-0.34718995420943005,0.13513726744887006,-0.04017963541481133
675,10.659,45.045,1.1243425230894273,0.44529629214049044,-0.3721726827038577,0.13469084190001232,0.060716716718760506
676,10.659,45.111,1.2008022929944655,0.546796945959131,-0.40797875015958907,0.15662418700982433,0.1922299458712026
677,10.659,45.177,1.3170126813051404,0.6479744030462125,-0.44167430668348706,0.1630681359024208,0.24484302536146968
678,10.659,45.243,1.362768351727374,0.685017097554951,-0.4636001970393344,-0.04548101915308812,0.23100639861503883
679,10.659,45.309,1.3992803458408491,0.6868108873085792,-0.46677550820887515,-0.010391970081136289,0.20803828685239453
680,10.659,45.375,1.353968532973456,0.677240145289214,-0.4498194090543054,0.07832859780552676,0.1811067229825755
681,10.659,45.441,1.2537618920396656,0.6094644108103447,-0.40536663696809533,0.17105477916574413,0.08136984493533041
682,10.659,45.507,1.076346521951256,0.4748405555070073,-0.3494072170043789,0.3835969349749614,-0.020579618469501865
683,10.659,45.573,0.8704868359461058,0.31923603732245126,-0.2886039102209626,0.48422300814353814,-0.05140865008365868
684,10.659,45.639,0.6600562414176184,0.20019030970730695,-0.22657485021989704,0.5573123774487891,-0.03691554378587346
685,10.659,45.705,0.3796880813813641,0.09747501066404794,-0.19405576617617137,0.6294167209755956,-0.0053192330202199035
686,10.659,45.771,0.2397551407411253,0.016641062758101594,-0.18894236144138168,0.6801002383975168,0.0230143971063087
687,10.659,45.837,0.113585283899844,-0.034523936501803305,-0.19307640278519966,0.7149989469560982,0.0374427632180316
688,10.659,46.431,0.0,-0.6587891057991347,-0.16597550412567216,0.4489090538085955,-0.036140955754833094
689,10.725,44.979,1.0971217023835989,0.3940060193330872,-0.3391160050292997,0.008721113994028154,-0.03589923157224395
690,10.725,45.045,1.136139468368787,0.4484350710694075,-0.360308082641846,0.028926177077136975,0.04024278712031559
691,10.725,45.111,1.2199877857341102,0.5538699612936102,-0.3978326116598982,0.07906166748424898,0.14144268396556464
692,10.725,45.177,1.3498899433380187,0.6669027403099139,-0.4349072892698572,0.047593516186461474,0.20482072794704775
693,10.725,45.243,1.3650201136490652,0.7093599015321628,-0.4655891242457803,-0.06475928425944602,0.23273416087469034
694,10.725,45.309,1.4209092894599793,0.7258241231714702,-0.47600044118760554,-0.14637244071255864,0.22003910339695315
695,10.725,45.375,1.4352753053167124,0.7269151713309614,-0.4683406400234658,0.02715217966225932,0.19187622503728025
696,10.725,45.441,1.2847482782632538,0.6792833905442771,-0.43489268853174545,0.13961004575478547,0.09788176956300103
697,10.725,45.639,0.6843731766017974,0.1441212828204592,-0.22229825733034955,0.5943351649362473,-0.032658576081824875
698,10.725,45.705,0.4456929782592278,0.06071541498681578,-0.18951517512573027,0.6579064079233835,-0.0029910476336597698
699,10.725,45.771,0.3081110550310505,0.012009544236827657,-0.1794501586595258,0.6908385500537989,0.018505470120801795
700,10.725,45.837,0.1906050028996494,-0.014088178460797107,-0.1808563758729803,0.7094206692259357,0.03218733650899324
701,10.791,44.913,0.977690829111341,0.3332245722135866,-0.31485374350317763,-0.1551233882143816,-0.06651200514557976
702,10.791,44.979,1.0683923685440184,0.3692908165555543,-0.32542978137903733,-0.0977177967963129,-0.042230073328688764
703,10.791,45.045,1.1442600881001133,0.4373778755645217,-0.3488930901872176,-0.009204267399027861,0.018552710677976994
704,10.791,45.111,1.230278006502081,0.5512879263738844,-0.3914777329058418,0.032359198414068424,0.10863500350747597
705,10.791,45.177,1.360784746939521,0.6621635035420445,-0.432162563898301,-0.0031175626901952525,0.17114703133748815
706,10.791,45.243,1.3606563259278632,0.7094279141216148,-0.46345526096716383,-0.07341946750150233,0.21103236391835598
707,10.791,45.309,1.427103158988887,0.7368951408839903,-0.4790989911266601,-0.11575048201942842,0.22148894521166923
708,10.791,45.705,0.4355683711613465,0.007082823125069634,-0.1803057236550665,0.7100454368024626,0.003969734846524107
709,10.791,45.771,0.3365482523151523,-0.025850831846256733,-0.1743838002605223,0.7360563060854295,0.01942953211185783
710,10.791,45.837,0.2591755265625495,-0.03329243179846192,-0.1754374830663693,0.7398245664421981,0.02983390592595212
711,10.857,44.913,0.97978476171956,0.30062069511396694,-0.3007595347542221,-0.16218578320723795,-0.07551672346752641
712,10.857,44.979,1.0319420091997664,0.33384441644079177,-0.31179672653631174,-0.11036210305144575,-0.05437385503186759
713,10.857,45.045,1.106430149285172,0.4223806326982517,-0.34012081079851625,0.01451524300708367,-0.0018431182624086846
714,10.857,45.111,1.231343204415339,0.5406746669761359,-0.3867598883167907,0.0316890860048422,0.08368838677570357
715,10.857,45.177,1.357729447387572,0.6381701351645406,-0.4265600809817677,-0.01568559220739496,0.14624798916122994
716,10.857,45.243,1.3587552225769264,0.6975452259170716,-0.4548097302907461,-0.05992012284977213,0.18577119091012112
717,10.857,45.309,1.4223859113831607,0.7367240686150882,-0.4705776848919468,-0.08754225540791158,0.2087770899926386
718,10.857,45.837,0.3291710466822338,-0.0462614316197311,-0.17210639188544827,0.7573185074865421,0.028510508334751987
719,10.923,44.913,0.9599281225369884,0.2672481714269351,-0.2885222528044821,-0.09107897080888994,-0.09071246443705017
720,10.923,44.979,1.0035510055797343,0.2982920053209098,-0.2997705574900019,0.003749828757914672,-0.07591627571266568
721,10.923,45.045,1.080146562479583,0.3929978384020396,-0.3279425361315541,0.011243443186890153,-0.026315474927002504
722,10.923,45.111,1.2073756251910113,0.5058727063117406,-0.37425616004685164,-0.034741843966945046,0.066760596013879
723,10.923,45.177,1.259090012977299,0.5946570785350127,-0.40950882803796057,-0.037145413675379275,0.1261323797702616
724,10.923,45.243,1.3453298439420238,0.660344042603521,-0.43434410298143566,-0.047880525967288576,0.1580368725465031
725,10.989,44.913,0.9558858465406784,0.24443757522356485,-0.2752029801385906,0.09840901626074447,-0.11094894427591974
726,10.989,44.979,0.980108603478376,0.2739132756321988,-0.28737987236830587,0.10776097032138934,-0.10825688322737237
727,10.989,45.045,1.0631770078020046,0.3601788559133424,-0.31473137626102193,-0.04515564722019261,-0.06923518280734481
728,10.989,45.111,1.1888246267246372,0.46157740474369996,-0.35377703784110276,-0.1400154216046615,0.0410568967609877
729,10.989,45.177,1.2268137107454766,0.5273163710249816,-0.38670567672491046,-0.12481237330348953,0.10566277034498384
730,11.055,44.979,0.9648996415486886,0.24978054338336383,-0.2724255353213535,0.09188849500108472,-0.13914213798026281
731,11.055,45.045,1.0503442267719152,0.32940061166774826,-0.3000851679242586,-0.09613496768725069,-0.09778591056303335
732,11.055,45.111,1.1607897112805778,0.4223935522513964,-0.330357665890252,-0.20341264439913972,0.003504213679048009
733,11.055,45.177,1.2056049312352324,0.4719293004076029,-0.35721342283685625,-0.1998932120015235,0.06508106647617518
734,11.121,44.913,0.9027682455331942,0.16319092041126118,-0.24388745654875807,0.24892072209941943,-0.14238163076186458
735,11.121,44.979,0.9384546158544428,0.20992605253992375,-0.2555246189879928,0.10241345557436488,-0.15532739698971865
736,11.121,45.045,1.0229179763896112,0.2980645280686403,-0.27984587819600465,-0.10286196637998403,-0.09833720055739663
737,11.121,45.111,1.115495723732967,0.3725730644906065,-0.3061357126779521,-0.22843172881947452,-0.025030269938703813
738,11.187,44.913,0.8388383311998108,0.1393993295416143,-0.2335121421631777,0.25389475374030496,-0.09643667343577657
739,11.187,44.979,0.9038601284318604,0.17650062136191935,-0.2449995298726769,0.17235901937833215,-0.09474455835057884
740,11.187,45.045,0.9917796359215872,0.2656228504185722,-0.25955457535590526,-0.016644917045432008,-0.07650840387843899
741,11.187,45.111,1.0562500773030774,0.3307024670733069,-0.28189800341134424,-0.15239249022357998,-0.055032561176995475
742,11.253,44.913,0.8183439987534992,0.12525879306235682,-0.2266165583996792,0.2550602614934399,-0.07954432674454011
743,11.253,44.979,0.8503384558634146,0.17211087321166504,-0.2308495550626231,0.15485592619892988,-0.07896258482517962
744,11.253,45.045,0.965818048599052,0.24369555605083928,-0.24260330331047883,0.021975988637009142,-0.07977973466874928
745,11.319,44.979,0.8344235513288344,0.17259687220661632,-0.22382340639381723,0.1652510186833538,-0.07045684895440635
746,11.319,45.045,0.9094317075285462,0.21246447141607308,-0.23192995918199252,0.0899967506884038,-0.07145681533957997
747,11.385,44.979,0.8194714121977601,0.16578579819984615,-0.219620387439882,0.19448991399375515,-0.06659817052754607
748,11.451,44.979,0.808471345111766,0.1616213020446341,-0.21692129159269743,0.20707610588485656,-0.06448971318667578
