fid,X,Y,Ex,Intercept,NAT_AREA_SURR,INDUSTRIAL_AREA_SURR,ROADS_SURR
1,8.481,45.309,0.423444766012882,-0.43715116894842154,-0.7797335277849126,0.2555537922200418,0.11323088573947909
2,8.547,45.177,0.4645425550890393,-0.3961955197926019,-0.7886872484696167,0.2392966229394435,-0.10351298141798593
3,8.547,45.243,0.4601935452037139,-0.4128767322494139,-0.7832945405753691,0.24794934246499,-0.03546021332186276
4,8.547,45.309,0.4613503414178692,-0.42316357866968923,-0.7837013561258266,0.25084531496867907,0.11792366819622001
5,8.547,45.375,0.4804269758999115,-0.41755744012352886,-0.7815100497371432,0.2228860000707727,0.17980248891465334
6,8.547,45.771,0.1999338254855485,-0.5604809632517669,-0.025701296066306837,0.07144796296362135,0.19071215056422852
7,8.547,45.837,0.1337809489770818,-0.6996200485988633,-0.09972411093917068,0.14517673766968758,0.18749992028629686
8,8.547,45.903,0.0823003751845385,-0.7496051739719267,-0.17656293278753604,0.33196067669746576,0.17482908646000783
9,8.613,45.045,0.4769822019796196,-0.41388876226505794,-0.7983842118698177,0.22083099281917282,-0.18587946737466343
10,8.613,45.111,0.4811768562623713,-0.38857095194906427,-0.8003346107437073,0.22122601548640863,-0.16094417239240466
11,8.613,45.177,0.4956040356956087,-0.37779850709393603,-0.799642161983978,0.22392769883651412,-0.11156381100311526
12,8.613,45.243,0.4873755714072416,-0.38124771173519073,-0.7944457703248148,0.23265364585609544,-0.05052465235666235
13,8.613,45.309,0.4898677801472778,-0.3818242575447591,-0.7916431089123743,0.239901025932465,0.10432446687647491
14,8.613,45.375,0.5165182960994875,-0.38131004082846764,-0.7961511796707226,0.20137951092138573,0.17726942235474283
15,8.613,45.705,0.3268360633901544,-0.30622588885844193,-0.06277270160713849,0.05576378546770264,0.19067910000898725
16,8.613,45.771,0.2684009427088362,-0.4557135916789447,-0.047752949923755963,0.05953639975253466,0.1913843355617157
17,8.613,45.837,0.1925517574128747,-0.6102917026805212,-0.13298503455760427,0.12840392308622808,0.18638825898421915
18,8.613,45.903,0.1157715752480277,-0.7307122928550032,-0.220395444493862,0.3595068027646209,0.1731858602317644
19,8.613,45.969,0.0343393330648584,-0.8061622681085587,-0.28066918035672306,0.40677498844024695,0.1418113767204194
20,8.679,44.979,0.4628157676070277,-0.4196673317303148,-0.796880210119554,0.21754913203342618,-0.2376262614465618
21,8.679,45.045,0.4862748916196527,-0.4060328747714692,-0.7996449644472065,0.21507902631766557,-0.2170034374842657
22,8.679,45.111,0.4951760053249179,-0.37294734315167827,-0.8075542600343142,0.20837348867593086,-0.17927479832302012
23,8.679,45.177,0.52065426462023,-0.34574231318846615,-0.8105998214615502,0.20698210617452517,-0.12594705711001156
24,8.679,45.243,0.5215454453198406,-0.3373013273656431,-0.8083841320721672,0.21427187945703696,-0.024255000134052532
25,8.679,45.309,0.532048915672399,-0.31849354093737753,-0.8123697762234431,0.21769934597722052,0.1279108412209964
26,8.679,45.573,0.5146429751767999,0.08386969320281291,-0.8818783429046182,0.03924289808398555,0.1838100067867958
27,8.679,45.639,0.4757714392477785,-0.004798343807254191,-0.6663994741940167,0.042707651613475395,0.1872437988546382
28,8.679,45.705,0.3977319639731284,-0.1439252284059276,-0.24920833806740655,0.049764044984501064,0.19162768391608087
29,8.679,45.771,0.3531138688887061,-0.28921113061376136,-0.13809018678663418,0.051879515310513595,0.19334427258036974
30,8.679,45.837,0.2458183939254062,-0.44762825427864683,-0.19631534422963473,0.05156494604791942,0.18681510973305923
31,8.679,45.903,0.1538688769393099,-0.6189718056316431,-0.27849199025490573,0.3105767297107245,0.1679317977255385
32,8.679,45.969,0.0458618020094291,-0.7295026133175488,-0.3021690948622025,0.34743108309367,0.12389722720155485
33,8.679,46.035,0.0136432528805502,-0.7585869638609644,-0.3070730312045169,0.33610644033667136,0.06985607778745204
34,8.679,46.101,0.0064642173851961,-0.7428172888317843,-0.29874311654633207,0.3142688866699178,0.03141614024993638
35,8.745,44.979,0.4584654929575142,-0.43055981787402375,-0.7962808108849411,0.2093593098951741,-0.24888666446844251
36,8.745,45.045,0.4876652444430706,-0.4109247644949983,-0.8028441502464239,0.20289175572107887,-0.234537577868954
37,8.745,45.111,0.5046179612361279,-0.365115949315564,-0.8130898202234832,0.1886120081254236,-0.2032934165338044
38,8.745,45.177,0.5443521128989295,-0.3196984451295355,-0.8245307769961254,0.17293540390822265,-0.13068351508836096
39,8.745,45.243,0.5544474140499634,-0.28639369791149416,-0.8251127338763453,0.18405829672773855,5.708591098398108e-05
40,8.745,45.309,0.5850842825386825,-0.21912269622274988,-0.8430890432524063,0.17450560372244855,0.1312708547500189
41,8.745,45.375,0.6306930591945352,-0.10112994959668514,-0.8866472696261796,0.09867552547966296,0.1689182857696852
42,8.745,45.507,0.6442046637446485,0.11311344587464908,-0.9864358093762384,0.02455106541059164,0.17020518963951098
43,8.745,45.573,0.613779922326246,0.08218744675508917,-0.9404338150380198,0.029250198204844688,0.174737451726935
44,8.745,45.639,0.5619823547585678,0.04131507826385046,-0.841138566869721,0.03634325416251663,0.18173842249596778
45,8.745,45.705,0.5130829176287524,-0.04682038687011013,-0.5286540898887657,0.045888872238611156,0.19237185060352197
46,8.745,45.771,0.4084242811148513,-0.1635195259941849,-0.16959712498440663,0.04337784766071462,0.196981639876869
47,8.745,45.837,0.3072489187049037,-0.3212518679703421,-0.26492768150452495,0.08879538763938749,0.18850424932469542
48,8.745,45.903,0.178364601539359,-0.49939468504492246,-0.2963474793392245,0.24613487981140847,0.1636335548669331
49,8.745,45.969,0.0603629859907194,-0.6246048589672245,-0.3068722705992146,0.29534837017827476,0.10612048675922495
50,8.745,46.035,0.0256484930488997,-0.6947755467636181,-0.29948358394298336,0.2947079266552002,0.06382289208510832
51,8.745,46.101,0.0117968759499692,-0.7127288768336575,-0.29396709119993353,0.2867659374800874,0.0013483429915856111
52,8.811,45.045,0.4766119717148494,-0.4302301398632835,-0.806491548535414,0.174885163651663,-0.25125948953886434
53,8.811,45.111,0.5245860142987546,-0.3708840005045439,-0.8205023677090841,0.14907311452818653,-0.22856095199107038
54,8.811,45.177,0.5511363539068218,-0.29933952306750183,-0.8357097916631473,0.11163461083754338,-0.1407734651701345
55,8.811,45.243,0.5751081126253813,-0.22449297514838654,-0.8485387151173354,0.054863177277032577,0.0315864169259015
56,8.811,45.309,0.6039502198136881,-0.11348076691732849,-0.9008762000476801,0.07413620979478698,0.1388753756431015
57,8.811,45.375,0.6750594933095144,0.013436642780055623,-0.9712961240656468,0.04578132792889795,0.15875683928389053
58,8.811,45.441,0.7081840074333804,0.10898711280575618,-1.0209996536897767,0.01304387768912552,0.15124496354966516
59,8.811,45.507,0.6937475467555461,0.09524567932141799,-0.9960507133192598,0.007062125550925171,0.1561358768774667
60,8.811,45.573,0.6736207931060876,0.06378705748682818,-0.9449737373581344,0.014525521245865012,0.1637744235730943
61,8.811,45.639,0.63862340815788,0.07142752013174229,-0.8985591256848633,0.028275076630476542,0.1742651189557059
62,8.811,45.705,0.576756153220373,0.029907831171455748,-0.9199148090073543,0.04934664676022597,0.1866606172130522
63,8.811,45.771,0.474498349368775,-0.06742907642605775,-0.2575799037790825,0.048210444979673195,0.1995326468585936
64,8.811,45.837,0.33732415563473,-0.23723875195154304,-0.336007645642581,0.1262392135446907,0.18793597500365056
65,8.811,45.903,0.1757173907103529,-0.43960304464168565,-0.3246289908279004,0.2213491569017343,0.15866822211791148
66,8.811,45.969,0.0833976622072645,-0.5485414292020183,-0.30973878511449926,0.24469940576873983,0.0963649872441749
67,8.811,46.035,0.0339566554208897,-0.6147101267758046,-0.2964662694703679,0.25653460732124234,0.028071487392473175
68,8.811,46.101,0.0131578633909574,-0.6411474165120544,-0.29038060676542515,0.26362282512977225,-0.022548772699554638
69,8.877,44.979,0.3954943256061057,-0.4818937300369067,-0.7929144681063864,0.0652519659008787,-0.2529354675604048
70,8.877,45.045,0.4590260545941036,-0.4389671992498274,-0.810684553787663,0.07605441075924549,-0.2525176181630025
71,8.877,45.111,0.5171878710034956,-0.3607712972124718,-0.8357483749814537,0.03826154778490247,-0.2402847650856246
72,8.877,45.177,0.5546090837202805,-0.26690961612416775,-0.868319467853486,-0.06549494522973658,-0.16281420938918054
73,8.877,45.243,0.5877504398232448,-0.16254127056128082,-0.9057534329692991,-0.15828282374232938,0.025338393956908328
74,8.877,45.309,0.6313926105992204,-0.029892959320284813,-0.9952433026327205,-0.04818743743028544,0.11963881279223856
75,8.877,45.375,0.7137255657402211,0.08460873170639184,-1.0466039958454547,0.0026407683925657502,0.130507439295279
76,8.877,45.441,0.7389353697388731,0.10336915884608835,-1.0499087125028517,-0.006394659390759443,0.131069518439935
77,8.877,45.507,0.728037385992791,0.04899760858452056,-1.0033491955359102,-0.006099631020416905,0.13810819709544436
78,8.877,45.573,0.6891771758696666,0.03492793852945601,-0.9187902649096582,-0.0063440168150874325,0.1496345638557754
79,8.877,45.639,0.6797705334800802,0.08147989682418043,-0.8877092613051806,0.014421915918247964,0.16442044856467586
80,8.877,45.705,0.6306392560781067,0.09519849906752682,-0.9116747420167925,0.04558663399174759,0.18458307401366894
81,8.877,45.771,0.5084571650287449,0.014334707887531314,-0.46576809044149303,0.07162689769353771,0.1943716019635618
82,8.877,45.837,0.3757450586752853,-0.20192344592645925,-0.4326050540638266,0.16207122573649693,0.18058477090102185
83,8.877,45.903,0.1780068775461532,-0.4178173221279042,-0.35184564422890796,0.18634388771274893,0.14762511872809037
84,8.877,45.969,0.0839599114507296,-0.49527574523654183,-0.32684832042273243,0.2187034549179868,0.06965603037528983
85,8.877,46.035,0.0423880673027853,-0.5390754957501016,-0.3102423770882323,0.23635507392077904,0.001209098642680185
86,8.877,46.101,0.0190952689757963,-0.5790902513684923,-0.3051075850896613,0.24867556106380226,-0.043049240902324315
87,8.943,44.913,0.259537262333305,-0.504157469179361,-0.7738679568625557,-0.01223848248098321,-0.24724567466260058
88,8.943,44.979,0.3481323256179295,-0.4912899748992697,-0.79590702367007,-0.034163123854686,-0.24835785450537307
89,8.943,45.045,0.4368672137803553,-0.4474313894289236,-0.8233804565214036,-0.03618539728872979,-0.24930470780829556
90,8.943,45.111,0.507662226155923,-0.35964800991717294,-0.8623985904939102,-0.09704585769709707,-0.23242288323259538
91,8.943,45.177,0.5609627324270541,-0.2577288979963454,-0.915264653925393,-0.14695746224730177,-0.15576240303742778
92,8.943,45.243,0.5983165851643124,-0.1488023900827995,-0.9867976929005366,-0.1929526949447217,0.022154332658779162
93,8.943,45.309,0.6395701577425628,-0.01855941632868367,-1.090460864805347,-0.05186256123932251,0.10122236000411258
94,8.943,45.375,0.7422179195537354,0.06969935211162234,-1.1230031867349406,-0.013255964913877505,0.10594879551802996
95,8.943,45.441,0.7591514180842507,0.058682638010945185,-1.0736173711138672,-0.012983860163446784,0.11133154254403296
96,8.943,45.507,0.7483218504323059,0.020448076030428215,-1.0109308428464843,-0.009674756075552128,0.11912805122666398
97,8.943,45.573,0.7239617852155766,0.02678143131951017,-0.965597666259283,-0.005125327001539483,0.12979885762356602
98,8.943,45.639,0.6498573164347952,0.08553450610586508,-0.9426411830803803,0.011207352900534272,0.1478490231896669
99,8.943,45.705,0.6607528149803085,0.13646387559808604,-0.941359813053918,0.04306789934777588,0.16849293195007553
100,8.943,45.771,0.5668470288598676,0.05961821374867288,-0.8318454666575794,0.09178195579722605,0.1805380883229886
101,8.943,45.837,0.3581829929832263,-0.18945628161469796,-0.5669553835325618,0.1419177341894911,0.16886104889649645
102,8.943,45.903,0.1806265205497506,-0.3932160112895829,-0.4009098878879307,0.17752339067382378,0.1353230135279174
103,8.943,45.969,0.0854716984099947,-0.44212580555450653,-0.3696690266795808,0.2200812501418054,0.050035802496192716
104,9.009,44.913,0.2319295857143538,-0.4605086664190583,-0.7632259872907636,0.09479459073093942,-0.24133568797509836
105,9.009,44.979,0.3073338249274477,-0.4865119464884796,-0.804358033884456,0.053605537397678094,-0.24111214970510908
106,9.009,45.045,0.4181804758085415,-0.45759302087714315,-0.8396765620246733,0.0673042535846658,-0.2402736379601223
107,9.009,45.111,0.5091843208134266,-0.36858566037391294,-0.900180517435077,-0.10447029256601478,-0.2209861637273139
108,9.009,45.177,0.558953175162304,-0.26925905419513624,-0.9652188286127329,-0.1564877445438706,-0.14011228895067296
109,9.009,45.243,0.6046458228115035,-0.17577732465376905,-1.0316265112037835,-0.16799678985685929,0.012654643927624026
110,9.009,45.309,0.6603187688740971,-0.06958820551078608,-1.099305103552346,-0.02246695604322492,0.07891713820957458
111,9.009,45.375,0.7533481696569142,-0.004183921150033614,-1.1118090188757068,-0.01800669768363777,0.09222969841142922
112,9.009,45.441,0.7672300750444485,-0.005903153027283555,-1.078106927119951,-0.00926567092712989,0.09905915352658849
113,9.009,45.507,0.7897511408114475,0.00966379356212754,-1.052010322940303,-0.001261327225890701,0.10499603660724627
114,9.009,45.573,0.7681347009387218,0.05794164816272289,-1.048248468829117,0.004756874295570193,0.11309116841352958
115,9.009,45.639,0.686740139171389,0.09832561012216784,-1.0204646975132994,0.009251559824487306,0.12644630820877156
116,9.009,45.705,0.6393414082559162,0.1416323524191121,-0.9501902480463142,0.02271854771344109,0.14314255427785322
117,9.009,45.771,0.593322279167094,0.08754054983626375,-0.8720094915218333,0.06696143437809733,0.15629390021440276
118,9.009,45.837,0.369887886523882,-0.14040306597762603,-0.5802735139260153,0.14128159636105353,0.15043175831422237
119,9.009,45.903,0.1895974823398408,-0.32408827350174585,-0.44858105383645813,0.18664971340016615,0.11825085260817997
120,9.009,45.969,0.0740476185622896,-0.39178864408532976,-0.429258454777248,0.24284271746322128,0.02267276003501497
121,9.009,46.035,0.0293852454601151,-0.4423519739621732,-0.4188393158404824,0.27598952358706325,-0.052911115411269985
122,9.075,44.781,0.0490027141294124,-0.47435647194656777,-0.5418659537112505,0.1869435805051054,-0.23031025064471872
123,9.075,44.847,0.1382383605001824,-0.4368989982288946,-0.6197916562282415,0.17324110100900764,-0.23194110480791616
124,9.075,44.913,0.2297137229479654,-0.42662348974473857,-0.7373289944055879,0.1468902692904252,-0.23295930950117666
125,9.075,44.979,0.2678049339023864,-0.47906211060159615,-0.8282571560920231,0.14972840543675803,-0.23229147691296634
126,9.075,45.045,0.3805346609450325,-0.4752425862043606,-0.8728366096584765,0.2733034609066855,-0.22809967663571534
127,9.075,45.111,0.4930505065630768,-0.3917934101380457,-0.9384900332637074,0.0633493701984785,-0.21039194563182184
128,9.075,45.177,0.5692889716256632,-0.3025030100608332,-1.0036184140416202,-0.10841179989176483,-0.13083482528290374
129,9.075,45.243,0.6083674715707539,-0.22810333370024033,-1.053495144713919,-0.08290339148837116,0.011589648202991687
130,9.075,45.309,0.6949683267126843,-0.1483948302330002,-1.0914257660942024,-0.014435367020371117,0.07585614883946878
131,9.075,45.375,0.7648187517677774,-0.09173884663600676,-1.103521678456731,-0.007010262409366796,0.08933947791320712
132,9.075,45.441,0.7875990175043898,-0.06090684243696109,-1.0968633387268114,-0.001843550191629047,0.09472056744403352
133,9.075,45.507,0.8057246528644452,-0.012680028665988122,-1.09960523979398,0.0023124584803188753,0.10025037282093724
134,9.075,45.573,0.8160043696399283,0.05091361907121546,-1.1159487038547224,0.007707847796699852,0.1030564487980148
135,9.075,45.639,0.7667782281836476,0.06736943572828585,-1.0757784913870956,0.005522707803149586,0.10964914845914628
136,9.075,45.705,0.5897989163606969,0.0901083037429245,-0.948128854727081,0.0009788275227656743,0.12233616332129583
137,9.075,45.771,0.5794105257211076,0.08185564278440932,-0.7219811621623557,0.01656216371601391,0.1358831712327972
138,9.075,45.837,0.3519734444250058,-0.08109670176348653,-0.5428314657440811,0.12836378043612853,0.14053113275122558
139,9.075,45.903,0.1759094932102462,-0.24709617620968713,-0.4580129818752422,0.17194727361043957,0.10459384605536595
140,9.075,45.969,0.076933242217192,-0.34521472190551855,-0.4561445981501709,0.26607056496032644,-0.0019535909504809334
141,9.075,46.035,0.0226177699776154,-0.43184003754438594,-0.45915257466217274,0.30625329304160415,-0.07535670985952932
142,9.075,46.101,0.0140983805104854,-0.4667200362855231,-0.4575834939371436,0.31869723158520274,-0.11051640785920455
143,9.141,44.781,0.0231817602688406,-0.5072457660989533,-0.4962351654772772,0.1969122264400625,-0.21924876358585882
144,9.141,44.847,0.062965210498026,-0.48252939291841107,-0.5471551539382564,0.191628452756251,-0.22011457610694335
145,9.141,44.913,0.1525123700945768,-0.4643254927814259,-0.7061719618620206,0.1812011694738721,-0.21900119473234259
146,9.141,44.979,0.2235619337476303,-0.4962001643696888,-0.858867303497188,0.18111914415382097,-0.221672052218898
147,9.141,45.045,0.3423780540991062,-0.5106055144044646,-0.9004028361086868,0.2505487340925775,-0.22064639365408348
148,9.141,45.111,0.4690100234604014,-0.45599104101736654,-0.9552327441437722,0.20384322030709473,-0.2034697836848426
149,9.141,45.177,0.5635091655920184,-0.3698761608481531,-1.0171854169443242,0.021401059916694592,-0.12409361646686386
150,9.141,45.243,0.6294322001082865,-0.28687470019211525,-1.069015715066271,-0.0017704773843545078,0.015522126038054897
151,9.141,45.309,0.7111637785028874,-0.20779974172646093,-1.1053292742025076,0.0023403327868138234,0.07878305048651892
152,9.141,45.375,0.7678274510579377,-0.13723519676976476,-1.127923857651507,0.003135524420662198,0.09041986828785588
153,9.141,45.441,0.8337108851117733,-0.07810957751002057,-1.1412582996035008,0.003748318402036329,0.09451045997679244
154,9.141,45.507,0.8552532903459041,-0.029569756993298894,-1.1466110077306033,0.0035932281974704328,0.09829014975858279
155,9.141,45.573,0.8372037230986774,0.018190171777964573,-1.1470362293396472,0.004619548902094971,0.09768125416201466
156,9.141,45.639,0.7751608983173769,0.026198143662255223,-1.091671516488344,-0.0007890476127796692,0.09960211898829117
157,9.141,45.705,0.6205220292317057,0.05676757989067095,-0.9468018975430235,-0.00942962485770619,0.10885792621783258
158,9.141,45.771,0.5654415679455677,0.09199856577835511,-0.7007171411055153,0.006342226805456985,0.1214714894761009
159,9.141,45.837,0.3137285905699645,-0.04039375002075132,-0.5399327115864578,0.14944817831230922,0.13208615427192455
160,9.141,45.903,0.149347637649013,-0.2152313939718113,-0.47793831093719685,0.20886072038921588,0.09731858202777054
161,9.141,45.969,0.0684371066022681,-0.34494615721339195,-0.4686250668166084,0.29647822959592784,-0.019355010061936892
162,9.141,46.035,0.0238316829907811,-0.4563439002694183,-0.46999950149138053,0.33015896529548633,-0.0907461905542661
163,9.141,46.101,0.0141999322542314,-0.486372630025264,-0.4626680820369358,0.33012383556936814,-0.12062414794581916
164,9.141,46.167,0.0072062082673352,-0.48471091484350093,-0.4564821226182472,0.3101778899914407,-0.1395811199445321
165,9.207,44.715,0.010472629674426,-0.4785889213458867,-0.44931633665458726,0.18621297847811152,-0.2113484617400997
166,9.207,44.781,0.0201545572284335,-0.5221707071658461,-0.4677536251508425,0.1973618084836887,-0.21006210898235106
167,9.207,44.847,0.0343902130416198,-0.5373507878029173,-0.5132416116127468,0.20400883297689099,-0.21106483624355146
168,9.207,44.913,0.1170660496631265,-0.5210047752291513,-0.6907107607341554,0.1995570473499813,-0.21411499150136504
169,9.207,44.979,0.2194557089605507,-0.5326674873837007,-0.8926503543779708,0.19462530493626215,-0.21832206355027145
170,9.207,45.045,0.3346404579677492,-0.5563422743481428,-0.9227289384209696,0.23493205105994205,-0.216766117061665
171,9.207,45.111,0.4328990568779887,-0.5271509816045379,-0.9655061176567787,0.2179808873379893,-0.20156422352677966
172,9.207,45.177,0.5581914222297756,-0.4383930095367421,-1.0323815859793202,0.08310616741721776,-0.11450987843283664
173,9.207,45.243,0.6665832648893988,-0.3210629876210783,-1.0989123799092968,0.01421382247213916,0.024456272590924682
174,9.207,45.309,0.7342112620396075,-0.2259760509141725,-1.145999460547138,0.0066540010005,0.08270050759155015
175,9.207,45.375,0.8050930890040303,-0.14392239884974622,-1.1779927739869112,0.006935255965147267,0.09415187681699705
176,9.207,45.441,0.8676880246844646,-0.06415646297039404,-1.2113638144889574,0.008721925517538424,0.097151515924985
177,9.207,45.507,0.9070978419117944,-0.014756548805627032,-1.220696867127923,0.007966591128448431,0.09760032034472704
178,9.207,45.573,0.854272391780393,0.0016820040430079106,-1.1974732668934962,0.005122411250747865,0.09451063732722215
179,9.207,45.639,0.7673981874455098,-0.004655343898571319,-1.1204791609136353,-0.004090446240926299,0.09346443644243818
180,9.207,45.705,0.6319022430627509,0.05258559388967984,-0.9844893371486334,-0.011779877518477533,0.09975773034805749
181,9.207,45.771,0.5521297019789388,0.10275732467208898,-0.756303029803467,0.015092850227471241,0.11139509503097456
182,9.207,45.837,0.3157379514586417,-0.022451120265824354,-0.5533768461175915,0.16644973360224383,0.12653467434066118
183,9.207,45.903,0.171715092068526,-0.19999528160692248,-0.5025172017995476,0.25001266354321444,0.09884327407399021
184,9.207,45.969,0.0690987206043871,-0.3543163228219427,-0.4979526891879322,0.3356846821605157,-0.03600038825619191
185,9.207,46.035,0.0253375868501983,-0.4793904978136054,-0.49992303041003183,0.3726103491075389,-0.0989441113159599
186,9.207,46.101,0.0174469963808852,-0.5173333828711195,-0.472837294679353,0.33993849239811874,-0.12902423522241122
187,9.207,46.167,0.0074987677041408,-0.5219332844882636,-0.4654757536353261,0.309652463625285,-0.14782840745123269
188,9.207,46.233,0.0061089221855779,-0.5347793152972915,-0.4640204795881536,0.273181866693274,-0.16167716854128586
189,9.273,44.649,0.0087487607295173,-0.45189273362777227,-0.436924866735338,0.17990915767823412,-0.20502604900183374
190,9.273,44.715,0.0101614595135535,-0.4655855726846846,-0.4407723404373513,0.18430169616074976,-0.20745116804929906
191,9.273,44.781,0.0192160974551059,-0.5178955401362173,-0.4522918703852022,0.19466815300028784,-0.2085395637136073
192,9.273,44.847,0.0254047128558166,-0.5585033303811036,-0.49877252190949245,0.20700276256050215,-0.21232254716277985
193,9.273,44.913,0.0970090894609423,-0.5686564757417901,-0.6830803617759761,0.2117119802106053,-0.21753820617486763
194,9.273,44.979,0.2087836512836727,-0.5970128517101463,-0.905745356191725,0.21801623499726458,-0.2203020605088562
195,9.273,45.045,0.327833510976438,-0.6180929626581928,-0.9635071877992303,0.24723800384442726,-0.217104157246775
196,9.273,45.111,0.4426285033504481,-0.5769374690750458,-1.001438521573354,0.28038228099834067,-0.18616554669430785
197,9.273,45.177,0.5565308006994005,-0.4695406947201193,-1.0738979893819764,0.1279177063825408,-0.09052340113819062
198,9.273,45.243,0.6864727838875743,-0.3481078466342134,-1.1368146100447583,-0.006369983180553741,0.044702074495391604
199,9.273,45.309,0.7422151805166365,-0.23681084454220017,-1.1923205335792166,0.006037277844627556,0.09048269953488308
200,9.273,45.375,0.8166578600343994,-0.13210678291195438,-1.2394532188415706,0.008224224779994068,0.10148633691501051
201,9.273,45.441,0.9033168742004352,-0.03194409973037508,-1.2878300507131182,0.012892929490287948,0.1030537353235366
202,9.273,45.507,0.978593751256807,0.025019709886714626,-1.298389491479262,0.012391735394530597,0.09870750730030348
203,9.273,45.573,0.8923093918721087,0.005757239432212082,-1.252357921729601,0.005599614505164689,0.09206808368625632
204,9.273,45.639,0.7522524864539393,-0.02893005763777472,-1.148404408064474,-0.010789367249469387,0.08955296004297669
205,9.273,45.705,0.639936074197777,0.024424620578691186,-1.0204053418764585,-0.02459047583823114,0.09501819780507309
206,9.273,45.771,0.533237110825041,0.07410217668509506,-0.8261066650426852,0.0013406625469721198,0.1062560052536566
207,9.273,45.837,0.3406945418077013,-0.04035344965348865,-0.596693490173622,0.13410796000815303,0.11962379090344713
208,9.273,45.903,0.1902223152876251,-0.2038654590861912,-0.5459169421943866,0.26867123503546564,0.09189284507346668
209,9.273,45.969,0.0737675935238297,-0.3467401167851355,-0.5358621767733429,0.3520227525975874,-0.03480027817097532
210,9.273,46.035,0.0441827391907173,-0.4722979333608026,-0.5337787234181253,0.37893360298942674,-0.09423657174604605
211,9.273,46.101,0.0183249465801114,-0.5360158991319255,-0.5044439906126341,0.35739698621279914,-0.13451834239770652
212,9.273,46.167,0.0083431500422957,-0.5677842660802708,-0.48625394580028414,0.31294245645205193,-0.15450740956617295
213,9.273,46.233,0.0063836420835191,-0.5846996517111323,-0.4802383609788814,0.2684607798244303,-0.1661395484564078
214,9.273,46.299,0.0046350195255158,-0.5814699829627359,-0.47858876219548196,0.22513532640517547,-0.17354812915238416
215,9.273,46.365,0.0033052180367987,-0.5734079784940418,-0.4786682271312782,0.19299560621989936,-0.17618937894234643
216,9.273,46.431,0.002602177377049,-0.5793875675392963,-0.48335978945992075,0.1852696421972466,-0.17757625380678982
217,9.273,46.497,0.0020268732159102,-0.5843554841762704,-0.4854268749833971,0.18105427366589794,-0.17824204590540044
218,9.339,44.715,0.0100561282974998,-0.4797181415049966,-0.4375087589959231,0.18279175881193632,-0.20579594855759736
219,9.339,44.781,0.0200006808039333,-0.5176478157057235,-0.4528475517288161,0.19172060522795714,-0.21091501060088902
220,9.339,44.847,0.0240230650973249,-0.5618938739355472,-0.4943190365447882,0.20617547979073084,-0.21581420148300362
221,9.339,44.913,0.0930549927990072,-0.594870430688658,-0.7091251656833845,0.21900975250304225,-0.22129132435530108
222,9.339,44.979,0.1988671792669331,-0.6521263656241063,-0.9269275714984024,0.23884037536994562,-0.22132813741620866
223,9.339,45.045,0.3502299464642694,-0.6842085213590376,-0.9958911104842939,0.2864888601094968,-0.20877889657020704
224,9.339,45.111,0.4627514976459183,-0.6087199206865146,-1.0526382781724979,0.33109569627845126,-0.16830564497928768
225,9.339,45.177,0.6110141292329099,-0.47782674278518783,-1.1277812092637935,0.009414603817226294,-0.044271528187956606
226,9.339,45.243,0.6954954413413105,-0.35028681669692746,-1.1904773213662987,-0.02280541202079016,0.06872246253761494
227,9.339,45.309,0.7817217742455247,-0.2109104987301456,-1.2598901097689392,0.01177814326389863,0.1015948309425963
228,9.339,45.375,0.8957801998593133,-0.06773031788826162,-1.3347808059079642,0.013533978444861768,0.11198655606945944
229,9.339,45.441,0.9503047777699078,0.046352278625619164,-1.39813628063492,0.020585418432443374,0.11130171429838227
230,9.339,45.507,1.002008161358166,0.07989988013055015,-1.3949822212479,0.017042948512733018,0.10240708951332096
231,9.339,45.573,0.870525426844603,0.02304682813033549,-1.3204576818579488,0.002865728785010504,0.09216576046261185
232,9.339,45.639,0.7381136393398051,-0.01345974470757848,-1.2015710096842005,-0.021863004503658995,0.0875232732565543
233,9.339,45.705,0.6154329704906383,0.04764941099098785,-1.087646588752948,-0.0342794888627187,0.09262791667125184
234,9.339,45.771,0.5231097808592666,0.07410861029086176,-0.8077033503718064,-0.004053033348935461,0.10652530386247369
235,9.339,45.837,0.3278349815059298,-0.04974355243567285,-0.6142038181193374,0.10122322226434757,0.11755987950824673
236,9.339,45.903,0.1601118340587407,-0.2205233339965257,-0.5832265209933432,0.27887424890632884,0.06179014809338529
237,9.339,45.969,0.0604564523792402,-0.35066599527864073,-0.5551089197781337,0.3329620037944279,-0.06890195729611287
238,9.339,46.035,0.025218190024055,-0.4664936849722892,-0.5422679916915346,0.3485964310236787,-0.11585459840168268
239,9.339,46.101,0.0211902123264345,-0.5465657934877128,-0.5277801833347908,0.34222859638214587,-0.13760899320410627
240,9.339,46.167,0.0174118143800907,-0.5996125660255326,-0.5232113116948063,0.3212295055740381,-0.15802021597495358
241,9.339,46.233,0.0074543923370419,-0.6288203215402667,-0.5001965554954845,0.2601437675402446,-0.16856765074639007
242,9.339,46.299,0.0053804607966217,-0.6108879600995785,-0.4913911344060354,0.21623181822868814,-0.17500555141231286
243,9.339,46.365,0.0039285796164016,-0.5882195247495108,-0.4855536097517567,0.1869262019798404,-0.17767091865933332
244,9.339,46.431,0.0029699437357808,-0.5859034508136737,-0.48774946394035024,0.18139434877223135,-0.17832986969067413
245,9.339,46.497,0.0022700256601472,-0.5876431917013198,-0.4889526757520904,0.17980564118676198,-0.17880454726586087
246,9.405,45.045,0.3653221227024943,-0.7234893875763131,-1.0290776384903122,0.3295566497845397,-0.19817161124681154
247,9.405,45.111,0.4715768076300987,-0.6461052716726408,-1.0946589335173045,0.2744374099036053,-0.12635029929308866
248,9.405,45.177,0.6321219776603052,-0.4906804917185958,-1.173887663749056,0.04358710802601692,-0.0029620993508507505
249,9.405,45.243,0.7127144080356791,-0.331032761086222,-1.2609625347115214,-0.004194614715186583,0.08167432914285565
250,9.405,45.309,0.8449645526263997,-0.15897565812227749,-1.3508374827850798,0.042345517259623586,0.1127393284490466
251,9.405,45.375,0.9422967024921296,0.011322474434119194,-1.4468139675445029,0.03327019374820667,0.12435942394718978
252,9.405,45.441,1.0100197160006097,0.1248947771663215,-1.5092113047785614,0.02985988201507078,0.12224919173311653
253,9.405,45.507,1.0298125585672002,0.1400616121334391,-1.4962138015585345,0.01429726949784737,0.10903861378737327
254,9.405,45.573,0.873842472366797,0.06639350223681853,-1.4135139325560475,-0.0135714241359816,0.09538473650587273
255,9.405,45.639,0.7290629350564612,0.041885696801139294,-1.3017338069364484,-0.046097299994157244,0.08984018973301056
256,9.405,45.705,0.5921689199433298,0.11942762641641758,-1.1621796322753268,-0.04605401796745998,0.0965623398746222
257,9.405,45.771,0.5014130486607393,0.14109262952613594,-0.651237684803724,0.022212931013134582,0.11395889550525448
258,9.405,45.837,0.2905145966518204,-0.009159664089100565,-0.5974568908469994,0.17644575683792257,0.11191970430870442
259,9.405,45.903,0.1163025579841201,-0.2063414678117714,-0.5979938829677359,0.28996948657805155,0.006679453997788985
260,9.405,45.969,0.0274085833149682,-0.3346725721205869,-0.5694824337581432,0.2935080862166974,-0.10185671392529391
261,9.405,46.035,0.0076795526622971,-0.43540311417382355,-0.5513340392697799,0.2957969023092972,-0.1327634441189728
262,9.405,46.101,0.0172431322736322,-0.523333107884179,-0.5424870446938177,0.2948711291198386,-0.146783237357402
263,9.405,46.167,0.0186365406064636,-0.5926470604833163,-0.5471862684503858,0.29275603763921104,-0.15902075167157628
264,9.405,46.233,0.007247281550314,-0.639884819455188,-0.5311397729389983,0.25245020468444035,-0.17077696754754507
265,9.405,46.299,0.0049619565371717,-0.6294321075493006,-0.5111550988755369,0.20977412856771016,-0.17634999715342703
266,9.405,46.365,0.0036341275029151,-0.6004799906722741,-0.49679450801975666,0.18295222650098775,-0.1785079843466714
267,9.405,46.431,0.0026429417768299,-0.5934347886856681,-0.49331279855671717,0.1780724879798663,-0.17900748907808803
268,9.405,46.497,0.0019956453291652,-0.5943633731507574,-0.4929832295873961,0.17841226661270337,-0.17925558046030954
269,9.471,45.111,0.4808806825239455,-0.6625751538043394,-1.143094483599873,0.0765197206107243,-0.08627577105450704
270,9.471,45.177,0.6390029441119771,-0.5064013755871231,-1.2261097597646708,0.0016184677574011541,0.023757075638492563
271,9.471,45.243,0.7441729554361147,-0.31069473219793764,-1.3296620290763757,0.008727613006693669,0.09093173225037451
272,9.471,45.309,0.8786226363115447,-0.12205808993386297,-1.433589010567239,0.055184785963649764,0.12445318132098479
273,9.471,45.375,0.9583502377947976,0.04786680867326185,-1.5358200711447214,0.06820629988400455,0.138936478818251
274,9.471,45.441,1.0269211172711408,0.1568238335133078,-1.5969998332225996,0.04598269590813534,0.13490681112202665
275,9.471,45.507,1.007890078776681,0.18080849535787677,-1.5906648244916428,-0.0014259246112798482,0.1155614694445456
276,9.471,45.573,0.9087253699827328,0.11837328985831966,-1.5163198657513717,-0.05409448791454746,0.09950492085862597
277,9.471,45.639,0.733184531303375,0.09356560885891063,-1.4255698360370683,-0.08770049396333385,0.09527716245454033
278,9.471,45.705,0.5620871841110205,0.15870068568100443,-1.2206500802736358,-0.082876821142644,0.10670928164252938
279,9.471,45.771,0.472585041090358,0.16587626615467793,-0.5926331057436313,0.018662000872534737,0.1259041882952845
280,9.471,45.837,0.2467087569845994,0.007787522274698791,-0.5976009532101103,0.23429754505387365,0.09165259114576263
281,9.471,45.903,0.064434532665734,-0.19992270871383178,-0.6049002289556462,0.2591674502254374,-0.04746260311495905
282,9.471,45.969,0.0072106127371783,-0.3213119110236211,-0.5777637732700349,0.24094569949150324,-0.11751685627024433
283,9.471,46.035,0.0165930664528565,-0.4036850697798197,-0.5557439776797041,0.22472806662552103,-0.13779744728372184
284,9.471,46.101,0.0178208258508649,-0.49065111233914865,-0.5472060047219134,0.21990518250917435,-0.15247835875756927
285,9.471,46.167,0.0176780351318286,-0.5674417510423656,-0.5490402985880931,0.22670794977863626,-0.16461063232335862
286,9.471,46.233,0.0065916554842275,-0.6223002515073701,-0.5381101383404253,0.2089580850127556,-0.1735354883139369
287,9.471,46.299,0.0041202488002168,-0.6236719323836115,-0.5184895080360387,0.18271746056207544,-0.17767795754239718
288,9.471,46.365,0.0028642842034804,-0.6046436341788475,-0.5059702343587954,0.17331675287178577,-0.17915281534023555
289,9.471,46.431,0.0019722315736508,-0.5992999525749135,-0.49945112390941687,0.17337927005952328,-0.17943900026242002
290,9.471,46.497,0.0014530950605039,-0.598189677654069,-0.4972315492993987,0.17557002140921285,-0.1795588898399449
291,9.537,45.111,0.4931798842133487,-0.6419083014218495,-1.2071906923451259,-0.09005120983485804,-0.05401669735219853
292,9.537,45.177,0.6706868412382989,-0.49328859564082733,-1.2801803434822068,-0.06481835966994788,0.029140971759868926
293,9.537,45.243,0.761232905071337,-0.29012075211606303,-1.3869375372326382,0.009115616076151328,0.09141016299376958
294,9.537,45.309,0.8934940965832473,-0.1023053585638796,-1.490477680426395,0.05377203962016528,0.12882053002372856
295,9.537,45.375,0.9757229539954018,0.0623275342100191,-1.5803536315492666,0.03525608543200927,0.14608353379496902
296,9.537,45.441,1.038625646697828,0.1635814730281011,-1.6365523422047867,0.0019285220531702566,0.14653577770091158
297,9.537,45.507,1.016101013943569,0.19999484924438377,-1.6481797768508826,-0.05173124749513893,0.12316583563997521
298,9.537,45.573,0.9199873306430164,0.1450462406723343,-1.5876596976354036,-0.108204655607292,0.10308519920422074
299,9.537,45.639,0.7290131238053362,0.09730288814641054,-1.4861969735104301,-0.13799527976793086,0.09976548118463849
300,9.537,45.705,0.5199401996123113,0.13659451971371278,-1.2319855386681062,-0.1318533267280067,0.11152535142421222
301,9.537,45.771,0.3902103840788429,0.11156699789231272,-0.6345651417000433,-0.02208841719087651,0.12543037403560267
302,9.537,45.837,0.140280306602473,-0.04697310007350804,-0.6220237054319995,0.20527301915168622,0.04991608867263769
303,9.537,45.903,0.0326411468935923,-0.22267513633748537,-0.6188232652959627,0.23495439136561078,-0.08458940508094047
304,9.537,45.969,0.0165246498473231,-0.3275971098102032,-0.5905813704521583,0.2177911317140728,-0.12687422423349642
305,9.537,46.035,0.0097957213514488,-0.3983517071266257,-0.5659752395250393,0.1921533142663223,-0.14279980412716467
306,9.537,46.101,0.0105866351898208,-0.47243873077199483,-0.553380086560141,0.17653772587794053,-0.15718755191319742
307,9.537,46.167,0.0101804005994513,-0.5363132698656086,-0.5469264342368312,0.16986814118178395,-0.16998451789738067
308,9.537,46.233,0.0055139926906626,-0.5819146171620218,-0.5356332109485231,0.1607514376830127,-0.1768629752042612
309,9.537,46.299,0.0027828518020689,-0.594270041898449,-0.5247757266852744,0.1565913747766739,-0.1791026185097011
310,9.537,46.365,0.0013970005421432,-0.5938862329107424,-0.5140198700294143,0.15769422834260516,-0.1800919728813764
311,9.603,45.111,0.5490684732757406,-0.6191918093979664,-1.2534131224202492,-0.1445947405543438,-0.049007335353673166
312,9.603,45.177,0.6841928219663479,-0.4568385469656423,-1.3251348933669655,-0.092172248709039,0.01815643025357406
313,9.603,45.243,0.7702636124098706,-0.2793381713431739,-1.4248831689844133,0.0020000242239073124,0.08722901010700394
314,9.603,45.309,0.9030983343876374,-0.10404966684858183,-1.5197423094744837,0.04821450895279325,0.13353033780666212
315,9.603,45.375,0.9713905132593964,0.042631514216367544,-1.5974483808758895,-0.016047516141920827,0.14678569161746682
316,9.603,45.441,1.0323947239950797,0.1435258533371384,-1.650152764106911,-0.04086756282426174,0.14624747206022037
317,9.603,45.507,1.053989004055339,0.2032825531476121,-1.672495573235695,-0.09229639328054391,0.11867907055936949
318,9.603,45.573,0.9234971260106456,0.1473807308204646,-1.6132369708315026,-0.14952149824763294,0.09786118827844925
319,9.603,45.639,0.7055327627943685,0.07382854239069847,-1.4966772676377265,-0.17324398638738503,0.09389664996550524
320,9.603,45.705,0.5096928715925453,0.08519812685626733,-1.2778605724021326,-0.1637007990721678,0.1001406997739494
321,9.603,45.771,0.3333934062468265,0.024565480931011605,-0.701035122624873,-0.05848512697968978,0.10137016501974613
322,9.603,45.837,0.1091043479505836,-0.1269099500098541,-0.6442897894330404,0.15613197500044898,0.003820361368531782
323,9.603,45.903,0.0244132015443395,-0.2582875249604456,-0.6259223979420119,0.2041284074022532,-0.10790830548863943
324,9.603,45.969,0.0105891154605321,-0.33966324306063544,-0.5951732240186407,0.18936059589187623,-0.13473908590692346
325,9.603,46.035,0.0092257213898599,-0.39925024347395044,-0.570645234306305,0.1636300535881972,-0.14791266059769703
326,9.603,46.101,0.0096366505957201,-0.46288095525965545,-0.5560822621788586,0.14642851338551366,-0.16059145773019579
327,9.603,46.167,0.0090758312155352,-0.5157441977513042,-0.546860517876812,0.1372270511134317,-0.17177894328946164
328,9.603,46.233,0.0047971852499753,-0.5511455612474532,-0.5387146979015058,0.13144485357370414,-0.17788077788490372
329,9.603,46.299,0.0021776046366927,-0.5653413473255502,-0.5320520172492831,0.12969383565357365,-0.1798101096825837
330,9.669,45.045,0.4714227240083858,-0.7828460927821459,-1.2315679296781807,-0.10000026565064238,-0.09483878865225893
331,9.669,45.111,0.5909089096926559,-0.626539080042649,-1.2734695108426766,-0.11259512690185362,-0.06642392083817314
332,9.669,45.177,0.6929546866257337,-0.437000095488585,-1.3521046045174852,-0.07381507186161344,-0.0035072884083191674
333,9.669,45.243,0.7741681103057282,-0.2737617494701329,-1.4419573881593897,0.011428304098013611,0.08282914266826699
334,9.669,45.309,0.8907657962438632,-0.11063550414953514,-1.5243326128183776,0.032136729897930684,0.13617689798628557
335,9.669,45.375,0.9560376027816656,0.010026106892872822,-1.5856126924117184,-0.05681954240345228,0.15199369733764115
336,9.669,45.441,1.0094314909893782,0.10107955845240213,-1.6270607528992744,-0.07516145895093916,0.14536481778139665
337,9.669,45.507,1.0188751703051857,0.16630696174051965,-1.650921794697092,-0.11959410949667686,0.10436184970477566
338,9.669,45.573,0.9077250814892625,0.11103253719997308,-1.585538870689828,-0.17764824021893844,0.08360976080353372
339,9.669,45.639,0.6873318766141525,0.03788793880715768,-1.4724126021451531,-0.19423955065268267,0.08162812033165093
340,9.669,45.705,0.4908967848775216,0.039500506929428,-1.2737854129334294,-0.17777023760258817,0.08590026430566447
341,9.669,45.771,0.284631097833156,-0.04178724272036775,-0.7394604119042256,-0.07601251506109616,0.07428256624406607
342,9.669,45.837,0.0935450063314395,-0.18628126593136868,-0.6582504653571302,0.11137837641735002,-0.03337506613415045
343,9.669,45.903,0.0213556191868362,-0.2894028807255594,-0.6318165868698428,0.1761663902930847,-0.12393202698705452
344,9.669,45.969,0.0103850152621912,-0.3590135648023521,-0.6000189619133192,0.16539044775791162,-0.14263545471718514
345,9.669,46.035,0.0088180671641307,-0.4133102540511946,-0.577509656614931,0.14477354509162055,-0.15310967379389717
346,9.669,46.101,0.0090043042993901,-0.47250644165711786,-0.5642964128096009,0.1323301812930342,-0.16247000947081186
347,9.669,46.167,0.0084033965849666,-0.5207739611610904,-0.5564829958740236,0.12724018767993076,-0.17231585568129054
348,9.669,46.233,0.0044750037099367,-0.552608763512141,-0.5464848387950835,0.11509476148223477,-0.17809114496994122
349,9.669,46.299,0.0019761764825717,-0.5649909831027327,-0.5408625687054429,0.10771078790967291,-0.17926979271057197
350,9.735,45.045,0.4881974668031224,-0.7797654579751268,-1.2476871840799424,0.010567291292642812,-0.09881676448128038
351,9.735,45.111,0.6136499114654187,-0.6266269275102695,-1.2856486062938632,-0.0047747208302090505,-0.07998074302054975
352,9.735,45.177,0.6955745029925827,-0.43167362618035976,-1.3690664680944156,0.014424111398683884,-0.02854910091957051
353,9.735,45.243,0.7745300651600553,-0.2767744144421084,-1.4409377956639213,0.034029448032961276,0.06712029453815241
354,9.735,45.309,0.8728324264372092,-0.12988007937198814,-1.510858976460054,0.03406614701337374,0.14484825845857752
355,9.735,45.375,0.9175504434360248,-0.008532509528272593,-1.5747271876657947,-0.027378146563402494,0.14627133367544595
356,9.735,45.441,0.9973502075006796,0.08539137342074246,-1.614716292679911,-0.07518081322512023,0.12297513396947235
357,9.735,45.507,0.957736452187548,0.12293222259229769,-1.6237839445386986,-0.14464309210582288,0.08236786655939492
358,9.735,45.573,0.8614169932734599,0.06526772351960296,-1.5531537841802845,-0.19570811149608686,0.06397446470944906
359,9.735,45.639,0.6586717046977603,0.02927592246863592,-1.4570880664964236,-0.19994580366053913,0.06530056952530673
360,9.735,45.705,0.4721838735754304,0.03052731829371334,-1.2286121074884093,-0.16992493543337617,0.07223774696824543
361,9.735,45.771,0.2517359045889413,-0.07362548958789153,-0.7441414293761286,-0.058987147285686714,0.041073188349671844
362,9.735,45.837,0.0844164594728905,-0.22525035862485027,-0.6664431156225159,0.12116182519808799,-0.06782573546885252
363,9.735,45.903,0.0170843786652612,-0.32069420491861844,-0.6347380794673368,0.16356884240033664,-0.13172738134572165
364,9.735,45.969,0.0097630267809099,-0.3821070463148127,-0.602773160507495,0.14790336249182293,-0.14566745479023022
365,9.735,46.035,0.0082510455729795,-0.4342343245444653,-0.5831384515626353,0.13080242710386014,-0.15469177500264494
366,9.735,46.101,0.0086877798221574,-0.4910590396952923,-0.5721417474185507,0.1220358328427357,-0.16229399593792115
367,9.735,46.167,0.0083593040198684,-0.5343007575291767,-0.5642488974532613,0.11690390056916411,-0.17079775747040055
368,9.735,46.233,0.0045516967487055,-0.5622568230284843,-0.5529011583861745,0.1009865925077083,-0.17630268389288484
369,9.735,46.299,0.0020329322359901,-0.573869590016509,-0.5481099224263319,0.0918264050574121,-0.17825268877515785
370,9.735,46.365,0.0006027130242078,-0.5770477906994442,-0.5461516613671197,0.08801417267492823,-0.178839705400824
371,9.801,45.045,0.5249603698111394,-0.7168514005795302,-1.263241459056467,0.11285859337377208,-0.10343589947983328
372,9.801,45.111,0.624479984376634,-0.588168199927506,-1.300598403486501,0.12347002253017483,-0.08056726157525815
373,9.801,45.177,0.7036401009439391,-0.4107963843240656,-1.375474012628327,0.07878649610969601,-0.05107735402846336
374,9.801,45.243,0.7755961916264368,-0.2709731741802344,-1.434475106928871,0.03597353236305956,-0.0034560888369402493
375,9.801,45.309,0.8337113877117845,-0.14927718441590526,-1.485902313012427,0.003208622162472148,0.132473060020242
376,9.801,45.375,0.8946295167709369,-0.02521810955767514,-1.5506375090878872,0.03300400027520605,0.12762169433136944
377,9.801,45.441,0.9881248703328792,0.08605976944121962,-1.6018504138946015,-0.05340798294973918,0.08024807957094104
378,9.801,45.507,0.9409959565616756,0.10542683719068904,-1.5967308730360594,-0.16873582083969224,0.04726800566377544
379,9.801,45.573,0.8044833803276986,0.05618131251004553,-1.5310329954785247,-0.20765254071114161,0.034418744386128776
380,9.801,45.639,0.6174591182094666,0.05345809310150499,-1.4581778792671947,-0.1925744740985764,0.03882355886112871
381,9.801,45.705,0.4529979250432846,0.04934676910417207,-1.1342529730400746,-0.13329124143748705,0.042926750244901876
382,9.801,45.771,0.2321425187448031,-0.08771296594526848,-0.7353061705196382,0.0081086817687842,-0.005114122889631397
383,9.801,45.837,0.0810808397914452,-0.26032163963557886,-0.681128722296967,0.1777081096766755,-0.09232441735779737
384,9.801,45.903,0.0156557427355659,-0.3603690650705201,-0.6430211656757754,0.17507471270360941,-0.13308684728325906
385,9.801,45.969,0.0094390134203172,-0.4113680520893649,-0.6063605881004337,0.14127983890250975,-0.1458490505317909
386,9.801,46.035,0.0078234995761458,-0.4550154569677295,-0.5855951657436194,0.11843766896145815,-0.15458496908843994
387,9.801,46.101,0.0083744426206376,-0.5054161866725113,-0.5749938984131331,0.10724179317121697,-0.1617278110941505
388,9.801,46.167,0.0082212424355544,-0.543440771144341,-0.5670705355900902,0.09998339995822139,-0.16939610603244498
389,9.801,46.233,0.0044933004368456,-0.5683750333401038,-0.556103161666462,0.0841017349346915,-0.175310344511526
390,9.801,46.299,0.0020630119108146,-0.5805741446885777,-0.5508383517608049,0.07631854710083538,-0.17690124198669863
391,9.801,46.365,0.000652733692004,-0.5855444912134449,-0.5493114384235854,0.0726274655228912,-0.17740254605708838
392,9.867,45.045,0.5590076595400586,-0.6285029977927572,-1.2741394607923797,0.1499562699882185,-0.10740296857121906
393,9.867,45.111,0.6325725093741821,-0.5201441221697858,-1.316842028347561,0.13734321089391544,-0.0927185092394535
394,9.867,45.177,0.7356434676771897,-0.3759732665213442,-1.3688204578434124,0.1111927381947507,-0.07046281467381679
395,9.867,45.243,0.7992696937826205,-0.25155066413725224,-1.4238957912409056,0.11221462831718775,-0.042751547448108065
396,9.867,45.309,0.8276670487071521,-0.15782622230903876,-1.4576755657108635,0.07847354412208306,0.04269400491783273
397,9.867,45.375,0.884297588159346,-0.05205697544535698,-1.5069689047081192,0.029674887235995994,0.06194736184812463
398,9.867,45.441,0.9573350351931846,0.05274349629280925,-1.560195382765441,-0.0571566198971786,0.027218616082304033
399,9.867,45.507,0.9081918818152448,0.07037950918291706,-1.5550069861382627,-0.17002709943417094,0.0026127568359674905
400,9.867,45.573,0.7565333386637655,0.04148175135511985,-1.5082907555536904,-0.19810643322547183,-0.008057065654423358
401,9.867,45.639,0.5746457563922063,0.06805273651219854,-1.4455246044926868,-0.17449062376121371,-0.007761353873688381
402,9.867,45.705,0.4236933854442509,0.05724807845553301,-0.9428197465612462,-0.080288460379426,-0.008508793461018328
403,9.867,45.771,0.2184590789942286,-0.09999435182760648,-0.7061422749047573,0.10071193809703077,-0.05321641135299909
404,9.867,45.837,0.0753386021063125,-0.2931701500509736,-0.6883028009313831,0.22570918160213457,-0.10555075716896159
405,9.867,45.903,0.0209906934693652,-0.4000293286420299,-0.6495348165591921,0.19005917027069652,-0.13135369276895675
406,9.867,45.969,0.0094113315535953,-0.44270357171801134,-0.6083290303204967,0.1373080438420337,-0.14473247610189344
407,9.867,46.035,0.0075757266688415,-0.4759621741688056,-0.5856403472519134,0.1063602735532066,-0.15400969092302147
408,9.867,46.101,0.0080799452486031,-0.5169622663407971,-0.5732198456073627,0.08832217792544228,-0.16151525706862122
409,9.867,46.167,0.0079698227632105,-0.5504100999088305,-0.5639725331995825,0.07556004200187136,-0.16980939593705113
410,9.867,46.233,0.0042911834322817,-0.5739043008906306,-0.553607625581148,0.060232293529432365,-0.17501954673406875
411,9.867,46.299,0.0019827642861393,-0.5885607303792896,-0.5506804394995811,0.05759305278466645,-0.17623375598075988
412,9.867,46.365,0.0006490086833728,-0.5967866038061322,-0.5494026980874545,0.056000638334716774,-0.17614265565512366
413,9.933,45.111,0.6959101159195915,-0.44350125051235684,-1.3199036798742798,0.10904152709248355,-0.10750184557682371
414,9.933,45.177,0.7308674484131054,-0.3491931614421835,-1.3597559206551062,0.11615252038840981,-0.089802509821066
415,9.933,45.243,0.799353782630673,-0.24516693324611505,-1.3978482646656525,0.1677613880086872,-0.06295660848715671
416,9.933,45.309,0.8212678418561021,-0.17418253507573295,-1.4167428808845146,0.1588137957478611,-0.019991797821447624
417,9.933,45.375,0.8357232463404614,-0.09643083281322158,-1.4433150914860398,-0.02683684096188757,0.011875202122498362
418,9.933,45.441,0.9012978441630498,-0.004623526290236241,-1.486222288800421,-0.0640881405803895,-0.0109665330911261
419,9.933,45.507,0.8836210784797964,0.018250509646166826,-1.4811936073894323,-0.14925260488184444,-0.028246760511273495
420,9.933,45.573,0.7151819135249009,0.004737378652517265,-1.4421397140653613,-0.1810671376147352,-0.03942646387795695
421,9.933,45.639,0.5295096549798476,0.02797058272685535,-1.3664606364603458,-0.16618397582216665,-0.051915881249488094
422,9.933,45.705,0.3924955144955704,0.001056744230288044,-0.807705354227267,0.031538152110811964,-0.06500837722098443
423,9.933,45.771,0.193990996709533,-0.1522129280613091,-0.6899588403063307,0.22823093357236318,-0.08514262520302684
424,9.933,45.837,0.0756319439790332,-0.33374112415456053,-0.6864924192274774,0.24234981923545745,-0.10939019773462688
425,9.933,45.903,0.0213899429014574,-0.43678592896055407,-0.6514682045951155,0.198185027075434,-0.13010676656633613
426,9.933,45.969,0.0096783457362628,-0.4724103104515801,-0.6085245840248319,0.1324162042929066,-0.1447039653070718
427,9.933,46.035,0.0075480274146548,-0.4980811877423842,-0.5852101906386189,0.095359596035869,-0.1545422677335932
428,9.933,46.101,0.0078199479307664,-0.5306998618072138,-0.5709603256722757,0.07183820739843436,-0.1617447458226815
429,9.933,46.167,0.0075856620707753,-0.5605669791450465,-0.5616696353399522,0.0571917357705728,-0.17041276565696037
430,9.933,46.233,0.003936724620859,-0.5833632449417566,-0.5522322962030075,0.04283099552313679,-0.17497883828923014
431,9.933,46.299,0.0017085327714,-0.5992681841403064,-0.5497902047969967,0.0403974418443246,-0.17563299596150783
432,9.933,46.365,0.0004766211752067,-0.6087468547325288,-0.5486347971165836,0.03729983047225464,-0.17498031090633012
433,9.999,45.045,0.6030510943927588,-0.46829453247211916,-1.2749490748859162,0.07884725561796244,-0.12407570207724652
434,9.999,45.111,0.708802264421529,-0.40478579951184224,-1.3056787660812592,0.0924591697589862,-0.11290496606782666
435,9.999,45.177,0.729944264550379,-0.324663419440145,-1.338561557947525,0.11749073022790947,-0.09247310776903192
436,9.999,45.243,0.8071424565672292,-0.2509498415930471,-1.3588138432468915,0.13790689938027553,-0.05456077221535127
437,9.999,45.309,0.7980039581875437,-0.19301918145195313,-1.3662466551605288,0.051415177079798806,-0.021334563147749633
438,9.999,45.375,0.8215899100298703,-0.12815828068717244,-1.3866808524212368,-0.0046710208033446145,-0.006474405066629442
439,9.999,45.441,0.8837389041234831,-0.04656375402867692,-1.4153685459477643,-0.04468713761502428,-0.02396067453454509
440,9.999,45.507,0.8412722673676412,-0.02818751595663609,-1.4073858464594688,-0.09205306897814174,-0.03642251165829077
441,9.999,45.573,0.6625294922741021,-0.03856374516582904,-1.371902226166963,-0.11084578948124454,-0.046038335656053156
442,9.999,45.639,0.484238326487683,-0.04186758776985991,-1.2569419808470332,-0.10493128980893282,-0.059346791919019246
443,9.999,45.705,0.31430951155727,-0.09509826624803668,-0.7389232512317574,0.08816407702715806,-0.07877210179800812
444,9.999,45.771,0.1717649933151228,-0.23845894982574384,-0.697563954519654,0.24718982338725276,-0.09440061681171885
445,9.999,45.837,0.0740553496734898,-0.38154670923648915,-0.6878330898256959,0.24947272061970693,-0.10979650203630825
446,9.999,45.903,0.0208106273499146,-0.46252034097760697,-0.6464186911272954,0.1895276655423915,-0.13060623960187284
447,9.999,45.969,0.0092128464835863,-0.4914584363707409,-0.6033547287047216,0.11587451075969642,-0.14586904953150845
448,9.999,46.035,0.007180079510335,-0.516037009579653,-0.5824058704529682,0.07982398686817255,-0.15581249844381112
449,9.999,46.101,0.007268545396948,-0.5474183953300282,-0.569835499845676,0.05848768721609413,-0.16225163324733555
450,9.999,46.167,0.0069514839538911,-0.5781398320721133,-0.5617603320941918,0.04586295413549768,-0.16888863675822224
451,9.999,46.233,0.0037021472651348,-0.6027622823328167,-0.553525397671781,0.0334656806410338,-0.17386818811157884
452,9.999,46.299,0.0015281789916865,-0.6165805139385084,-0.5486096745553725,0.024976261148036367,-0.17497877384304988
453,9.999,46.365,0.0002773148031849,-0.6325852868551961,-0.5463581419267409,0.01622129301344906,-0.17352232869651157
454,10.065,45.045,0.6165552852347271,-0.47329650578073057,-1.261470647946911,0.10492292866874918,-0.11598489713131242
455,10.065,45.111,0.7195530504933471,-0.38884600518410234,-1.2896657103471103,0.1090574912788614,-0.10759796060344229
456,10.065,45.177,0.7796936913120941,-0.3006311370697987,-1.326490702590154,0.14289366764548042,-0.08529304445095537
457,10.065,45.243,0.7694617749683458,-0.2513834258982776,-1.3259972888883875,0.0900615484717154,-0.051500330041596966
458,10.065,45.309,0.7945028019147536,-0.20768200702632922,-1.325085582397099,0.02271670215124602,-0.012430876987549657
459,10.065,45.375,0.8188587883186277,-0.12103319911816868,-1.3539398109632903,0.036938580853613505,-0.011143900320182826
460,10.065,45.441,0.8710705363844333,-0.06069134026517384,-1.3600262501874252,-0.023726813070109994,-0.021699879786408218
461,10.065,45.507,0.7866325356018824,-0.05358567204854896,-1.3283722840003995,-0.044992123355370735,-0.028385801442168585
462,10.065,45.573,0.6196486258442915,-0.03409766066385686,-1.2833636903747498,-0.038123118082865545,-0.03420076362228121
463,10.065,45.639,0.4445417598755878,-0.033193628834977285,-1.0780572890582203,-0.008873008214434364,-0.03765144203564013
464,10.065,45.705,0.2783474267580482,-0.13678871593341568,-0.7269435909458071,0.10931529363648318,-0.05175973913259283
465,10.065,45.771,0.129467110005485,-0.2911854580952784,-0.7133427911876433,0.24549721523253756,-0.0837661668860176
466,10.065,45.837,0.0597754412180222,-0.41193394972084163,-0.6868506020894682,0.24605201247909356,-0.10511449277296672
467,10.065,45.903,0.0197780297966835,-0.4785324315457304,-0.6397639342897474,0.16667117649756036,-0.13178668275370597
468,10.065,45.969,0.0087793094823438,-0.5064636255018139,-0.6003504262535613,0.09535526242421907,-0.14850961843178412
469,10.065,46.035,0.0069283054405472,-0.5264862155108911,-0.5790102605340642,0.061195787265270286,-0.15695976285713953
470,10.065,46.101,0.0068412648146502,-0.5631333842192459,-0.5698156028941367,0.046198719388944855,-0.16240733632320264
471,10.065,46.167,0.0064703278005762,-0.5995013988554854,-0.5649620847976227,0.038915631935128314,-0.16774613566394123
472,10.065,46.233,0.003767636639833,-0.6284932480463955,-0.5546487177657973,0.023591417002314957,-0.17243419366015247
473,10.065,46.299,0.0016683569884415,-0.6432578107374469,-0.547554712236321,0.010125481344103685,-0.17374328278105328
474,10.065,46.431,0.0,-0.7218596546831105,-0.5413479644090871,-0.013536035268412345,-0.1709189651338735
475,10.065,46.497,0.0,-0.7551388987967957,-0.5413760029788407,-0.018847515457493056,-0.16942960311773297
476,10.065,46.563,0.0,-0.7667316423819753,-0.5405032129879905,-0.02241583912865687,-0.1686212644872831
477,10.131,45.045,0.6293908651541907,-0.4540378182765539,-1.253448192388524,0.20635476261143093,-0.09965157056089588
478,10.131,45.111,0.7278066018250157,-0.3648410676099476,-1.2796680886964222,0.17835388812895567,-0.09334783097157948
479,10.131,45.177,0.7586035946270941,-0.2817604573008259,-1.3095052169458619,0.1364330427799406,-0.0746408483087538
480,10.131,45.243,0.7768930935464052,-0.26384193015748464,-1.2864359914090815,0.012473313062476225,-0.04695217373640796
481,10.131,45.309,0.7565473471509195,-0.21040830557853485,-1.2888564555323336,0.04644891462264181,-0.006909043385381704
482,10.131,45.375,0.8545567651169568,-0.09996871738811172,-1.3302364421660964,0.05129010009072135,-0.008593898372121343
483,10.131,45.441,0.8648312194637171,-0.046949280827778134,-1.3244564651548314,0.002279096079850761,-0.01400444674984211
484,10.131,45.507,0.7322464624002557,-0.03205438878898402,-1.2670818331374787,-0.005997989099802793,-0.016011700130012553
485,10.131,45.573,0.5900786481851332,0.04403469165658852,-1.1681274608818355,0.01680416898357451,-0.017518955266151322
486,10.131,45.639,0.4332469697384943,0.04242991573868861,-0.7868915163508752,0.07321960177993397,-0.011682518773586857
487,10.131,45.705,0.2070211035756113,-0.11721893103756312,-0.6801602093930789,0.1572672471556247,-0.021752890060645475
488,10.131,45.771,0.0899084846359916,-0.3026149843436612,-0.6962426529536773,0.24072867161737518,-0.06833709520880651
489,10.131,45.837,0.0522467917032921,-0.41968038426393284,-0.6838588915339247,0.24136758004783182,-0.09621880969347826
490,10.131,45.903,0.019894434782218,-0.48076328956448033,-0.6374212117525033,0.14727641328704807,-0.12859616869423546
491,10.131,45.969,0.009142204282561,-0.5136353741680916,-0.5987739702706474,0.0763008767683962,-0.14792632941342698
492,10.131,46.035,0.0072491266671647,-0.5329972917181209,-0.5764829644154043,0.04346172956165603,-0.15635560604609633
493,10.131,46.101,0.0069536379539397,-0.5719545010341592,-0.568376913396107,0.03152093495372954,-0.16169226505444367
494,10.131,46.167,0.0065452227709283,-0.6118515913844407,-0.5638820927469269,0.025217338813847988,-0.16595127142258342
495,10.131,46.233,0.0043133698373411,-0.6446639222361003,-0.5537261787439178,0.0108137372003772,-0.17058833386135142
496,10.131,46.299,0.0023557208031079,-0.6654009355678647,-0.5452741660491858,-0.0044563689867110805,-0.17244425230588672
497,10.131,46.365,0.0009559403940072,-0.694141299191991,-0.539679261695134,-0.01814460166393754,-0.17207696735761185
498,10.131,46.431,0.0003977086776984,-0.7262667938385565,-0.5376708977365166,-0.025316619043493284,-0.17068663629822434
499,10.131,46.497,0.0002439748508652,-0.7485746289895518,-0.5379570667144113,-0.02683649947232946,-0.16946624568378083
500,10.131,46.563,0.0002332697979169,-0.766266042149014,-0.5377526911910047,-0.028406569934530477,-0.16890521683901363
501,10.131,46.629,0.0,-0.7700677238129803,-0.537441029561367,-0.029575491484000554,-0.16872572874312786
502,10.197,45.045,0.6424236025595879,-0.40835595073447717,-1.2530264878018302,0.26644773954519296,-0.07424460196953478
503,10.197,45.111,0.7185043582026585,-0.3276126182851196,-1.2778288037991032,0.2314005844069091,-0.07266571242904268
504,10.197,45.177,0.766123632232798,-0.2688979269509887,-1.2945624318989233,0.08805608744831014,-0.06183406750941847
505,10.197,45.243,0.7393224796317167,-0.27397756861335093,-1.2539066640328342,-0.05286333338104238,-0.04530326609804068
506,10.197,45.309,0.7557751657488678,-0.22419617899017055,-1.2494014495663188,0.06264835896993116,-0.004534352142652081
507,10.197,45.375,0.8514999669852547,-0.09610151530935471,-1.2959465857967716,0.05356611887811817,-0.0029530564549905157
508,10.197,45.441,0.8493243844084366,-0.03059718311838966,-1.2946706156374201,0.021589783260382606,-0.004812567715386683
509,10.197,45.507,0.6802512331101653,0.028440806403323565,-1.2171094050278908,0.022683455670562794,-0.0019191321742086445
510,10.197,45.573,0.5341420591442788,0.1425405671972733,-0.9514760215763797,0.05609505558419659,0.003584913745546971
511,10.197,45.639,0.3476922768014546,0.10616578338739702,-0.6655039248179774,0.13380373938291631,0.012551358383043505
512,10.197,45.705,0.1239399325025588,-0.08641148882265343,-0.6625305587808715,0.1912924618034077,-0.014824475407416805
513,10.197,45.771,0.0582627645115005,-0.2760915344317226,-0.6739731502591457,0.21811450527619008,-0.06666221376344034
514,10.197,45.837,0.0288107859513315,-0.3982458071315354,-0.6679435652271676,0.20670992534449606,-0.08913773258763091
515,10.197,45.903,0.0173161442838279,-0.47458738682447815,-0.6398128388955661,0.1482554463215199,-0.11972477143754251
516,10.197,45.969,0.00915074255056,-0.5144778012986575,-0.6034615606777548,0.07518166552252156,-0.14214108263034328
517,10.197,46.035,0.0076139340885077,-0.5402712068779523,-0.5786839507988413,0.03504560704132304,-0.1535392712312087
518,10.197,46.101,0.0070110917629294,-0.5759315533781371,-0.5664286720983377,0.01821600249671583,-0.15954354617731614
519,10.197,46.167,0.006481445550115,-0.6161748580045989,-0.5602148105703952,0.0102005272613057,-0.16362546849118004
520,10.197,46.233,0.0051642254263544,-0.6511465291542926,-0.5513682794537185,-0.0016734060186809137,-0.16859635461635505
521,10.197,46.299,0.0035412370179116,-0.6743259044236931,-0.5422990308672686,-0.016763487963013815,-0.1709274482211543
522,10.197,46.365,0.0021333954733013,-0.6981946554861895,-0.5368072786292362,-0.028363711723214752,-0.17128267375572365
523,10.197,46.431,0.0014616098042859,-0.7243124920913306,-0.5344683402520571,-0.034050549762579686,-0.17080586797597622
524,10.197,46.497,0.0010420016965203,-0.7442449039352264,-0.5330310979390579,-0.03733984137627311,-0.16980140711931466
525,10.197,46.563,0.0006841975880136,-0.7598500704065605,-0.5341832297922877,-0.03579214111226427,-0.169385259844305
526,10.197,46.629,0.0002751776792051,-0.7659814705489649,-0.5344313705532548,-0.035645280711490986,-0.16916128793263818
527,10.263,44.979,0.6008038457182538,-0.4287247592999901,-1.2277575319528062,0.2957748458859967,-0.05339037254653053
528,10.263,45.045,0.656395457393598,-0.3838915197841466,-1.250280242704483,0.27834238019717894,-0.04973715279605159
529,10.263,45.111,0.730419927471718,-0.2942607095441989,-1.27879951073007,0.2295941203813467,-0.045685728730727154
530,10.263,45.177,0.8015734489152101,-0.23726840848953654,-1.2949977763835847,0.09144698037668307,-0.052762242547308144
531,10.263,45.243,0.7342391745254799,-0.2548896674062487,-1.2474791801600609,-0.057130580222690304,-0.04245542024405309
532,10.263,45.309,0.7481889678168837,-0.23144714679317674,-1.2186889840642097,0.057441146305524826,-0.0019046715246150538
533,10.263,45.375,0.8373490826315323,-0.1157920001396624,-1.253409386584027,0.053410191806451325,0.004343694851684262
534,10.263,45.441,0.8252584357475794,-0.028789312976564136,-1.2608432856399672,0.03372872298460933,0.005953535961746298
535,10.263,45.507,0.6316797532270717,0.0838825816825029,-1.1783914413700953,0.04188001639974734,0.011709448341662623
536,10.263,45.573,0.5303898050513456,0.19960526581818855,-0.7701745702295396,0.08318640801302986,0.025288249138251485
537,10.263,45.639,0.2477510535929783,0.11996985184985665,-0.6576788858923597,0.18449086596784434,0.029097927762275842
538,10.263,45.705,0.0887136016098083,-0.07757481678699255,-0.6623344489046881,0.19099572677371873,-0.024574971757668672
539,10.263,45.771,0.0302885857047865,-0.2425475835178102,-0.6612954236092532,0.18896633494144116,-0.072651191941623
540,10.263,45.837,0.0151818857376865,-0.367798456447759,-0.6520944542996334,0.17600841304512055,-0.0920848381631299
541,10.263,45.903,0.0153312321343922,-0.4548918509280909,-0.6325337508145559,0.14298099324065527,-0.11325138315726135
542,10.263,45.969,0.0084465461357985,-0.5061833394982288,-0.602989667235203,0.07901759115248791,-0.13315766686251998
543,10.263,46.035,0.0072934176539198,-0.5438762393876309,-0.579967245648206,0.03191562020876598,-0.1479481806351913
544,10.263,46.101,0.0064180130102211,-0.5804358248965212,-0.5649517080514451,0.008063114774834802,-0.1562828930147866
545,10.263,46.167,0.0057875445600874,-0.6200254596152956,-0.5564132411976406,-0.0034212273490635456,-0.1613303500524458
546,10.263,46.233,0.0053692348868241,-0.6555730410728782,-0.5471981108859569,-0.015585846096980223,-0.1658641114804676
547,10.263,46.299,0.0041972374258868,-0.6806593977547103,-0.5396501716042251,-0.02733773059904847,-0.1686736974120318
548,10.263,46.365,0.0029895046336583,-0.7036655732958509,-0.5349761398041923,-0.03639346887681556,-0.16993474862562133
549,10.263,46.431,0.0024639920348974,-0.7229334852967803,-0.5325470602760687,-0.04108830388150059,-0.1704131712071299
550,10.263,46.497,0.0018034524758225,-0.7368411437575992,-0.5312890212278283,-0.043158097513145165,-0.17025780531800022
551,10.263,46.563,0.001006532802557,-0.7486164759185123,-0.5305582383966072,-0.04399558731830533,-0.1700067091230667
552,10.263,46.629,0.000384526933811,-0.755615758690539,-0.530774528828476,-0.04326484891082309,-0.1697105084267595
553,10.329,44.979,0.6162539909902032,-0.4413915765016646,-1.209145050126137,0.29500780081116296,-0.04375968854817613
554,10.329,45.045,0.6720484427840875,-0.3896838478422293,-1.2394631804260652,0.272192025240835,-0.036132787186865925
555,10.329,45.111,0.7198780670492902,-0.2872176324024667,-1.2846085610580196,0.2066987426047393,-0.03185483820095003
556,10.329,45.177,0.8099984570142833,-0.19818636017999036,-1.3124277155110855,0.11807285795750844,-0.05172869278595095
557,10.329,45.243,0.7894630139712662,-0.20529578083678574,-1.2649917462456202,-0.1404250403465495,-0.022547057282986782
558,10.329,45.309,0.7364505144236185,-0.22129666168948592,-1.2115738191885566,0.046490579348733206,0.005868561576238173
559,10.329,45.375,0.8201277520090478,-0.13295175998577669,-1.220365550363967,0.05581648080641835,0.010973650316045235
560,10.329,45.441,0.801204560717251,-0.043291519647775195,-1.2300174284412488,0.04085441383668817,0.012685825877120194
561,10.329,45.507,0.5886710531334057,0.07939393816449059,-1.1351957728194848,0.04816097099820313,0.021848519862050858
562,10.329,45.573,0.504625491112993,0.18594369849007444,-0.7191298862827826,0.09737534407480106,0.04071351806256995
563,10.329,45.639,0.2087428491224095,0.08457130649565359,-0.6711097853490354,0.22613071586382896,0.03786018231195173
564,10.329,45.705,0.0765097510794243,-0.10481649549092181,-0.6698674756779426,0.19729260398674422,-0.038152349305411414
565,10.329,45.771,0.0192065519824117,-0.23833245438875555,-0.6537660943632523,0.17948576321558474,-0.07950234019174038
566,10.329,45.837,0.0128139153019943,-0.3405359526683136,-0.6366002199261174,0.1574895643650771,-0.09781870314506312
567,10.329,45.903,0.0072702974397226,-0.4235630639895383,-0.6183008252864113,0.12656610056728584,-0.11594649536505576
568,10.329,45.969,0.0066712491612385,-0.4891901776616368,-0.5996635247875617,0.08289166339533788,-0.13247288792967993
569,10.329,46.035,0.0055582877685859,-0.5402554897913858,-0.5800659850443252,0.035649932584381434,-0.14499125999947868
570,10.329,46.101,0.0045787899986051,-0.5868279534500249,-0.5655928615601311,0.0065939290205297985,-0.1533897879069624
571,10.329,46.167,0.0039720682227967,-0.6293119457196652,-0.5564946353360605,-0.007861334382164978,-0.15914745718782736
572,10.329,46.233,0.0039774276531172,-0.6639945862902469,-0.5479774731024156,-0.02004200138706317,-0.16321555030991688
573,10.329,46.299,0.0032960384781869,-0.6900364405638388,-0.5409530837591721,-0.03099195672888653,-0.1660489549052524
574,10.329,46.365,0.0026408205061268,-0.7114528816963935,-0.535681076269837,-0.03985117910079039,-0.16796549158664997
575,10.329,46.431,0.0027247037729782,-0.7259544433819731,-0.531888667072381,-0.04591971464741708,-0.16896595991940586
576,10.329,46.497,0.0021126772862238,-0.7336354082523968,-0.5290376588549006,-0.04987102537388771,-0.16992242201386237
577,10.329,46.563,0.0010838681547307,-0.7363100166530094,-0.5274627217737267,-0.05155696289022405,-0.17038089993624303
578,10.395,44.979,0.6265134379910973,-0.48483654779470703,-1.1872078311339809,0.27340346113951763,-0.049107178700166135
579,10.395,45.045,0.6548820380582276,-0.4171061571013053,-1.2191746347442904,0.25837639962287995,-0.03688502096146655
580,10.395,45.111,0.7227488172622613,-0.3007541942039105,-1.265998039396841,0.21499707019718536,-0.021951115912675897
581,10.395,45.177,0.8157827674240982,-0.17279885264867173,-1.3206116191523254,0.14566661866783556,-0.023924290618079054
582,10.395,45.243,0.8441824768159195,-0.15364313087286005,-1.2899872522500235,-0.12452288367823833,0.0015708306859201354
583,10.395,45.309,0.7279492960436224,-0.18975467322280887,-1.2279707745117938,0.03921985405386472,0.01955575922132071
584,10.395,45.375,0.842573821385635,-0.13772724174996995,-1.210157956145707,0.0633143065373171,0.015529423861907065
585,10.395,45.441,0.7787066975810326,-0.07892697607279178,-1.2014014326484181,0.047003151484490246,0.012857216703600616
586,10.395,45.507,0.5609014144892593,0.002235170160104997,-1.0824943096806867,0.04268879903307683,0.018612252070932794
587,10.395,45.573,0.4681808309546693,0.1068231573966433,-0.7396938984659923,0.09563725901275794,0.03120220968055787
588,10.395,45.639,0.1962525258725083,0.020772746194484368,-0.680354428437857,0.2532687847915468,0.02689922196899173
589,10.395,45.705,0.0639559277853542,-0.14516052524843695,-0.6712456811256374,0.20229834129313684,-0.046301107510901135
590,10.395,45.771,0.0190801695786462,-0.2550580069823409,-0.6501543156490103,0.17996174882528665,-0.08690834191365159
591,10.395,45.837,0.0071280035419226,-0.33076200684886325,-0.6278149026420989,0.15143470262939518,-0.10368497712255251
592,10.395,45.903,0.0058836368955905,-0.39773198134682664,-0.6083705004989978,0.11740867603579788,-0.11839842781695899
593,10.395,45.969,0.0050442038481457,-0.46807186644915455,-0.5906378135815706,0.07457946798391814,-0.13380702980875336
594,10.395,46.035,0.0040432709138632,-0.5366475345471214,-0.5750540553783563,0.03287345187322156,-0.14561583585713017
595,10.395,46.101,0.0030725609731406,-0.5960290785394297,-0.5638441233448368,0.006040960424781837,-0.153516068223578
596,10.395,46.167,0.0025057567252992,-0.6407202253784672,-0.5552102239217398,-0.011124676516742402,-0.15811219126314408
597,10.395,46.233,0.0027165378012838,-0.6722745102859747,-0.54718916267038,-0.024422105855113938,-0.1615399381253979
598,10.395,46.299,0.0020916041903064,-0.6962590819245706,-0.5410624986857481,-0.0346977256944485,-0.16433286888276627
599,10.395,46.365,0.0014455468552052,-0.7149981687782645,-0.5362773755584725,-0.04236921310368994,-0.16605532454749458
600,10.395,46.431,0.0015929598271949,-0.7284234272389888,-0.5334225846367762,-0.04649914971279795,-0.16795583695552319
601,10.395,46.497,0.0012621254664481,-0.7342835801477937,-0.5285482876186738,-0.053255531248044365,-0.1692667678071481
602,10.395,46.563,0.0006588458972702,-0.7296699493110737,-0.525538754601028,-0.05716192865609712,-0.17018687803730484
603,10.461,44.913,0.6087046324117004,-0.5627461590073534,-1.156347962230317,0.21136124122923577,-0.055883939476947725
604,10.461,44.979,0.632001093704755,-0.5199129660560629,-1.1689739179180054,0.21040769666706935,-0.060204076428145084
605,10.461,45.045,0.6561942035436974,-0.4295828946835352,-1.2019119764127295,0.19885246818244653,-0.05546861556071954
606,10.461,45.111,0.7295898216945125,-0.307222552060903,-1.248186929710681,0.17054375980922204,-0.011420214291698157
607,10.461,45.177,0.7983729536150211,-0.17985656631402805,-1.3045696722612208,0.14798007338587355,0.0033597984472153175
608,10.461,45.243,0.8591619535623689,-0.14082101774176758,-1.2878426700956918,-0.06376262871636444,0.013975020096332377
609,10.461,45.309,0.7771965386407785,-0.16655594282649938,-1.2359886201233976,0.047455897115547006,0.032363341720125824
610,10.461,45.375,0.7992796907975471,-0.13282308392674896,-1.2120182659276897,0.08502831000586768,0.02122394127816015
611,10.461,45.441,0.7538562797763079,-0.1436465765468627,-1.156718925626182,0.05257606510367553,0.011534249908487136
612,10.461,45.507,0.5287760573031115,-0.13444237969806436,-1.0032447506364324,0.022013146869863828,0.005398852721806593
613,10.461,45.573,0.4812105379090576,-0.044217479133843794,-0.7682450743597319,0.07612814632807231,-0.0005326377634849166
614,10.461,45.639,0.2119809951058704,-0.07189465469942147,-0.6834966904248162,0.23152270934943892,-0.01256595982108252
615,10.461,45.705,0.0723136853436493,-0.18900020812434545,-0.6560605453697097,0.1878098174292569,-0.05519536523997293
616,10.461,45.771,0.0183213432019104,-0.268028282363735,-0.6374853753298304,0.17305909228769406,-0.08644916127698082
617,10.461,45.837,0.0066728861399079,-0.33189751917222987,-0.6212612891743781,0.15271180616521135,-0.10344549145746455
618,10.461,45.903,0.0049326957352289,-0.38084673051772644,-0.6060994553294847,0.12362201830918,-0.11869466043150584
619,10.461,45.969,0.0035822289889227,-0.44772679927737613,-0.5879232142547542,0.07758200385689636,-0.1340146174005985
620,10.461,46.035,0.0026568650449506,-0.5383090830412581,-0.571334080341511,0.030279945626949037,-0.14637108931225762
621,10.461,46.101,0.0017391122079879,-0.6073765597886982,-0.5602573113051659,0.001138009530334104,-0.1544268969300218
622,10.461,46.167,0.0012161090295116,-0.6505439164501658,-0.5524040944612378,-0.015334696311276784,-0.15880924186292011
623,10.461,46.233,0.0014749894584342,-0.6768308944116259,-0.5455664678313445,-0.028118851740738145,-0.16160029355652172
624,10.461,46.299,0.0006985875050052,-0.6972287897260246,-0.539263511071874,-0.039247959023278114,-0.1643718530201579
625,10.461,46.365,0.0,-0.7145907958665029,-0.5345873813752701,-0.04683527161748652,-0.16617184028365087
626,10.461,46.431,0.0,-0.727345570754856,-0.5317602300134159,-0.050549509139446516,-0.16784283297306604
627,10.461,46.497,0.0,-0.7328974623756683,-0.5284982093587639,-0.05508155411756205,-0.1689716950583534
628,10.461,46.563,8.34785480388663e-06,-0.7265568099186511,-0.5263159930669753,-0.05786698076358731,-0.16969027366241216
629,10.527,44.913,0.6157153783890951,-0.5510952805860504,-1.1498694950912995,0.1659163585755569,-0.06630596267727434
630,10.527,44.979,0.6213531534643192,-0.507851072660447,-1.1634576709047368,0.15031667540540056,-0.07031733163997668
631,10.527,45.045,0.6683242870797093,-0.4131026266909955,-1.1926481059555751,0.13164861916676995,-0.07448525383822885
632,10.527,45.111,0.735628189127785,-0.3033974751271097,-1.2348707783582438,0.11244916920092474,-0.02202839189648257
633,10.527,45.177,0.7706645505534535,-0.21453884025835507,-1.2667025433764862,0.12287797732608337,0.009768801879007326
634,10.527,45.243,0.8079045061912743,-0.17938536898984297,-1.254262725489697,0.03790957963296879,0.028155354105525755
635,10.527,45.309,0.7598154233537172,-0.17570757705571016,-1.2225781434123564,0.08457798538773686,0.05000445757443469
636,10.527,45.375,0.8171919644136392,-0.13796592620015763,-1.2087103044163545,0.13076976845693045,0.03645139360333747
637,10.527,45.441,0.7291392903079289,-0.19418043839426463,-1.1221350892344457,0.0803179992920113,0.025029614247456453
638,10.527,45.507,0.510466145581972,-0.2818101017207524,-0.9556520822536528,0.00047313851540951857,0.013377977458140887
639,10.527,45.573,0.3956111617905389,-0.21006240512107782,-0.7837106957919682,0.08454699995624125,-0.007615040471580067
640,10.527,45.639,0.2156940332345845,-0.17243289938183637,-0.679314896961255,0.17463723551585916,-0.03358552213894886
641,10.527,45.705,0.0845232388806578,-0.22525581238463216,-0.6336561961626721,0.1786249359737562,-0.05980277225227401
642,10.527,45.771,0.0246200163248214,-0.2758130618029531,-0.6242592112218813,0.17558753405772273,-0.08174128966484112
643,10.527,45.837,0.0115868348640298,-0.3282559157514357,-0.6147646041774971,0.16108230898260506,-0.09678329933167651
644,10.527,45.903,0.005253662454015,-0.367039485098075,-0.6045060661009589,0.13636363679547442,-0.11460921408194515
645,10.527,46.101,0.0011709072464396,-0.628504442204314,-0.5551379943519076,-0.00765472331937465,-0.15546302674806994
646,10.527,46.167,0.000651039948376,-0.6582517327327915,-0.5479933446384069,-0.02280879125929749,-0.15975200592819216
647,10.527,46.233,0.0007438378706993,-0.6765817156740044,-0.5418662252886417,-0.034285073852802106,-0.16260053353948714
648,10.527,46.299,0.0,-0.6926180755277989,-0.5358514227536735,-0.044933143474755466,-0.16500128011738294
649,10.527,46.365,0.0,-0.7081335706801213,-0.5314982411878448,-0.05214906854672441,-0.1667209318641717
650,10.527,46.431,0.0,-0.7192854136389338,-0.5296549462965163,-0.05477816405507184,-0.1678333023333271
651,10.527,46.497,0.0,-0.7258815159746388,-0.5277662164195848,-0.05738449451886296,-0.16869426587196898
652,10.593,44.913,0.6153815227006446,-0.5305190837651373,-1.1519805271226884,0.1308233037604763,-0.08044079098866638
653,10.593,44.979,0.6212418082310356,-0.47732964556310614,-1.1662802904599263,0.13824969627829967,-0.06187698836134755
654,10.593,45.045,0.6785361497034605,-0.3777981472236841,-1.198001486750417,0.10553543977211066,-0.03732466350705327
655,10.593,45.111,0.7300693592794147,-0.27901331106196503,-1.2347917433526499,0.07679120699070363,-0.017135728954044263
656,10.593,45.177,0.7597756568716797,-0.22186679445360802,-1.2463280910665129,0.07276212153840543,0.018760425836824204
657,10.593,45.243,0.7789121840921679,-0.19609112563747438,-1.2317514124603992,0.06420699565310464,0.047556570814309126
658,10.593,45.309,0.7446940075364844,-0.16968711063209185,-1.2156856551677255,0.1181530477517288,0.07231759190330075
659,10.593,45.375,0.8047893753244657,-0.1268292463074808,-1.21111776233513,0.15165538347875115,0.07045240131328881
660,10.593,45.441,0.7181783296758094,-0.2100727058865688,-1.1073389707922452,0.17981580406406986,0.054257340726056806
661,10.593,45.507,0.5192245614684025,-0.36241972558909363,-0.9876126137931347,0.19682264166335067,0.029697366310244326
662,10.593,45.573,0.3978732158094805,-0.3278486807640543,-0.8297852275048152,0.20463661210328887,0.0006311613879512509
663,10.593,45.639,0.22658386080732,-0.24339111071619535,-0.6763225077548742,0.19536204972343202,-0.02604147476560648
664,10.593,45.705,0.092219942415479,-0.25999712328234315,-0.6154523572404185,0.1809606524960911,-0.050242677697624444
665,10.593,45.771,0.0369181907014379,-0.2876526292112902,-0.6076063531168773,0.18060841064743227,-0.06853392638885424
666,10.593,45.837,0.0165114477294181,-0.30621240378524417,-0.6051524222358368,0.17495218939145324,-0.08432458863950526
667,10.593,46.167,0.0006003115084841,-0.6622592288685523,-0.544383229222446,-0.02916177366856982,-0.16057618823952985
668,10.593,46.233,0.0004882994147867,-0.6728056153633974,-0.5391332775482635,-0.038914249476923415,-0.1634878005689867
669,10.593,46.299,0.0,-0.6856345642245703,-0.5331088398197497,-0.049568205052849305,-0.1653167920125929
670,10.593,46.365,0.0,-0.6992364938122566,-0.5294830253926477,-0.05572744648971688,-0.16677589931471168
671,10.593,46.431,0.0,-0.7095208129053484,-0.5286815277238596,-0.056755234614076056,-0.1678775598182731
672,10.593,46.497,0.0,-0.7169107282882219,-0.527714074422679,-0.05798771905333165,-0.1684985405409693
673,10.659,44.913,0.5982064385614835,-0.4976185136241577,-1.1534562744188817,0.06264680322848687,-0.08935823892065119
674,10.659,44.979,0.6361157308745886,-0.4325631561123544,-1.1773767436861984,0.09098243853614157,-0.06254831927421775
675,10.659,45.045,0.6914714007077957,-0.32965935783948286,-1.2115771505296133,0.09420178869855608,-0.02411982431451544
676,10.659,45.111,0.7382949735577459,-0.23796677267736543,-1.2456110489467012,0.051385013883993,0.010891975904051002
677,10.659,45.177,0.7589554737933305,-0.19741703028701407,-1.2525207156478313,0.00010334477835933359,0.03879778074615979
678,10.659,45.243,0.7607737301612252,-0.17373983014020455,-1.2365361654178324,0.008776891247486394,0.0659895255181704
679,10.659,45.309,0.7962079940018619,-0.14274262960205902,-1.2276498160561409,0.0675016811215289,0.09048839166822562
680,10.659,45.375,0.796300785869256,-0.10608661087157197,-1.20047648495495,0.1915834137096563,0.0958187615152323
681,10.659,45.441,0.7118244104405398,-0.18406527717383123,-1.1196417791772741,0.28528622807072346,0.07675691750888808
682,10.659,45.507,0.5143449883553705,-0.34783860633648894,-1.0114172448070202,0.2766528153118134,0.04499122844176433
683,10.659,45.573,0.3854619687856383,-0.3833231032957245,-0.8515300935777743,0.24803072834600176,0.011962435327196154
684,10.659,45.639,0.2213483212873893,-0.3141871610482655,-0.6719188582210223,0.22664970190436062,-0.018616343033225423
685,10.659,45.705,0.1052382939030012,-0.30297566409842724,-0.6019651078611356,0.20882058401114295,-0.03957349432288271
686,10.659,45.771,0.0602623726484476,-0.3064871187353305,-0.5920788053416619,0.19733526551763164,-0.05433472864316323
687,10.659,45.837,0.0255297745077574,-0.3042872790903949,-0.5924073899935082,0.19030772946547594,-0.0672913293540574
688,10.659,46.431,0.0,-0.7070997178781624,-0.528254697407732,-0.057678602407435706,-0.16765840963189715
689,10.725,44.979,0.6819488851743113,-0.3608270996827234,-1.1909786728451286,-0.01715113874723921,-0.07088928963314363
690,10.725,45.045,0.7081757038961559,-0.2822704404568753,-1.2258884803103256,0.049834540020689655,-0.03390514234520712
691,10.725,45.111,0.7543440888645878,-0.20150220833992566,-1.259784506352918,0.054893344639920454,0.005307982139877704
692,10.725,45.177,0.7710226709604008,-0.16676793444157317,-1.2679261997023326,0.021961789560965762,0.03405375279632154
693,10.725,45.243,0.7628634937554215,-0.15471539023710568,-1.253071651410448,-0.0039048616716871286,0.06515889237689931
694,10.725,45.309,0.7744914806574175,-0.12698993370785966,-1.2432714434742933,-0.0014683354843018463,0.0934825054902654
695,10.725,45.375,0.8056342281469617,-0.10298990963869403,-1.2183195687772694,0.12410201069960174,0.11119031451593572
696,10.725,45.441,0.716250509266979,-0.14013694317201048,-1.1468762811961293,0.3199940409819412,0.10080575525262189
697,10.725,45.639,0.2003299263341507,-0.38140462137793285,-0.6523916916140364,0.24987914685855303,-0.012247918092980915
698,10.725,45.705,0.1236983122008066,-0.36478936058408984,-0.5880700426922247,0.23073179396592447,-0.030856196971405257
699,10.725,45.771,0.0781675459398782,-0.34405279306764736,-0.5852899397645974,0.2215631345569513,-0.043001140256632
700,10.725,45.837,0.0515350389008956,-0.3331548402894021,-0.5877172888298756,0.21692955530092156,-0.05493163371303009
701,10.791,44.913,0.6231268241177028,-0.3769522880234492,-1.1715184587501164,-0.2033491898465261,-0.11160963696304176
702,10.791,44.979,0.6892772321175668,-0.32613984104414895,-1.199235099140902,-0.11307999692646697,-0.08396194496156102
703,10.791,45.045,0.718708498208066,-0.2591944014086016,-1.234920802693714,0.012135138940649562,-0.04397084491221103
704,10.791,45.111,0.764858614064974,-0.18502417270634847,-1.2672708170114886,0.06644348053160411,-0.0011063670820801704
705,10.791,45.177,0.7853587420419514,-0.14591449582129298,-1.2766482707965734,0.02002628088796334,0.02498326282617283
706,10.791,45.243,0.7740384122556203,-0.1292893515767487,-1.2656830455969246,-0.017566449257855273,0.0555763829512324
707,10.791,45.309,0.8141601039157768,-0.10820007469352028,-1.259265530860978,-0.032727563542103086,0.08611387730674866
708,10.791,45.705,0.1254520354227428,-0.40838592413761443,-0.5918063177870126,0.24410388523461812,-0.023908038504474694
709,10.791,45.771,0.100687776003952,-0.38968301949198214,-0.5828724648755595,0.23813819441499506,-0.035037379203242736
710,10.791,45.837,0.0779207931039929,-0.38008854087174826,-0.5830155408144286,0.2343416204595352,-0.04541413266329247
711,10.857,44.913,0.6194464956457103,-0.4084408209251287,-1.1650117550529413,-0.18633128859622372,-0.12724612463419555
712,10.857,44.979,0.6917439510899335,-0.3349960420642434,-1.1903948246389722,-0.13322624214597767,-0.09978767797119638
713,10.857,45.045,0.7323844377427444,-0.25238843385331017,-1.239169260424096,0.03547194409514887,-0.05716768516448488
714,10.857,45.111,0.7708989354606267,-0.18337867557185983,-1.268256486133914,0.06224910490070712,-0.006298601812475079
715,10.857,45.177,0.8018538308262708,-0.1496188195154208,-1.2678765929013467,-0.007945151430675139,0.01670135386314024
716,10.857,45.243,0.7830183003814675,-0.13011358207130663,-1.2680395934638276,-0.030964975970285594,0.04244652675528518
717,10.857,45.309,0.8591000214584064,-0.10220275058416504,-1.2649244603194674,-0.04397851814469961,0.07190838452619186
718,10.857,45.837,0.1207594398645878,-0.4043590668296656,-0.5830243319005575,0.24318786602032197,-0.037519379396024594
719,10.923,44.913,0.5956912005539187,-0.47386164782684814,-1.1467818757695336,-0.13138260455701814,-0.14542863207830733
720,10.923,44.979,0.681493118217524,-0.3898929895798018,-1.1683869149468598,-0.05358632261302933,-0.11808960466176911
721,10.923,45.045,0.7328856825546326,-0.2795452926916807,-1.221968367119764,0.05616013591088512,-0.0758527061576889
722,10.923,45.111,0.7687597044473075,-0.20055978598679952,-1.2452925215194608,0.0004081430264996338,-0.014894984276892597
723,10.923,45.177,0.7879148178448542,-0.17031220652775353,-1.2569086347087781,-0.03682071262684241,0.009367637530681226
724,10.923,45.243,0.7761081382490225,-0.16120096890650515,-1.2628376724542754,-0.056331167087051916,0.02731797620510582
725,10.989,44.913,0.5708487783441892,-0.5332704419154424,-1.1149777242728214,0.06541149909374319,-0.14771311228256412
726,10.989,44.979,0.6089370520239571,-0.4653091983596235,-1.1448665344443378,0.086278948686412,-0.13932812265524108
727,10.989,45.045,0.6812793944051767,-0.34836677240109853,-1.1869591131531112,0.03003393469942791,-0.09213646891995099
728,10.989,45.111,0.757307700412989,-0.2309605954053587,-1.2256416869357907,-0.03770090330398725,-0.03754402732195227
729,10.989,45.177,0.7844010321358814,-0.184015041260295,-1.2435529370816487,-0.07238217898763671,0.00038147398356109196
730,11.055,44.979,0.6060555430614553,-0.4980608891250308,-1.123095710775028,0.17198817514261666,-0.14310833040651835
731,11.055,45.045,0.652089160940576,-0.3889093263263132,-1.1689667007123052,0.029000188695681963,-0.10154388727460072
732,11.055,45.111,0.7547246288731804,-0.25329366504685447,-1.2067096822011238,-0.049106522795329254,-0.04053082911864107
733,11.055,45.177,0.7851144050408786,-0.18655832909206668,-1.2277566369535127,-0.08117032376266035,-0.0017478018117109292
734,11.121,44.913,0.5532589694997091,-0.6191630634280026,-1.0827209639890016,0.4165080174150202,-0.1437617166938409
735,11.121,44.979,0.5970879667948602,-0.5206349567713587,-1.1121538407117768,0.2856871726717124,-0.1247233801756869
736,11.121,45.045,0.6477366540474225,-0.3925270473720292,-1.1577532718306476,0.09785985167676743,-0.08894312186003582
737,11.121,45.111,0.729913135813095,-0.28048872827339155,-1.1964259550253673,-0.02190717628545216,-0.04152937870928284
738,11.187,44.913,0.4847277773412993,-0.6691793864999256,-1.0861658721185514,0.4260535446993936,-0.12210976480632096
739,11.187,44.979,0.5876816464927171,-0.5470615002954284,-1.1104860009043187,0.3497933668882482,-0.10508119437762335
740,11.187,45.045,0.641822188235808,-0.39591124364167546,-1.1473027216980372,0.23268078713224344,-0.08330731268097932
741,11.187,45.111,0.6972830133648371,-0.30619947926728863,-1.181768033931134,0.1093065003357421,-0.05374574815864851
742,11.253,44.913,0.4506375681079351,-0.6793680599622985,-1.087276523186728,0.4390149118103606,-0.1042959071186675
743,11.253,44.979,0.556032980972604,-0.5455275713793699,-1.105760135300747,0.3923825454883915,-0.09224439618883964
744,11.253,45.045,0.6142241678783856,-0.4194991661963406,-1.1293326138682487,0.32980484419108486,-0.07810457307576013
745,11.319,44.979,0.5206313094233016,-0.5500026730442843,-1.1020260163162843,0.4192181162902481,-0.08487601248384924
746,11.319,45.045,0.6099990845094768,-0.480596519362609,-1.1173457362204748,0.385052325355392,-0.07474602525105217
747,11.385,44.979,0.485649031195435,-0.5636595972091314,-1.0996021162264034,0.43164546365625944,-0.07977783193925223
748,11.451,44.979,0.4573610920888153,-0.5715222829760596,-1.098037121062094,0.4383872139066921,-0.07681027624991893
