fid,X,Y,I,Intercept,NAT_AREA_SURR,INDUSTRIAL_AREA_SURR,ROADS_SURR
1,8.481,45.309,1.227989821437358,0.16709381762357814,-0.5063552809923497,0.3047096941048256,0.10646884081668068
2,8.547,45.177,1.347173409758214,0.21798895475744273,-0.5207972049034901,0.2717951923775351,-0.028880944672443138
3,8.547,45.243,1.271010743895972,0.17862793542693878,-0.5159791947663037,0.29332078603494194,0.06666003290559747
4,8.547,45.309,1.2742057048684006,0.18479632827293224,-0.5138264424089318,0.3002032865466798,0.1047562488731223
5,8.547,45.375,1.32689355248547,0.1838698657002355,-0.5106742492663418,0.26925333723789024,0.11848483228171086
6,8.547,45.771,0.7730774585441209,-0.23434527493095256,0.1022944077821345,0.11844721723041188,0.1380752374774658
7,8.547,45.837,0.6466079200558954,-0.3781111519878735,-0.032899549356807785,0.34297823990125753,0.1340367079431507
8,8.547,45.903,0.5303801956336928,-0.45429667466931256,-0.1360074597997191,0.7251781906954213,0.1302783026241144
9,8.613,45.045,1.3832483857408968,0.2431564235942768,-0.531699271897818,0.23546755321927273,-0.23701377134185198
10,8.613,45.111,1.3954128831608767,0.25810608161538684,-0.5363026894670572,0.23216783714141553,-0.18196573607922228
11,8.613,45.177,1.3688111462069192,0.24575091385979464,-0.5338652298894488,0.24563237507454777,-0.061333382334633944
12,8.613,45.243,1.346084911505715,0.2270772626860007,-0.5273879343581573,0.27189573057760735,0.055775057555404906
13,8.613,45.309,1.3529681546924814,0.22422266840969707,-0.5230564111082046,0.2887666559287015,0.10176943708048639
14,8.613,45.375,1.4265743416081085,0.23776143782618464,-0.5259928503217796,0.2411531264388156,0.11680098157290726
15,8.613,45.705,1.1847807297893098,0.12191733146142396,0.09147188101293288,0.058134055115560516,0.1367589490945113
16,8.613,45.771,0.9729534173195312,-0.09732000362104148,0.029667048283072754,0.10163189274085585,0.13628420469488836
17,8.613,45.837,0.744533461996449,-0.29378703894461256,-0.10853557494776611,0.33923099628989434,0.13347834770170294
18,8.613,45.903,0.7460834849317342,-0.418319781022806,-0.19729954743349865,0.7756652942699946,0.12819865838289066
19,8.613,45.969,0.3983362635523583,-0.49711508969428087,-0.24259105994327151,0.8277884313349844,0.12130014129743205
20,8.679,44.979,1.3421657260603803,0.22194515274537094,-0.5242739043775322,0.23659116952946885,-0.2645968992959656
21,8.679,45.045,1.4101971856969928,0.24550239927502993,-0.5340983602630549,0.2271217356876975,-0.2516752127664369
22,8.679,45.111,1.436010415442262,0.28135406769326976,-0.5444423051824229,0.21220099283457983,-0.2076225762250322
23,8.679,45.177,1.4379974927606354,0.29164427380160385,-0.5483752927748996,0.2130072964728561,-0.09899751610521894
24,8.679,45.243,1.4404588489786074,0.2920109097421455,-0.5446045454036836,0.2355329555964191,0.04119725034971102
25,8.679,45.309,1.4694684337618638,0.30997303387926245,-0.5454809405619832,0.2477659173535759,0.09708241623951519
26,8.679,45.573,1.421394883821638,0.496368870140133,-0.5398815424428107,0.045956437236342185,0.12690902216120367
27,8.679,45.639,1.3140354036367217,0.4288622931349094,-0.39671053623052266,0.051208635696488744,0.1314190596615404
28,8.679,45.705,1.3569678770847913,0.32223108310169113,-0.08316064747846766,0.0600487334395145,0.13410845981988012
29,8.679,45.771,1.2047414350320562,0.15782926155525664,-0.08780740493067614,0.0829491170395073,0.1355025935175074
30,8.679,45.837,0.8910916779795978,-0.06846661952303609,-0.20188072256474576,0.2703418142171112,0.13321982727787596
31,8.679,45.903,0.8113086238618161,-0.2453731717829127,-0.2416725603630892,0.6742116009867956,0.12708122564968152
32,8.679,45.969,0.4433307527578154,-0.3739680682664299,-0.2652115534091848,0.7371164000576456,0.11674429385950308
33,8.679,46.035,0.3956543335359581,-0.4404451744594836,-0.25917415820031975,0.7168775624109947,0.10173931710103903
34,8.679,46.101,0.3749246083413743,-0.407980026194823,-0.25545160180165616,0.6858634358932328,0.07736298453395583
35,8.745,44.979,1.3295499295767912,0.20422642866571045,-0.5174910879799455,0.23088635502809549,-0.27092282733990514
36,8.745,45.045,1.4142292088849049,0.24005450749845425,-0.5340834036631963,0.21250725832549436,-0.2605077489219009
37,8.745,45.111,1.4633920875847708,0.2926400128043487,-0.5502650743653739,0.18179317784146815,-0.2314302197729125
38,8.745,45.177,1.5034486927684718,0.32725431335884236,-0.5601589179194402,0.15588786190566362,-0.13236517634250705
39,8.745,45.243,1.5313309530903754,0.3462045310260051,-0.5631996392852772,0.179739078342127,0.02413456735676311
40,8.745,45.309,1.5424949266928902,0.38865859377163325,-0.572266948892239,0.16433744320367374,0.0928220123668157
41,8.745,45.375,1.5904433666644802,0.4459500551469633,-0.588214702738719,0.07399900968681923,0.10676587904876716
42,8.745,45.507,1.6245161085734612,0.5406381103578202,-0.5924733281598225,0.03445439281638279,0.11716862459309908
43,8.745,45.573,1.6181470679510124,0.5357181839529341,-0.5595276633305115,0.04153470834819026,0.12325038508299317
44,8.745,45.639,1.5521417417141397,0.5065316319560788,-0.501264024073206,0.052531040634272136,0.12863801222294768
45,8.745,45.705,1.41708615345084,0.45916585901367446,-0.30890461294832466,0.0686941007773394,0.13270368888017858
46,8.745,45.771,1.3934475473330223,0.3372122086562821,-0.20962248282688628,0.083978504764013,0.13544972024315274
47,8.745,45.837,1.048261016757907,0.11665884728020022,-0.24399370487160352,0.23686622956577633,0.13269231421539374
48,8.745,45.903,0.8620955741069022,-0.0846380612683754,-0.2497425598021697,0.5046970914784885,0.12473998476388438
49,8.745,45.969,0.583508864576955,-0.24589582810256677,-0.25807764956635265,0.6626306934337447,0.1093708711605079
50,8.745,46.035,0.3719031492090462,-0.36059012804905394,-0.2535956512866734,0.6664224883711238,0.08939956732809487
51,8.745,46.101,0.3421094025491084,-0.36078681556259523,-0.24918783821210017,0.6542000125778447,0.05204382283826894
52,8.811,45.045,1.3821747179730632,0.2049893412364614,-0.5293886725190214,0.18473954417534916,-0.26379563294839975
53,8.811,45.111,1.44885661092037,0.27328571291187354,-0.5522759834321048,0.13774657880382407,-0.23854679002753912
54,8.811,45.177,1.5221861203140794,0.3360628255282838,-0.5688755533968233,0.08787659747207925,-0.15663610150449422
55,8.811,45.243,1.516194115103278,0.3883028351549135,-0.5833986444570602,0.024036221365185823,0.007657590848042975
56,8.811,45.309,1.5922323976906323,0.45571560753768975,-0.6024574128827793,0.04145906348349143,0.08091617575693115
57,8.811,45.375,1.6313937754979932,0.5056264289559683,-0.6228871627260439,0.012313313438454232,0.09601559610304629
58,8.811,45.441,1.5797950935052332,0.5121136947749321,-0.6195654529700914,0.009042478966599415,0.10208524093169899
59,8.811,45.507,1.5475906812239104,0.49645556167562666,-0.5903773729599517,0.01743513086209092,0.1091697955031993
60,8.811,45.573,1.627916916673045,0.527765754970158,-0.5483928401070037,0.029953814825940193,0.1167581192526497
61,8.811,45.639,1.6836435305980473,0.5869295970889665,-0.5211794386113187,0.05618969184509752,0.12329580199733443
62,8.811,45.705,1.5929455660372207,0.5748233717670688,-0.46880876974094743,0.08756298261549937,0.12852661895879786
63,8.811,45.771,1.448468645441524,0.46561097513102245,-0.3228222993018633,0.1012689718868452,0.13231401272049081
64,8.811,45.837,1.150870648636138,0.21064851275604066,-0.2823318483261702,0.25092512782430554,0.13212290736912308
65,8.811,45.903,0.8493007217667059,-0.03064079032139537,-0.25603131919499256,0.45319010554862144,0.1205211660313669
66,8.811,45.969,0.6046330510026678,-0.16299721785647464,-0.25194669367773703,0.5956433536674262,0.09949478744640128
67,8.811,46.035,0.3938972028823213,-0.26942351427945227,-0.2500298453427512,0.6222318716905393,0.066592417430561
68,8.811,46.101,0.3815780383377663,-0.30038747287234857,-0.24821183959269394,0.6310263734679735,0.03228672807099737
69,8.877,44.979,1.1469335442577069,0.0655559043943349,-0.4786621832584454,0.11080859235692128,-0.26359173253013707
70,8.877,45.045,1.3311755583229004,0.16389273279848982,-0.5149217854652606,0.12044394999441434,-0.2617455434500765
71,8.877,45.111,1.4284236437239402,0.26142300243773187,-0.5485380176742746,0.059273496679106995,-0.24177009283309614
72,8.877,45.177,1.531777469322679,0.34433254052051787,-0.5759656579271326,-0.04928401625757963,-0.15922304124879436
73,8.877,45.243,1.5495238868067365,0.41623694206085304,-0.6051081744328433,-0.1323810733310462,-0.0034290492296487115
74,8.877,45.309,1.592207452815425,0.5044942428291093,-0.636693309362115,-0.045812682224773874,0.0689929116724108
75,8.877,45.375,1.6558433125173129,0.5485221490892278,-0.6530569572567788,-0.00653481957463916,0.08452282189789759
76,8.877,45.441,1.648394286340563,0.5109984339721891,-0.634314156001563,-0.01058846249504651,0.09174138844718283
77,8.877,45.507,1.6240833995223798,0.4595013425353916,-0.5930903894084769,-0.0046058960539247995,0.0984478586821533
78,8.877,45.573,1.5988910480176266,0.4829184578224818,-0.5547072762908258,-0.0005735180770163363,0.10557370261127255
79,8.877,45.639,1.7142039539932457,0.5977091687757193,-0.5251206041575257,0.03632979903796214,0.11213690340490369
80,8.877,45.705,1.7417655644061991,0.6789689368455654,-0.5200412021929608,0.09688957244435012,0.11794885943057297
81,8.877,45.771,1.5521323985088005,0.5584526754600664,-0.4718273639147875,0.15695107662462932,0.1295925871714442
82,8.877,45.837,1.2107340779536973,0.23540352913515744,-0.3511077761013951,0.2693137423477694,0.12388646060619624
83,8.877,45.903,0.79418453059053,-0.03673784076751481,-0.2821555067357801,0.44780554183389887,0.1135789383384062
84,8.877,45.969,0.6087093580177901,-0.13447591484526492,-0.26504295125870725,0.5657207818416212,0.084823891596815
85,8.877,46.035,0.4097513172602585,-0.19626132335847957,-0.2544872137829829,0.6031532157188936,0.04671665567885687
86,8.877,46.101,0.3691752001987295,-0.2432361546423084,-0.2575493638116718,0.6195415099506447,0.0007558662451654288
87,8.943,44.913,0.836286734185094,-0.015691542911054002,-0.404803016432857,0.18882734495704379,-0.2586105461118446
88,8.943,44.979,1.0627197308336798,0.011203263951523256,-0.45210615119718767,0.08263308910402493,-0.2560171238430871
89,8.943,45.045,1.2669149199630303,0.1296062608940097,-0.5041370348229781,0.0822116713549474,-0.2527093762267655
90,8.943,45.111,1.402114719859216,0.23612648137170103,-0.5511571877237069,-0.0372017486919988,-0.22904777244765956
91,8.943,45.177,1.47890174912587,0.3238430573377773,-0.588045238198267,-0.11035317109198477,-0.1452895328767963
92,8.943,45.243,1.5087983451969618,0.4082603521392473,-0.6294438388139892,-0.14767823021283805,-0.004139319137024368
93,8.943,45.309,1.612829093437767,0.49696496517802347,-0.6673654105348066,-0.06035121848198114,0.06103892229432031
94,8.943,45.375,1.655716897466025,0.5343972828065242,-0.6762245079483094,-0.005705073065412628,0.07549234954067717
95,8.943,45.441,1.6934916249571743,0.5024805440978524,-0.6523316566163551,-0.007984134235522399,0.08185167343316642
96,8.943,45.507,1.6693333586566823,0.46300476352760067,-0.6125935274802147,-0.011883748493659755,0.08713117805540842
97,8.943,45.573,1.6149916747116708,0.4525610924969312,-0.5753863458951044,-0.013741863856750202,0.09312177974620081
98,8.943,45.639,1.5076689741287248,0.557867819568765,-0.5493364028853331,0.013126026712189015,0.10147113524730961
99,8.943,45.705,1.82493634613609,0.6873807178249011,-0.5380499460269996,0.07885179182823003,0.10946254983740626
100,8.943,45.771,1.5655775082796342,0.5956448326401127,-0.552575543475166,0.18068140439889177,0.11576804233423771
101,8.943,45.837,1.222036093707478,0.24171118374097694,-0.42239141620621606,0.26614506542945443,0.11226992976556105
102,8.943,45.903,0.8058721686065795,-0.010485653199913363,-0.321419066022384,0.4539364722059931,0.10304140646292119
103,8.943,45.969,0.5508176119755219,-0.10305339163640159,-0.2992232698411839,0.5774685586617527,0.06946741986282823
104,9.009,44.913,0.8407447482145328,0.002787699018234918,-0.3907188140510942,0.5137518398126248,-0.24810435470832579
105,9.009,44.979,0.938176939252209,0.0005744451179725239,-0.446033680189541,0.31989999659115254,-0.24503765775447567
106,9.009,45.045,1.2127233798447703,0.09114766401728192,-0.5073249139451302,0.3507765643417548,-0.23686523909362475
107,9.009,45.111,1.3423950275990335,0.1995137533311112,-0.5577325116331161,-0.0528302320896974,-0.20776744834048588
108,9.009,45.177,1.4736038254278925,0.28884426074426794,-0.5970796023471688,-0.10844725849147546,-0.13153589415797934
109,9.009,45.243,1.5247590314377044,0.3748405629829311,-0.6408765259481802,-0.1256551896823132,0.0006650298819714292
110,9.009,45.309,1.5957703581124014,0.4475740393135371,-0.6714357591708338,-0.022259639602825818,0.059808575566708544
111,9.009,45.375,1.6805459169269623,0.4782731816268827,-0.6783658860007782,-0.006067711348097413,0.07168775782673234
112,9.009,45.441,1.7115132443299237,0.4673748715023028,-0.665239841152,-0.003085096691701273,0.07389535755412685
113,9.009,45.507,1.6965024506319983,0.45927727195511864,-0.6399545334353529,-0.00383727709959628,0.07621250679553436
114,9.009,45.573,1.6500671353498468,0.456607960681059,-0.6075208408043509,-0.007960021273919869,0.08101075536756552
115,9.009,45.639,1.531958771997714,0.49597753986764304,-0.5682426102851603,-0.007081326767896698,0.08763864158883589
116,9.009,45.705,1.6122522469062237,0.6079298288427295,-0.5169497229299331,0.0213558233980078,0.0948244318648595
117,9.009,45.771,1.6386996281757835,0.5788363506698433,-0.48067927508685243,0.10996530872741703,0.10092598108635353
118,9.009,45.837,1.2619704363755977,0.3041638850014013,-0.4176118400840915,0.290177685851975,0.09913690610723283
119,9.009,45.903,0.7854752839793406,0.04764765952676907,-0.35409441079942294,0.4941347267106307,0.09049303832280495
120,9.009,45.969,0.4771957640680886,-0.07245282185750127,-0.3357210637008964,0.6158891424737206,0.05650392154178122
121,9.009,46.035,0.3408688473373352,-0.1569809549386692,-0.3130997736449046,0.6563667379053133,0.003982013355178313
122,9.075,44.781,0.4060224885008458,-0.03858801465654378,-0.14706337535571457,0.8203701237110187,-0.2337954939901637
123,9.075,44.847,0.7288931735464168,0.05450683391877674,-0.2539631367784191,0.7831539660851183,-0.23501821551410132
124,9.075,44.913,0.9516711379272852,0.09098638543127266,-0.35739481991279043,0.6636511606420252,-0.233856053812276
125,9.075,44.979,0.8175097982283377,0.030849816003874885,-0.4506296071037506,0.5475856476140932,-0.23122769160045403
126,9.075,45.045,1.161632122884836,0.06481130185163322,-0.5152101590243972,0.5949322335444373,-0.21800229740099794
127,9.075,45.111,1.2998604263935662,0.15777381200402268,-0.5602754777050938,0.0906152123505225,-0.1838121838536349
128,9.075,45.177,1.4355982762734114,0.2449518176762538,-0.6025402334249056,-0.09608734960784908,-0.11002931929091278
129,9.075,45.243,1.53414405874364,0.32751559397494673,-0.645477251304467,-0.055624478948736955,0.005621087701968752
130,9.075,45.309,1.6123265179734276,0.38555046345369354,-0.6730807835468576,-0.005640752406033445,0.057123718028080285
131,9.075,45.375,1.706134138558888,0.42180896051278627,-0.6837487763093235,0.0028686259028576242,0.06936579460412808
132,9.075,45.441,1.7569516544328694,0.4363261358485788,-0.6776803833388223,-0.0001914027551783667,0.0713129619203198
133,9.075,45.507,1.7308159209680674,0.436839673982233,-0.6665993163266853,-0.0023537700289904184,0.07081228904553907
134,9.075,45.573,1.6902947656827083,0.4438248343372483,-0.6428746908604795,-0.0020604309180756,0.07314262461558223
135,9.075,45.639,1.5883263298089842,0.4229444624096863,-0.5943752363977735,-0.012130466429172333,0.07719259426525389
136,9.075,45.705,1.368333485956817,0.47301927476434025,-0.5149687542857175,-0.023493620052589072,0.08224755680433946
137,9.075,45.771,1.5275368405374656,0.5232987638240811,-0.4134050026541324,0.013051514101308115,0.08723056257177181
138,9.075,45.837,1.2759037360406462,0.35310112770057356,-0.3722959464173471,0.28019810999308603,0.08678510386204671
139,9.075,45.903,0.7287679004424485,0.12623540159565902,-0.35732954983322573,0.5254741328672075,0.07869171675601219
140,9.075,45.969,0.4957920053996822,-0.03815408988542116,-0.34603079482155064,0.648721742791224,0.04355858321318942
141,9.075,46.035,0.3279576646754238,-0.14977760314314228,-0.32665735228065484,0.6854783012945249,-0.005927781419051009
142,9.075,46.101,0.4088530348040771,-0.17316886680045676,-0.3020529548653319,0.6801447096359379,-0.04216400222490774
143,9.141,44.781,0.3361355238981896,-0.10572750157214006,-0.09276201819736976,0.8384444998144673,-0.22224499911886203
144,9.141,44.847,0.456497776110689,-0.015835910662948517,-0.18983335194264842,0.8258167987661311,-0.22136799579534316
145,9.141,44.913,0.8041561332259504,0.09874717571639542,-0.36032381850491446,0.7570932595957364,-0.21904248705055032
146,9.141,44.979,0.81041200983516,0.0638764649169529,-0.47239228262137856,0.5965977313616984,-0.2134118777617885
147,9.141,45.045,1.0451540598814824,0.028290888360141635,-0.5148959552190338,0.5854228726053163,-0.19864530979678163
148,9.141,45.111,1.2364809709410585,0.07671502349276152,-0.5565435102987413,0.2798526652408227,-0.16850687822786942
149,9.141,45.177,1.421023113232046,0.17050608355103297,-0.6022891441515346,-0.014253496305456678,-0.0909321985503147
150,9.141,45.243,1.521127816928359,0.27227426299650537,-0.6475821660159964,0.006081941558062519,0.011880907295272816
151,9.141,45.309,1.6498999661266989,0.33765753958554134,-0.6782725936895698,0.0037111282551197727,0.05650340120476455
152,9.141,45.375,1.7128458523600147,0.391690806224277,-0.6942908260064435,0.006602175550237489,0.0680423814195322
153,9.141,45.441,1.7909344939438092,0.41397808610982567,-0.6945588505597429,0.0005170615747546372,0.07011560305481548
154,9.141,45.507,1.7105065806918085,0.40990758210006134,-0.6894284906827285,-0.0019099697365608085,0.06808941433439222
155,9.141,45.573,1.7342077121329746,0.41346418626157144,-0.6699627387424922,-0.0010844160322732467,0.06805250007317203
156,9.141,45.639,1.605690432228852,0.3730649830640762,-0.6194942977296366,-0.00969188329572771,0.0699042826091659
157,9.141,45.705,1.3842414498245743,0.3929010228390371,-0.527090949431418,-0.03210964279417119,0.07292758652934848
158,9.141,45.771,1.4907095882201329,0.4683392531609646,-0.3954428054492572,-0.013456121289336953,0.07671161402841029
159,9.141,45.837,1.137266140816121,0.3557457556181094,-0.35887836489807506,0.2682115012550666,0.07984628927972803
160,9.141,45.903,0.6663202295109812,0.13871584859540614,-0.35394514594119453,0.5759055406030209,0.06947876521177984
161,9.141,45.969,0.4410391314368388,-0.045618843435767734,-0.3484467365744733,0.6841098476572374,0.03531562554975731
162,9.141,46.035,0.3455594033663273,-0.18595496208239998,-0.32455297388975113,0.7121389113252388,-0.01975612561958184
163,9.141,46.101,0.4117980353727135,-0.19652107576909855,-0.29726787928680065,0.6862341183727602,-0.054764173168434425
164,9.141,46.167,0.417960079505445,-0.18758497026587684,-0.2868942411266067,0.6349997816973367,-0.06727290235613065
165,9.207,44.715,0.6074125211167117,-0.01128374607432689,-0.037136396710371444,0.8245655998408276,-0.21356937819054667
166,9.207,44.781,0.5844821596245736,-0.08757666456294182,-0.061311231938410406,0.8433863336750658,-0.21174060838917907
167,9.207,44.847,0.2849474794877075,-0.13570804949608067,-0.15071708745726653,0.8584177893512865,-0.20928339301073295
168,9.207,44.913,0.6172573527692129,-0.0019773646596948705,-0.37914329235715777,0.8052952064118882,-0.20474589980014313
169,9.207,44.979,0.8485620746474629,0.051949671154529406,-0.4881898487739423,0.6435274733812248,-0.19673341083664456
170,9.207,45.045,0.9704573281064728,-0.01471967971402947,-0.5107549004454397,0.5868643000931084,-0.17963480900839113
171,9.207,45.111,1.1956259666153974,-0.0034614373162347705,-0.5526871719826806,0.39669078169132127,-0.13808968411284384
172,9.207,45.177,1.407613151709869,0.10916441071226167,-0.6027076390341615,0.02409348885350146,-0.07400314306966622
173,9.207,45.243,1.5464731745434053,0.2309430321089524,-0.6527429495459511,0.01073998276749832,0.018963036840393202
174,9.207,45.309,1.6378558922422013,0.31449014668953823,-0.6895488911596432,0.00774700773295948,0.05798746155420499
175,9.207,45.375,1.72945922823088,0.3812210882272227,-0.7128305706210827,0.008456143706908458,0.0681815524529244
176,9.207,45.441,1.7973537654178195,0.4045990497830246,-0.7181171286658066,0.0012379785697073011,0.06934861467201003
177,9.207,45.507,1.7537224943628025,0.3961707214943174,-0.7146152447848149,-0.000580367503300445,0.06694156926744607
178,9.207,45.573,1.7695642401165284,0.3918651690887385,-0.6950257712479716,0.0006955943754580647,0.06541819195606628
179,9.207,45.639,1.5896105311371274,0.3382262720376784,-0.648288987244293,-0.005401150192240259,0.0657464982452162
180,9.207,45.705,1.4096280806784445,0.3442794511526505,-0.5548903941352372,-0.029400992421370717,0.06749313551104341
181,9.207,45.771,1.392327074555585,0.4149840409663056,-0.4199398082913343,-0.013057454845640935,0.0704715212755274
182,9.207,45.837,1.1445500740375762,0.32684491150091394,-0.3732712171121502,0.2518950081483897,0.07296671586497977
183,9.207,45.903,0.711391095712465,0.1308201568769066,-0.3716541393170648,0.6293566312848744,0.06457568830708908
184,9.207,45.969,0.4453028661171617,-0.07515469143369005,-0.3705814266445179,0.7312284671876801,0.030365609609561993
185,9.207,46.035,0.2939160074623013,-0.2422915881518865,-0.33908697976162694,0.7795253365795269,-0.02632980225443573
186,9.207,46.101,0.3373085966971141,-0.2581006952902046,-0.30515443906403816,0.6972602703756295,-0.06101803352713972
187,9.207,46.167,0.4349285268401684,-0.20969962635316114,-0.2902514707011442,0.6326186146835704,-0.0715959088088609
188,9.207,46.233,0.3543174867635195,-0.22310659829888355,-0.30402473458189494,0.5827851096724559,-0.07467234075867987
189,9.273,44.649,0.5074281223120045,0.02730874966454875,-0.029783458642597835,0.8174868546916862,-0.2049307560676722
190,9.273,44.715,0.5893646517861051,-0.014065013942550289,-0.03854524098493335,0.8253133995478821,-0.20356935251927055
191,9.273,44.781,0.5572668261980718,-0.09551661924742638,-0.05633904350797271,0.8478750367257333,-0.20081768680053697
192,9.273,44.847,0.2104961922339096,-0.19958989451991627,-0.1348873735849763,0.8792151648810256,-0.19637137012069272
193,9.273,44.913,0.5115024717031507,-0.10609823025243856,-0.362542801815794,0.8634776156214281,-0.18951659596013481
194,9.273,44.979,0.8072967849635344,-0.02374434755452561,-0.49342671674137767,0.767561582583478,-0.18087634077961998
195,9.273,45.045,0.9507171818316702,-0.06975112413080735,-0.512225621209486,0.6835285712004449,-0.163743627336297
196,9.273,45.111,1.1669296906511817,-0.04016954114985632,-0.556274941989287,0.5843020139684268,-0.12049242508710298
197,9.273,45.177,1.4034254974158795,0.0860679038528864,-0.6111605247602758,0.12504049589535665,-0.045994009307006214
198,9.273,45.243,1.5313623640568963,0.20568180392716673,-0.6659493943104453,0.01582981471898912,0.02606591971201131
199,9.273,45.309,1.6557107873063428,0.30202548800512075,-0.7060968087900902,0.013532820478296535,0.06079787970236018
200,9.273,45.375,1.7543020697035248,0.38464402275530923,-0.7350878454076724,0.01118751511968626,0.06921601259696783
201,9.273,45.441,1.8066337484008703,0.41233229888969347,-0.7465991800910784,0.003318210948427955,0.06925858261593862
202,9.273,45.507,1.7737011741529627,0.4025645920589591,-0.7429399496382834,0.0014527158877439366,0.06652327644679942
203,9.273,45.573,1.7846187837442171,0.37180908706893945,-0.7197623268173963,0.0008977156432790688,0.06422705159006192
204,9.273,45.639,1.5582372933688742,0.2910340734431538,-0.6727263936364414,-0.00909315448790473,0.06356981470198231
205,9.273,45.705,1.3746774927211507,0.2759124771093441,-0.580966935403548,-0.04052250788598067,0.06449618862734662
206,9.273,45.771,1.2886563511605158,0.3415522109840543,-0.44443991686050116,-0.03306884880249191,0.06698356298539587
207,9.273,45.837,1.1623696132262753,0.2730596965511549,-0.40723069135962975,0.19602585326189326,0.07031154282666574
208,9.273,45.903,0.7355262857788172,0.09107536778498602,-0.4099759865427316,0.6601176928179231,0.07014197800512867
209,9.273,45.969,0.4278520424382125,-0.10539385648880828,-0.41888094318625846,0.7609556229446588,0.024478422595527592
210,9.273,46.035,0.3203248591327008,-0.27770437087789496,-0.4011343326780019,0.8057121092778645,-0.03396318389279099
211,9.273,46.101,0.2657117254116166,-0.3208942955466456,-0.3434821436014093,0.7381472244914666,-0.06470231115783892
212,9.273,46.167,0.4839027024531533,-0.27918343751203395,-0.314675717399059,0.6373879389220409,-0.07506889617157678
213,9.273,46.233,0.3702512408441097,-0.29638009981492597,-0.32064592999106456,0.5765634003868509,-0.07598291563438414
214,9.273,46.299,0.2688311324799174,-0.3726774633471463,-0.342364231778584,0.5537584696886195,-0.07526478578369777
215,9.273,46.365,0.1917026461343281,-0.4486070909674791,-0.3662093153516968,0.5566020016343031,-0.07376461706033076
216,9.273,46.431,0.1509262878688476,-0.49460177260471005,-0.3802117816745396,0.5628086367175933,-0.07255595176703059
217,9.273,46.497,0.1175586465227967,-0.5223953178416921,-0.3871207494048485,0.5682427241918753,-0.07150419890876013
218,9.339,44.715,0.583255441254993,-0.030107557949660947,-0.03171686256125761,0.8272587433416538,-0.19172662320921405
219,9.339,44.781,0.3866798288760443,-0.12448017210197962,-0.05005045644932974,0.8472771718605139,-0.18790046410378267
220,9.339,44.847,0.1741672219556057,-0.25839273824535647,-0.1378721702077689,0.897421591733505,-0.1825348668281852
221,9.339,44.913,0.4906535983947656,-0.16525908645994242,-0.3559927810259891,0.8961378342893818,-0.17559011097027255
222,9.339,44.979,0.7208935248426328,-0.09130681223896076,-0.4972440707452,0.8151034777185492,-0.16760380893408922
223,9.339,45.045,0.9673017569013156,-0.11709778145270443,-0.521735325753233,0.7422919075466485,-0.15130755894532996
224,9.339,45.111,1.166938559281011,-0.06323833699953688,-0.5641211119391525,0.6728253022155757,-0.10314415089530823
225,9.339,45.177,1.4175527798203509,0.07426062805423354,-0.6224405324968334,0.17627725372712338,-0.03180845677372152
226,9.339,45.243,1.5514898306844618,0.20049946053033185,-0.6805644904965081,0.040938084732420874,0.03163963241322
227,9.339,45.309,1.6792541817126088,0.3061902882395269,-0.7250169499985176,0.025209047320531246,0.0648378545485464
228,9.339,45.375,1.791560399718627,0.3979245364974352,-0.7608576316221626,0.017129735652731546,0.07118334283899808
229,9.339,45.441,1.8372559036884883,0.44046158434031357,-0.7802832120485275,0.00832167224682487,0.07032170751511635
230,9.339,45.507,1.816139792461676,0.42873488065488247,-0.7793656573173675,0.004547462070463306,0.0670610157433455
231,9.339,45.573,1.741050853689206,0.3729571122025337,-0.7550577961771291,0.0005602746969485435,0.06426746288628019
232,9.339,45.639,1.5289496814895962,0.2843178234750777,-0.7049500042280663,-0.01529836106783835,0.06324332947479902
233,9.339,45.705,1.3220411958687786,0.2751832546741115,-0.6075496764156993,-0.04852981482867188,0.06378540283548317
234,9.339,45.771,1.3191464039059766,0.32598429770040116,-0.46048391962141705,-0.04004961583237241,0.06601872322428706
235,9.339,45.837,1.1184958192555254,0.23582272289439082,-0.44374836536367845,0.1877805063665132,0.06792830311444796
236,9.339,45.903,0.7143451058005353,0.027254304273030952,-0.4622302180029483,0.6904296017827232,0.06143276627387869
237,9.339,45.969,0.3506474237995935,-0.1633344950739482,-0.46332190852152666,0.7792748994608917,0.01675888505742265
238,9.339,46.035,0.2437758368991989,-0.3312613872035684,-0.4460517156269723,0.8090364944906843,-0.04189900055667853
239,9.339,46.101,0.3072580787333014,-0.4021540484264205,-0.4035323786044823,0.7674693139477891,-0.0688673392958678
240,9.339,46.167,0.3366284113484217,-0.37170926031404705,-0.36104985790495947,0.6381978142993072,-0.07705860208737589
241,9.339,46.233,0.4323547555484332,-0.36929634343132445,-0.34586980079785834,0.5622725159536609,-0.07753893944865176
242,9.339,46.299,0.3120667262040624,-0.406315010423244,-0.3581620285611884,0.5404873238383698,-0.07523476955077552
243,9.339,46.365,0.2278576177512958,-0.4517143931020534,-0.37383001301347174,0.5423021184227191,-0.07342636737911232
244,9.339,46.431,0.1722567366752865,-0.4999316572767333,-0.3862167854590711,0.5568172058762664,-0.0718344101992643
245,9.339,46.497,0.1316614882885396,-0.5237325208978298,-0.3912467207706275,0.5641545218211099,-0.07061785451947582
246,9.405,45.045,1.0089849103211748,-0.1439020022522476,-0.5290309105572739,0.772929775473632,-0.13225881789622138
247,9.405,45.111,1.1891936888063357,-0.06984544987130867,-0.5778447953958643,0.5593882218679304,-0.08351004441039803
248,9.405,45.177,1.410118257857604,0.06256366251434461,-0.6333653530701334,0.1795990508022073,-0.01712996472099009
249,9.405,45.243,1.5899013717718995,0.2028742924541383,-0.6947968810693156,0.07766226322376425,0.03989393238827457
250,9.405,45.309,1.6899291052527994,0.3135497669788133,-0.7451484061298912,0.04507976541877666,0.06871863571610037
251,9.405,45.375,1.7630067336949522,0.4077080466842483,-0.7877707205273343,0.025851029900295933,0.0737858627524394
252,9.405,45.441,1.8306607352511048,0.47014159865100064,-0.8165328427620264,0.018238982811238286,0.07269446645888383
253,9.405,45.507,1.8665352624030505,0.4700884216540484,-0.8216983586206108,0.009634870736711588,0.06860702776145566
254,9.405,45.573,1.747684944733594,0.40552948762832464,-0.8030395126019113,-0.00040157245406614514,0.06526374397640075
255,9.405,45.639,1.5661351938249908,0.32841712086871466,-0.7539866140257132,-0.02138871547352849,0.06368922880989306
256,9.405,45.705,1.320992206027428,0.3389487062994849,-0.6332514105520048,-0.041980783960913766,0.0640175573913038
257,9.405,45.771,1.3219071282874038,0.37726695387459475,-0.4538445908048962,0.004449379879193298,0.06607545985600571
258,9.405,45.837,0.9911674474003284,0.23404891850010062,-0.4684984298660529,0.3741830251470383,0.06240378641703914
259,9.405,45.903,0.5621290302565807,-0.026798315862134978,-0.48663867386633186,0.7670036760876315,0.04105405565878331
260,9.405,45.969,0.2649496387113597,-0.2251023759430833,-0.4684691418389144,0.763827746398043,-0.008123665564691351
261,9.405,46.035,0.0890828108826466,-0.3425026834870586,-0.4469126354305053,0.7416338715332069,-0.05537522876871741
262,9.405,46.101,0.250025417967668,-0.4296980099463884,-0.41911137175372803,0.7166814918715725,-0.07515809262345517
263,9.405,46.167,0.3603064517249642,-0.4376164571076406,-0.3957864257210196,0.6461938888875349,-0.07839078730611784
264,9.405,46.233,0.4203423299182121,-0.42491989359328963,-0.3788755374233713,0.5405070476045282,-0.07769421393403134
265,9.405,46.299,0.2877934791559603,-0.44608449499953384,-0.3815445806715816,0.5184526207516287,-0.07458926255892166
266,9.405,46.365,0.2107793951690794,-0.478365102529922,-0.3867971111527351,0.5321271492447494,-0.07234071016211527
267,9.405,46.431,0.1532906230561387,-0.5115684552346993,-0.39322114928601926,0.5502750683547099,-0.07062394721497947
268,9.405,46.497,0.115747429091585,-0.5296258818758367,-0.3960247764721654,0.5595106060197979,-0.06933868550168047
269,9.471,45.111,1.2126556341908192,-0.0670723931647354,-0.5913619483679262,0.24309127882505646,-0.06137761305742133
270,9.471,45.177,1.4254681060959489,0.05764026912294501,-0.6464108397164722,0.1484425323301683,-0.0011693810051182896
271,9.471,45.243,1.5985937561220245,0.20956448987304974,-0.7100278404281462,0.1234810935490689,0.0482377812122505
272,9.471,45.309,1.6986704302023197,0.3234280392840656,-0.7645948199596317,0.0804872526092336,0.06940754127059781
273,9.471,45.375,1.7930423803902666,0.4178162465859959,-0.8114266385183306,0.05027719987797544,0.07720913256296488
274,9.471,45.441,1.8612945250539428,0.49523315734414036,-0.8494440670219373,0.045553807883077044,0.07635127652567202
275,9.471,45.507,1.8857298248079832,0.5082518069619231,-0.8623316342276042,0.020132967251486944,0.07160568508396115
276,9.471,45.573,1.7568690486332834,0.4415735868678405,-0.8499438871470562,-0.005639604224403967,0.06779910415038552
277,9.471,45.639,1.574988993170213,0.3627743245493179,-0.8035480731623238,-0.0332492208222611,0.06582299752332874
278,9.471,45.705,1.3040422671375678,0.3731035613297262,-0.6478182588164862,-0.05026605547669513,0.06623981748825852
279,9.471,45.771,1.3052348753924174,0.4042607736631371,-0.4361775412072813,0.03955305869864111,0.06624065238537535
280,9.471,45.837,0.841712229712163,0.23160447085327418,-0.4683866975081663,0.5692670009936065,0.05193462879734942
281,9.471,45.903,0.4152447660680637,-0.07206860448590342,-0.4695304128604571,0.6909911448950926,0.012516624489307598
282,9.471,45.969,0.0836431077512683,-0.2004361581203626,-0.4394360708517192,0.6082128184125497,-0.03852256277194001
283,9.471,46.035,0.4811989271328413,-0.24800880841525152,-0.41014448254690017,0.534729934293166,-0.07271478656495975
284,9.471,46.101,0.3445359664500553,-0.32394043572283626,-0.3868825710675845,0.4681969039289783,-0.08330771878272926
285,9.471,46.167,0.3417753458820211,-0.40358692520679484,-0.3843007028899074,0.4679648567655218,-0.0805572035458674
286,9.471,46.233,0.3823160180851995,-0.4601384852313044,-0.39574322004956897,0.4746233074432389,-0.07753647503137555
287,9.471,46.299,0.2389744304125755,-0.5028820945952314,-0.40295433145771814,0.5011206984904226,-0.07355438051234833
288,9.471,46.365,0.1661284838018646,-0.5208398518750379,-0.4032950890555551,0.5216953511291315,-0.07088936017064928
289,9.471,46.431,0.114389431271747,-0.5377330032695633,-0.40235292413382784,0.5424729714640295,-0.06906205943698163
290,9.471,46.497,0.0842795135092286,-0.5387648758738742,-0.40259331857896447,0.552681061194567,-0.06763786933739802
291,9.537,45.111,1.2436710123640968,-0.0522240265334385,-0.6047952569776451,0.01945061351063919,-0.04222966780172241
292,9.537,45.177,1.4407346959933829,0.07153251254795767,-0.6604211411848717,0.08006402820264764,0.012850788882130005
293,9.537,45.243,1.6352410553384278,0.224423986392787,-0.7242116149484363,0.1639698555805219,0.052677663476157315
294,9.537,45.309,1.7274219200609446,0.3265222594225412,-0.7787403646106741,0.12342517921546367,0.07229350827731004
295,9.537,45.375,1.7684978541166658,0.4161709310366761,-0.8210802479544731,0.05757414465156925,0.08147287204198457
296,9.537,45.441,1.8825089846398133,0.4906390178338609,-0.8606138079435075,0.048170233361040427,0.08031598821306796
297,9.537,45.507,1.901092219636356,0.5120058473381038,-0.8784965918652509,0.008044026500140342,0.07470492521815625
298,9.537,45.573,1.7786421725764985,0.44338347222337215,-0.8699271552842731,-0.028889213634588927,0.0705782988639605
299,9.537,45.639,1.5660281918781298,0.34764149490019436,-0.8250542877430822,-0.059520507469973435,0.06863883286212225
300,9.537,45.705,1.2062612631005625,0.3493303321126432,-0.6540141958417276,-0.07633159180525849,0.0693691162849997
301,9.537,45.771,1.257344570920716,0.3686586665328167,-0.4520908228532371,0.03387723780270374,0.06431381753295386
302,9.537,45.837,0.6780214819119532,0.17734678237880636,-0.47001639862718647,0.568482994198856,0.033927627460437884
303,9.537,45.903,0.3155310866380589,-0.07943054938651427,-0.45622649499944035,0.5855350681090754,-0.01770239367865021
304,9.537,45.969,0.47921484557237,-0.12897952653991845,-0.4132954972795169,0.45371343111012796,-0.06329750299275791
305,9.537,46.035,0.5681518383840315,-0.12319751087092815,-0.37577100079580034,0.32272426267082127,-0.08593622192244231
306,9.537,46.101,0.6140248410096113,-0.2025090790425712,-0.3595863296045941,0.2521071780224546,-0.08993348482137259
307,9.537,46.167,0.5904632347681763,-0.3159579909249954,-0.3752511472833492,0.2763459004057744,-0.0827580514690543
308,9.537,46.233,0.3198115760584325,-0.45511508888337593,-0.4028142321050392,0.3900353788880264,-0.07698722233858232
309,9.537,46.299,0.1614054045200015,-0.5368368088692633,-0.4173101447077569,0.4551382211761566,-0.07192784523962298
310,9.537,46.365,0.0810260314443101,-0.5516099381058457,-0.4202863723565915,0.49625478183909677,-0.06896603668877867
311,9.603,45.111,1.2738388579997182,-0.03887026204538918,-0.6117544210331074,-0.06919581053442742,-0.024890788017570054
312,9.603,45.177,1.469747543483266,0.10014714327079718,-0.6721265948681605,0.033501659939702146,0.021262780769898133
313,9.603,45.243,1.6546403525841666,0.24200721678560655,-0.7394698394225305,0.19289085160525665,0.05211280506222933
314,9.603,45.309,1.6896678514349346,0.3243799849892067,-0.7878769896687899,0.15301274176124208,0.07396894223401004
315,9.603,45.375,1.7606453052826558,0.3827147522121449,-0.8200849428698915,0.023614026535844053,0.08588522796643319
316,9.603,45.441,1.8145119391428668,0.44110109117414553,-0.8532206853775973,0.015906842510020835,0.0838116833910878
317,9.603,45.507,1.8524655222790805,0.46493078648845565,-0.8719468386952145,-0.020668720153760506,0.07704042037898287
318,9.603,45.573,1.7278333325360469,0.4036277855912914,-0.8635703484041825,-0.055687657836146875,0.07271086057572367
319,9.603,45.639,1.5155888978545695,0.3062326095715978,-0.8234482429865607,-0.08085115588327116,0.07034409717564963
320,9.603,45.705,1.2317577730153175,0.28559997537179316,-0.6680237781614233,-0.09174949409043007,0.07046714372231513
321,9.603,45.771,1.13745985660682,0.2688691873965977,-0.4899894228533733,0.020211295282591312,0.056631187285499186
322,9.603,45.837,0.5752774710121685,0.05470005398950968,-0.48347883920717866,0.5383646152565865,0.01122215615288006
323,9.603,45.903,0.2359942815952822,-0.13156752579724001,-0.4508630311756791,0.5108460289141586,-0.04179300035406915
324,9.603,45.969,0.6141686967108654,-0.10405031376592448,-0.4043627082129034,0.34999943557329793,-0.07789385291614521
325,9.603,46.035,0.535091840611879,-0.12272667295235763,-0.3637729190830954,0.23072218808739764,-0.0939649452716858
326,9.603,46.101,0.5589257345517705,-0.20533399139911537,-0.3574644077234647,0.19909906300064367,-0.09566735562063411
327,9.603,46.167,0.5263982105010422,-0.30361968031120534,-0.3805808326817637,0.20305025167646765,-0.08465381814050502
328,9.603,46.233,0.2782367444985689,-0.4660919304523477,-0.41010447658100413,0.32364955211693985,-0.07629406904957065
329,9.603,46.299,0.1263010689281822,-0.5605158244947546,-0.43230284194799135,0.39622293116751867,-0.06974275285391482
330,9.669,45.045,1.1888051301081033,-0.10173724745671142,-0.587021351229406,-0.07135371995638418,-0.05301145043050806
331,9.669,45.111,1.3181814139297707,-0.03078832272967124,-0.6138161862720707,-0.06870016724729827,-0.012078615109345783
332,9.669,45.177,1.48856932682565,0.12716517726023036,-0.6825530972715842,0.02906502509446393,0.020164996297262434
333,9.669,45.243,1.6630277925086014,0.2624483880033558,-0.7492706957552526,0.24616151806482456,0.04820143624475516
334,9.669,45.309,1.7221472060714689,0.3253496288062585,-0.7830923760845854,0.18737439520351795,0.07470329322983077
335,9.669,45.375,1.732818155041769,0.3429940365964207,-0.8037141499729434,-0.0014644360497640257,0.08879350844528555
336,9.669,45.441,1.774152317496483,0.3729703873907765,-0.8324388537857306,-0.013408414246395979,0.08432573334517177
337,9.669,45.507,1.7907502993242654,0.40225649820086756,-0.8517144843001945,-0.039235632487196324,0.07716433509777708
338,9.669,45.573,1.6983243460121686,0.34539593743210256,-0.8450613845698256,-0.07340941571399895,0.07224209527096696
339,9.669,45.639,1.4764906979118833,0.251331535699446,-0.8109046147102537,-0.09220813345759593,0.068844472579993
340,9.669,45.705,1.186333896787344,0.21628233642440042,-0.680785441907916,-0.09311922780244135,0.06744933870796335
341,9.669,45.771,1.0317877296451907,0.1495105552495009,-0.530026205684297,0.01604331166458637,0.04215531432203274
342,9.669,45.837,0.4932373061112266,-0.06954756976037198,-0.5130711600426335,0.48688674102869456,-0.009364668481375675
343,9.669,45.903,0.2064376521394167,-0.21249218941392234,-0.4619832771263106,0.4744320784119594,-0.054639296868168104
344,9.669,45.969,0.602330885207094,-0.15236760593188015,-0.41154393613649093,0.29993148986655116,-0.08338286365921221
345,9.669,46.035,0.5114478955195821,-0.18151758908337878,-0.3775513335593999,0.2054831117700903,-0.09578590459204057
346,9.669,46.101,0.5222496493646306,-0.27086660444090904,-0.3761865289607659,0.1962701144640814,-0.09691554377167932
347,9.669,46.167,0.4873970019280672,-0.3597621677744597,-0.39492936551407687,0.19351347803718616,-0.08510219809727741
348,9.669,46.233,0.2595502151763327,-0.5085731130980576,-0.4231022666165082,0.2819006624093068,-0.07505951209642309
349,9.669,46.299,0.1146182359891642,-0.6045684545616157,-0.44703561844773065,0.3423198483393596,-0.06735734763221102
350,9.735,45.045,1.2311066554165695,-0.08475388820260668,-0.5957402302308534,0.024313438147358698,-0.03828893105922035
351,9.735,45.111,1.3689113409613185,-0.014935029438839491,-0.6220409849024677,0.018637861572781002,-0.017357125994884412
352,9.735,45.177,1.4941970805025853,0.15337321835729545,-0.6903833125269246,0.08544364286902865,0.009035113775528313
353,9.735,45.243,1.663805325158637,0.26995349629004994,-0.7483352241234746,0.3044811969630845,0.04283804002428499
354,9.735,45.309,1.687476024445271,0.2842575667017198,-0.7662104099477811,0.22877164575420042,0.07626624386048102
355,9.735,45.375,1.6126644157360432,0.27165550999136184,-0.7765976103980634,0.0026292933922581535,0.08944728990921114
356,9.735,45.441,1.7013621186776298,0.3094196247927126,-0.8049405108148525,-0.007666666404772211,0.08242229922447028
357,9.735,45.507,1.7358973195899303,0.352059919913452,-0.8319316001377108,-0.03604333198910039,0.07623815597204905
358,9.735,45.573,1.6654061869953556,0.29776433796702645,-0.8309155035552152,-0.07346607035963117,0.07068410845186308
359,9.735,45.639,1.4149244026840777,0.2177980464768179,-0.798968106759488,-0.08801364703617914,0.06432628689541638
360,9.735,45.705,1.1907245507554332,0.17367168370983754,-0.6786540535359151,-0.07951283663215683,0.059529509361254285
361,9.735,45.771,0.9125426541349124,0.06302687166021892,-0.5533249883507827,0.046037788634904084,0.027499208683656542
362,9.735,45.837,0.4451049681297868,-0.16855470038784276,-0.5322163108216327,0.49546347120228484,-0.025252127441723067
363,9.735,45.903,0.1981787925170301,-0.28683235366501436,-0.4736878078556933,0.4359876233204514,-0.06081932319164553
364,9.735,45.969,0.566255553292779,-0.21633742206921294,-0.42199479800254414,0.25726636852583357,-0.08271176834829141
365,9.735,46.035,0.4785606432328115,-0.24020437802999678,-0.39073166167768003,0.17506505230202968,-0.09310693173433182
366,9.735,46.101,0.5038912296851309,-0.318687738698352,-0.38989868179494425,0.1654607869907279,-0.0942056510575964
367,9.735,46.167,0.484839633152372,-0.3968938600202965,-0.4052685528566634,0.15513621077581352,-0.08344580726559116
368,9.735,46.233,0.2639984114249238,-0.546175775831697,-0.4339713560340319,0.24576966467939115,-0.0727775296043626
369,9.735,46.299,0.1179100696874272,-0.6472383845492993,-0.4582777856664143,0.30184948452583,-0.06607021944906064
370,9.735,46.365,0.0349573554040561,-0.6797998627650632,-0.46511566173104524,0.32255350746086847,-0.06163679504546384
371,9.801,45.045,1.217908057961843,-0.04431247657391441,-0.6037580706825723,0.11522406356542457,-0.03969454415391001
372,9.801,45.111,1.393070734378645,0.029227498329170938,-0.6320477906353341,0.12780234613966393,-0.02557587353326176
373,9.801,45.177,1.5115231798054989,0.18405973470419557,-0.6908209198230226,0.11549232080492157,-0.006945387096602492
374,9.801,45.243,1.6660955227530865,0.2586935901408929,-0.7361079873002543,0.22307942778047796,0.038050864701579507
375,9.801,45.309,1.5111018902276094,0.22116973421972377,-0.7401937478082619,0.08758122898551017,0.0756025996625716
376,9.801,45.375,1.5261327050798337,0.1814577801480156,-0.7409635514157937,-0.01793946271578757,0.08591037607637711
377,9.801,45.441,1.6374640708373425,0.24711079453903337,-0.7697408282987848,0.010524908532652658,0.0788623060263668
378,9.801,45.507,1.705555171268037,0.30441513214755644,-0.8045009790221562,-0.027243100684221866,0.07243819457385828
379,9.801,45.573,1.6089667606553972,0.2529578750383029,-0.8094326076784,-0.06705819915339459,0.0654629817814952
380,9.801,45.639,1.3263936613388545,0.18696279409681626,-0.7762171516399806,-0.07504306981352801,0.056078635093149885
381,9.801,45.705,1.194267256932296,0.15287512937202807,-0.6444703195429076,-0.04711250926997637,0.0462279014952405
382,9.801,45.771,0.8415166304499114,0.01379948588045623,-0.555098524295316,0.12790185881608968,0.010469166737393551
383,9.801,45.837,0.4275171552639839,-0.23821182006086583,-0.5377483906592343,0.5170580779762795,-0.03595524497520396
384,9.801,45.903,0.1816066157325654,-0.3480980178631294,-0.47789262014690465,0.3910317541068128,-0.06307213583470626
385,9.801,45.969,0.5474627783784006,-0.27841195732604723,-0.42786864272647024,0.21312124283577313,-0.07971855750273295
386,9.801,46.035,0.4537629754164569,-0.29692812268802915,-0.399757282027347,0.1455634243103191,-0.08839123262337943
387,9.801,46.101,0.4857176719969854,-0.3635322827802818,-0.39773890881325097,0.13125439168273279,-0.09061493406769237
388,9.801,46.167,0.4768320612621554,-0.4332674822959776,-0.41049786406867933,0.11320996500882641,-0.08078796268139232
389,9.801,46.233,0.2606114253370474,-0.5764439544789643,-0.43946854686866405,0.2032680026360314,-0.07099399189110213
390,9.801,46.299,0.119654690827249,-0.6796696309108938,-0.46523558236881124,0.27117019430912537,-0.06398238133635023
391,9.801,46.365,0.0378585541362331,-0.7117921384445117,-0.47275359358945007,0.29229000916555214,-0.058537817422798386
392,9.867,45.045,1.296897770132936,-0.0002516302804849071,-0.6024054441281892,0.14835336425418488,-0.035767152303858095
393,9.867,45.111,1.4111232901424062,0.05549164169095036,-0.6350718613740278,0.12874025931615313,-0.025380303443456664
394,9.867,45.177,1.5238328973313215,0.15752655822859107,-0.680295365154316,0.11055422266938676,-0.008945368049197627
395,9.867,45.243,1.598539387565241,0.23354258120496407,-0.7122085977620559,0.1412968326933323,0.03408943871990661
396,9.867,45.309,1.5485383491940268,0.1879180818960962,-0.7127627280020139,0.044197719766797705,0.06749947294542516
397,9.867,45.375,1.4654074318069163,0.14114695074595945,-0.709975208480089,-0.023400491952953968,0.07742761147325415
398,9.867,45.441,1.5864409154629917,0.1952629945069993,-0.7402464547134532,0.016105007799549514,0.07257026225955866
399,9.867,45.507,1.646097785790131,0.24318272456632714,-0.7738381079321057,-0.02842633033795796,0.06561868373672106
400,9.867,45.573,1.513066677327531,0.18529461219683896,-0.7791013866387329,-0.06621124260326369,0.056850932170052604
401,9.867,45.639,1.1903376382409987,0.13423568922353457,-0.7341099202046073,-0.07694209425301804,0.04434480567001564
402,9.867,45.705,1.1170098343530253,0.12738469569876723,-0.5847285176834449,-0.025720654917170096,0.029733139899713795
403,9.867,45.771,0.7919141613540788,-0.010932302139868682,-0.539991752008794,0.22189168414793237,-0.006560936230060826
404,9.867,45.837,0.4369638922166125,-0.27126718690361246,-0.5337971578581993,0.48359273793932894,-0.04428677370196754
405,9.867,45.903,0.3043650553057959,-0.3799421078612878,-0.4757600667461587,0.33220312912682937,-0.0642258078592031
406,9.867,45.969,0.5458572301085284,-0.317808291835058,-0.428541935786935,0.1595731720083917,-0.07752271476271284
407,9.867,46.035,0.4393921467928111,-0.3441269259437888,-0.40434162684962893,0.11046320365083884,-0.08558111671882287
408,9.867,46.101,0.4686368244189829,-0.4026051408611704,-0.40354692073258086,0.09644416812497755,-0.0886749831812336
409,9.867,46.167,0.4622497202662119,-0.46930872570198134,-0.4153499120198965,0.07932393146702581,-0.07866359781224228
410,9.867,46.233,0.2488886390723408,-0.6095752229784348,-0.44353954267183304,0.17045114989907717,-0.06893167452978247
411,9.867,46.299,0.1150003285960826,-0.7089630140872036,-0.4698037705675969,0.24103608182609515,-0.06056009500632949
412,9.867,46.365,0.037642503635628,-0.7503318736583724,-0.4808357215139787,0.27295963643094034,-0.054636105377591795
413,9.933,45.111,1.441528097262011,0.04647107083617184,-0.6295242213184299,0.10478081023773007,-0.02041258278575566
414,9.933,45.177,1.3674294196116166,0.10357566902826094,-0.6607306144591802,0.12932494733253447,-0.00668380500046099
415,9.933,45.243,1.598707565261346,0.18110004753566206,-0.6787761683546801,0.2807075276097455,0.03243731232079064
416,9.933,45.309,1.5365656396017395,0.16917851592149746,-0.6827017426944099,0.3819813697661812,0.05912830984539317
417,9.933,45.375,1.4688469178105077,0.12453639701948341,-0.6866295921764369,0.0021043302107476604,0.06670546355615364
418,9.933,45.441,1.584099241256269,0.17283628349564825,-0.7131291612298304,0.00787814427260654,0.0633600225434362
419,9.933,45.507,1.601563204744631,0.19738524373342026,-0.7410199282731703,-0.03788810509941203,0.05732813978943904
420,9.933,45.573,1.4303638270498018,0.1264096437547274,-0.740575180726654,-0.08130604150494616,0.048867793413412665
421,9.933,45.639,1.0968414281725414,0.08213256007450362,-0.6797606020765742,-0.11548934569740352,0.036360843845209656
422,9.933,45.705,1.0840352305115757,0.07824400983228495,-0.5363713639148175,0.02356437232601579,0.019155084131760352
423,9.933,45.771,0.7032173630720573,-0.06496955116917041,-0.530288955776571,0.35549673285413386,-0.017257182408820848
424,9.933,45.837,0.4386652750783927,-0.31691494186844016,-0.5290147673015553,0.42940174064915093,-0.050005462731892575
425,9.933,45.903,0.3101541720711327,-0.4137959178531613,-0.47202872766019655,0.2837708830109692,-0.06524540957799597
426,9.933,45.969,0.561344052703243,-0.3567480672407052,-0.42857970729005895,0.12027158409244357,-0.0761439861415755
427,9.933,46.035,0.4377855900499818,-0.3844084513837669,-0.40893919356242536,0.08117216137066369,-0.08353335250532871
428,9.933,46.101,0.4535569799844552,-0.4397150099386372,-0.4094062267856573,0.07032026184756299,-0.08620077214421343
429,9.933,46.167,0.4399684001049685,-0.5056876648545303,-0.42119200843550897,0.06308945529809828,-0.07692871228246423
430,9.933,46.233,0.2283300280098263,-0.6421288213229943,-0.44856638573453317,0.15038589773844335,-0.06630546506355146
431,9.933,46.299,0.0990949007412034,-0.7332023992247748,-0.4724896580385368,0.2135321117076066,-0.05724870896760127
432,9.933,46.365,0.0276440281619942,-0.7684512318070471,-0.48364060226581124,0.24303263106794423,-0.051068405144492596
433,9.999,45.045,1.3452678259530773,0.051239488662105995,-0.6082551439339452,0.07486661612153878,-0.02528160785129622
434,9.999,45.111,1.4682332620160243,0.0564143416877807,-0.62121004542324,0.10128032572633552,-0.017939763009916225
435,9.999,45.177,1.36570217238458,0.0828812332775798,-0.6380475789140129,0.15201998216129353,-0.0020413957205090705
436,9.999,45.243,1.6142849131344583,0.12883667374453744,-0.644798106485943,0.24158651524447536,0.032744407711942196
437,9.999,45.309,1.446382174214923,0.1170105986400572,-0.6486804481649207,0.1500964642676799,0.05452320280732972
438,9.999,45.375,1.4440065085373477,0.0990018657491604,-0.6623269295787366,0.006782204323313655,0.05983256271292495
439,9.999,45.441,1.6017767637238132,0.16284352514790465,-0.6885749115004698,-0.006649947475242384,0.05770802318326758
440,9.999,45.507,1.5739932744297804,0.17457762147231698,-0.7102857921545965,-0.04137389838363982,0.05281870307401635
441,9.999,45.573,1.3723825197106398,0.09531408189211452,-0.7031110894891488,-0.08216243456028524,0.04573962455918762
442,9.999,45.639,1.0802239590879084,0.04127464785597255,-0.6360306026994967,-0.13090888556052394,0.032795062859727345
443,9.999,45.705,1.0127750927956478,0.00503156416569402,-0.5341553617554244,0.07627216198479672,0.014913553480154294
444,9.999,45.771,0.5860217418986544,-0.15985046810306247,-0.5448723161533456,0.38028983166892194,-0.019074647847582296
445,9.999,45.837,0.4295210281062411,-0.3819714915013591,-0.5366689569989334,0.4207038118986638,-0.05082427576759406
446,9.999,45.903,0.3017540965737623,-0.4590841803566594,-0.4742892315452514,0.25311467950382066,-0.06534410220220435
447,9.999,45.969,0.5343450960480087,-0.4024041732022481,-0.43284759574332893,0.09125542246589036,-0.07553425503355271
448,9.999,46.035,0.4164446115994304,-0.42591259802770065,-0.415352579471211,0.05920669365715099,-0.08253742184539645
449,9.999,46.101,0.421575633022984,-0.4810833065517761,-0.4168961530269728,0.060477490087532046,-0.08370876342624525
450,9.999,46.167,0.4031860693256867,-0.5462373502060345,-0.4290324607825413,0.06500893908752989,-0.07458449340813958
451,9.999,46.233,0.2147245413778211,-0.6739170419211182,-0.45335825966433396,0.1385733989187518,-0.0634191716220725
452,9.999,46.299,0.0886343815178201,-0.7499180980278317,-0.47452642562360514,0.19533852329573564,-0.05386613158450032
453,9.999,46.365,0.0160842585847292,-0.7875035050818588,-0.4863182122792246,0.2166066013576753,-0.04722518701323451
454,10.065,45.045,1.3753925593697758,0.07961747823735314,-0.6092344388751318,0.06662074620673361,-0.02304826972587764
455,10.065,45.111,1.4905027474505046,0.10097142211101204,-0.6179618336430943,0.09549920816872287,-0.019316518005985515
456,10.065,45.177,1.5593873826241882,0.11549796895679654,-0.6238513527583434,0.21010489457899717,0.0024338603394906747
457,10.065,45.243,1.4396381596181955,0.09253062182292177,-0.6167292217756797,0.1435238621441781,0.03460524983033987
458,10.065,45.309,1.440036328470491,0.054465603267653644,-0.6169519106865805,-0.003687432247696021,0.05191875744110156
459,10.065,45.375,1.439206355226679,0.09978193098252183,-0.637420517955579,0.024081060255037614,0.0559523954472939
460,10.065,45.441,1.5788153471967854,0.16786005861686107,-0.6684884919752476,-0.01239219547993292,0.05534386050094109
461,10.065,45.507,1.5208229021636392,0.16279871311101238,-0.6824060029659094,-0.05027812081794334,0.05225628373717786
462,10.065,45.573,1.283557867820318,0.11321380605749594,-0.6605115880858367,-0.07618631057639524,0.04682163258360904
463,10.065,45.639,1.0313368829113638,0.08410452597650193,-0.5946849870399584,-0.0758035030249725,0.03376614365825762
464,10.065,45.705,0.8968972639981553,-0.03812089348496161,-0.5600960558067505,0.16359599260705382,0.01814897904663437
465,10.065,45.771,0.5006061586878755,-0.24048564815088966,-0.5692418967363085,0.3831552866052153,-0.012291400233120106
466,10.065,45.837,0.433371948830661,-0.42584474118749543,-0.5510146641085156,0.4062069341170593,-0.04465092649935323
467,10.065,45.903,0.2867814320519112,-0.4915362910290972,-0.4810383267567345,0.20540771248331768,-0.06202049943739757
468,10.065,45.969,0.5091999499759448,-0.43872969499548276,-0.4371434983885253,0.05373251566082639,-0.07357877484619799
469,10.065,46.035,0.4018417155517406,-0.4510017465148613,-0.42008772094760316,0.03598278970981932,-0.08096728957513799
470,10.065,46.101,0.3967933592497122,-0.5111527916949445,-0.4227137700082976,0.05256572723873119,-0.08120358765342645
471,10.065,46.167,0.3752790124334228,-0.5769875887925704,-0.4349134196127145,0.0665200120921283,-0.07182439705332375
472,10.065,46.233,0.2185229251103142,-0.6872396050875144,-0.4554874756528233,0.12459749485033157,-0.06071881638443354
473,10.065,46.299,0.0967647053296121,-0.760362228708479,-0.475170041016223,0.1722208801352496,-0.051406682138813026
474,10.065,46.431,0.0,-0.8775507611217022,-0.4867130884449744,0.19629393041170326,-0.041293926913132176
475,10.065,46.497,0.0,-0.9032717801597963,-0.4898364394616659,0.20437411825621138,-0.03858602315892286
476,10.065,46.563,0.0,-0.9207454144351436,-0.4905589450839075,0.202787470628999,-0.03717926024160776
477,10.131,45.045,1.404025776113195,0.09583876307081038,-0.6143308087814918,0.04137581077822117,-0.02190946384591128
478,10.131,45.111,1.507599389494675,0.13485078198597034,-0.620665764117176,0.04380396353764181,-0.017166424370383144
479,10.131,45.177,1.4666336162790483,0.12760062964282562,-0.6165174150439324,0.10783048095951964,0.005867633815536021
480,10.131,45.243,1.4535419169577906,0.04052975389474626,-0.5882046634178182,-0.03204680436226179,0.03558392051377786
481,10.131,45.309,1.329689276810707,0.02796847525302447,-0.5843016388808813,0.006667201915814085,0.04931114749616261
482,10.131,45.375,1.548884136774484,0.12773047642013308,-0.6167358066751272,0.033313951695172914,0.053871965451696285
483,10.131,45.441,1.6180713138353418,0.20277458404176157,-0.6517912264957654,-0.00446813406407381,0.055213204514386854
484,10.131,45.507,1.4644929248005114,0.1765209205806515,-0.6565984852059675,-0.04645469012336902,0.05464456389344477
485,10.131,45.573,1.222305771240633,0.18799734155743691,-0.6074854952241364,-0.06662367249327915,0.0508572081305497
486,10.131,45.639,1.2564162122416336,0.18834213831809946,-0.5530086131190144,-0.024769752011341857,0.040235569789842475
487,10.131,45.705,0.706307294552086,-0.006573323285962501,-0.5622720614770246,0.3119144149755657,0.027414014645790324
488,10.131,45.771,0.4345576757406261,-0.2675943602175135,-0.5820523248810813,0.4120725874444383,-0.0009253401513820824
489,10.131,45.837,0.3787892398488679,-0.4502960210634185,-0.5660363324156568,0.41579867192914033,-0.03465501942058772
490,10.131,45.903,0.2884693043421612,-0.5084189048192538,-0.4933648822671196,0.18187311100218917,-0.05584248598026797
491,10.131,45.969,0.530247848388539,-0.4417352120861333,-0.4420044235400071,0.017429150792316037,-0.0697500637940848
492,10.131,46.035,0.4204493466955574,-0.4439104400134676,-0.4214669633420718,0.007161454861597529,-0.07733934265612005
493,10.131,46.101,0.4033110013285075,-0.5121638236643364,-0.4240578906563512,0.03466350878106676,-0.07767385409859147
494,10.131,46.167,0.3796229207138468,-0.5780821002905551,-0.435135599531925,0.05268650097880194,-0.07016877606387606
495,10.131,46.233,0.2501754505657851,-0.6849858225840408,-0.45217388834028716,0.10409255044981844,-0.05791898840995176
496,10.131,46.299,0.1366318065802591,-0.7518438469994764,-0.4677780036738484,0.14235263914312707,-0.04976392940344403
497,10.131,46.365,0.055444542852422,-0.801640515057688,-0.4742970010758704,0.16118726682637213,-0.0440753411961402
498,10.131,46.431,0.0230671033065081,-0.8541589777575973,-0.47775385995291986,0.17413388239473032,-0.040426871043999044
499,10.131,46.497,0.0141505413501817,-0.8905481347935499,-0.483093534597659,0.18645177242939576,-0.03821603249451737
500,10.131,46.563,0.0135296482791817,-0.9169053663524329,-0.48435706426192154,0.1926821279108366,-0.03689990897973573
501,10.131,46.629,0.0,-0.9212043416565909,-0.48493206478339707,0.19571117760489135,-0.03566705544630258
502,10.197,45.045,1.4330988057098497,0.12905606837211808,-0.6186786282554353,0.006370498327829679,-0.0216463775904993
503,10.197,45.111,1.5434538065094143,0.16504793516591015,-0.6267899765342715,-0.04500039590002063,-0.01613017931242699
504,10.197,45.177,1.481172355650076,0.134160441536775,-0.612063015328502,-0.25837799588854904,0.005799148071885481
505,10.197,45.243,1.3400219943324865,0.008996340505052079,-0.5682072686527474,-0.2534412247184446,0.03614880316557783
506,10.197,45.309,1.32833210949801,-0.003001644660767966,-0.5563814883124852,0.03663034663884002,0.04745423837617461
507,10.197,45.375,1.543343690160774,0.14124632976155516,-0.5934248969575806,0.03986246658235647,0.05293838474859421
508,10.197,45.441,1.5890585256673977,0.23287914803051635,-0.6325711772034378,0.0034330747450659217,0.056150011473127384
509,10.197,45.507,1.409091840013914,0.22070709764789104,-0.6238794668876533,-0.03273348098030848,0.05744406921151346
510,10.197,45.573,1.1064371225131489,0.27558876865169196,-0.5590372910096423,-0.043852364732250806,0.05496738617586243
511,10.197,45.639,1.120341780804687,0.25773904678955595,-0.5443016128248689,0.02838422731477163,0.04723308684129464
512,10.197,45.705,0.5134654346534582,0.034203011820124946,-0.5676798372477077,0.40275845707297625,0.03399072321303892
513,10.197,45.771,0.422405042708379,-0.24547053496184534,-0.5836764759464721,0.44512468164351676,0.0058033582954552
514,10.197,45.837,0.278504264196205,-0.4521556619240952,-0.5677794189776737,0.442439369950364,-0.0265265259897879
515,10.197,45.903,0.2510840921155051,-0.5097655224072546,-0.5047908288963014,0.25026535481233403,-0.04801701181131034
516,10.197,45.969,0.5307430679324848,-0.4262304891488968,-0.45099004077523075,0.02654317928530843,-0.06233261991865116
517,10.197,46.035,0.4416081771334487,-0.4322397006090597,-0.42592154564586293,-0.0018333164512159602,-0.0696024995328751
518,10.197,46.101,0.4066433222499069,-0.5067210329490802,-0.42715362993512096,0.026178725769397428,-0.07039481985569669
519,10.197,46.167,0.3759238419066729,-0.5702011357681086,-0.43382290841290083,0.0404817999122223,-0.06440884691645668
520,10.197,46.233,0.299525074728558,-0.6535723979815904,-0.4463899071216422,0.07896390510221069,-0.05480566780153115
521,10.197,46.299,0.2053917470388767,-0.7219388824019866,-0.45744309398139255,0.11309011272108316,-0.048263682366847145
522,10.197,46.365,0.1237369374514794,-0.7718681406934474,-0.4626954371410551,0.13156751531469804,-0.0435430006973741
523,10.197,46.431,0.084773368648585,-0.816825501646115,-0.4665264494716852,0.14692978222533143,-0.03988751761515377
524,10.197,46.497,0.0604360983981822,-0.8561391082777435,-0.47309411554493885,0.16044575233291933,-0.03780205822738638
525,10.197,46.563,0.0396834601047907,-0.8937612574319596,-0.4791470754955255,0.17980857481468346,-0.03648151497447008
526,10.197,46.629,0.0159603053938961,-0.9099213462506432,-0.4825732331266801,0.18624526195366603,-0.03587936379768243
527,10.263,44.979,1.4519426271524467,0.1487441402134252,-0.6230673660486088,0.023996460615463237,-0.021659784949700646
528,10.263,45.045,1.4642667895703338,0.16021852023374356,-0.6292969325692249,-0.0007861078241491355,-0.02189508466075154
529,10.263,45.111,1.5690502145688758,0.2214330452286859,-0.6364570388034616,-0.07354641932322897,-0.020316539888171406
530,10.263,45.177,1.660402144181507,0.19943108318392883,-0.6221193959359193,-0.31027530490506683,0.007400160971896486
531,10.263,45.243,1.3308085038274324,0.04462701528030836,-0.5683778855962076,-0.29934711087816956,0.0291609108154105
532,10.263,45.309,1.3149987919205834,-0.015014177836549812,-0.5398435519249911,0.0294267532114342,0.0453449564776553
533,10.263,45.375,1.5176952122696523,0.12809272682539252,-0.5679128979749919,0.041942477095501654,0.05109063619695981
534,10.263,45.441,1.59549964244532,0.23304205415533338,-0.6041119065756284,0.004050839287049008,0.05545469805784496
535,10.263,45.507,1.3084794888275055,0.2870240778126464,-0.5843857907590868,-0.01912522081061708,0.058485773704832565
536,10.263,45.573,1.2817753622074186,0.3575604809534303,-0.5369792743747155,-0.013483539911481393,0.05807232761300591
537,10.263,45.639,0.8980975692745465,0.270733653716803,-0.5553657796449516,0.11668366212689936,0.05029129492206769
538,10.263,45.705,0.4677626266698985,0.0306627328684301,-0.5755748559154608,0.40971452775246925,0.03401291670673649
539,10.263,45.771,0.2927896618129362,-0.2118720479683582,-0.5736270517405058,0.4294754738683212,0.006598564438439421
540,10.263,45.837,0.1761098745571641,-0.3904462217313217,-0.5505966872815019,0.39990272748783373,-0.02156799508348018
541,10.263,45.903,0.2964038212649161,-0.43785630335604925,-0.5028997475931943,0.2685648051180324,-0.039855679512439
542,10.263,45.969,0.4898996758763169,-0.4036330216689871,-0.46095230974951046,0.08653389701733316,-0.05206235631045718
543,10.263,46.035,0.4230182239273531,-0.4478615453746331,-0.44047848133955936,0.04258713203228956,-0.058259895595646
544,10.263,46.101,0.372244754592828,-0.528769341633195,-0.4413629179254587,0.05778403280549788,-0.05934138973598752
545,10.263,46.167,0.3356775844850713,-0.5905239250342822,-0.44268381845861504,0.06302641040191412,-0.055536147164909316
546,10.263,46.233,0.3114156234357991,-0.6481166576424664,-0.44612013660748817,0.0739597003829486,-0.05006054123955911
547,10.263,46.299,0.2434397707014393,-0.7027290919335747,-0.4518072692493018,0.09163878220318716,-0.04663603118121181
548,10.263,46.365,0.1733912687521869,-0.7520188189926142,-0.4548627490249013,0.1079833092012685,-0.04274166371178682
549,10.263,46.431,0.142911538024053,-0.7877621274832973,-0.45769021702759294,0.11956305479448717,-0.03984456221394847
550,10.263,46.497,0.1046002435977106,-0.8263136713415093,-0.4645577443175649,0.14564689289334296,-0.03802120623308349
551,10.263,46.563,0.058378902548311,-0.8718321809502536,-0.47258098058606757,0.16519359976954912,-0.0368824464172866
552,10.263,46.629,0.0223025621610392,-0.8943371116180312,-0.47794077538543894,0.17754074699840555,-0.03631240312844257
553,10.329,44.979,1.4892804782263245,0.16753048595925696,-0.6257353834483099,0.03179495302201156,-0.021008082257886362
554,10.329,45.045,1.499184987749118,0.1893336706370013,-0.6365588239764313,-0.008384982117487633,-0.021738690503092913
555,10.329,45.111,1.6058818418791858,0.26291881045005266,-0.6520455403833101,-0.10374896588027449,-0.02117785959083875
556,10.329,45.177,1.6778539466724438,0.29122709591757645,-0.6460788263679956,-0.2987717991557771,0.006106720342961749
557,10.329,45.243,1.4770598325914013,0.14132890508222742,-0.5896107506879764,-0.39306184280892503,0.026728925721639173
558,10.329,45.309,1.2943675708051476,0.01909557541163997,-0.5458700874029643,0.008935072309109043,0.04023062752938207
559,10.329,45.375,1.486481550516399,0.1272929873947801,-0.5519191368358762,0.04828562566291272,0.047616759212641274
560,10.329,45.441,1.5489954840533515,0.22071301433248763,-0.5714921555894777,0.0032677421110161482,0.052318096574683226
561,10.329,45.507,1.2193900386334833,0.3020558941421053,-0.5481518101210213,-0.01968549782053505,0.05563081832136433
562,10.329,45.573,1.3937275468835046,0.39504991790080735,-0.5330966516159066,0.011277800395491894,0.05593805543133734
563,10.329,45.639,0.7566928280687346,0.2561358572441988,-0.5756563002679617,0.2562795031959853,0.045753769505881656
564,10.329,45.705,0.4930628402896235,-0.008670511951892241,-0.5819785976271026,0.4184692398329147,0.02635854337719202
565,10.329,45.771,0.2227960029959762,-0.18115346140572758,-0.5595962162506563,0.38864619402943423,0.002608235830888924
566,10.329,45.837,0.3716035437578362,-0.27146220556506906,-0.5301671616944369,0.31771812697440827,-0.01972269088509203
567,10.329,45.903,0.421677251503911,-0.3210090738539145,-0.49594799135825957,0.21958853687856025,-0.03388456595919068
568,10.329,45.969,0.386932451351834,-0.39759950658324017,-0.4730359251381595,0.15935531370889028,-0.042124354441813915
569,10.329,46.035,0.3223806905779827,-0.4960890865022836,-0.4652583436620848,0.13378150222506868,-0.04723282234137743
570,10.329,46.101,0.2655698199190959,-0.5870249398886724,-0.46572672879252097,0.13094709231389068,-0.04829887398959644
571,10.329,46.167,0.2303799569222116,-0.6480449675701854,-0.4621381599870172,0.12059744737193545,-0.04648838260147445
572,10.329,46.233,0.2306908038807975,-0.6863803156622149,-0.458248451892622,0.10814100394267215,-0.044268417652073136
573,10.329,46.299,0.1911702317348416,-0.7290145409123693,-0.45784631520575325,0.11085202017814905,-0.043207798398925926
574,10.329,46.365,0.1531675893553548,-0.7702060476121779,-0.4586888164437374,0.11953535982646395,-0.04139946515076906
575,10.329,46.431,0.1580328188327357,-0.7929207553351518,-0.4601422405006581,0.12144395816153965,-0.03979446236418112
576,10.329,46.497,0.1225352826009837,-0.8278646043691222,-0.46535917434744073,0.1458632098110731,-0.03840984169819547
577,10.329,46.563,0.0628643529743811,-0.8615100217750488,-0.47184468042677585,0.16123009868136243,-0.037601628104110996
578,10.395,44.979,1.5140741418118184,0.19342108348520443,-0.6286170818096729,0.028152883486322867,-0.01903942315506517
579,10.395,45.045,1.5193263282950882,0.21517004366796758,-0.6367320861501266,-0.0084022338888919,-0.02413058971125664
580,10.395,45.111,1.6122858231235058,0.2846147222337487,-0.6609187325119649,-0.09411304970563028,-0.024749688172317638
581,10.395,45.177,1.6898357325213462,0.35226886009559605,-0.6671909599750564,-0.20569521146059577,0.0020142098311866467
582,10.395,45.243,1.632086121844111,0.25212994369576247,-0.6175525945048975,-0.29993156873682836,0.022597554153518752
583,10.395,45.309,1.2794260354706088,0.09685174312566408,-0.5651350725779402,-0.013073815466033242,0.03203216989801763
584,10.395,45.375,1.5764284400118334,0.13798571721209765,-0.5476804875911412,0.051339978846021775,0.038915138105059886
585,10.395,45.441,1.5054996153233295,0.19419664563460373,-0.5396623609499287,0.004806579724748813,0.04426395770905983
586,10.395,45.507,1.1618672157277514,0.24559727370687737,-0.5003948239442818,-0.03654469174805631,0.04622978852267797
587,10.395,45.573,1.3577244097685408,0.35064059218096233,-0.5169053277988307,0.006181482738649709,0.04483253103971602
588,10.395,45.639,0.7588431000403656,0.2124043875247715,-0.588979084456841,0.37870547145789046,0.030172133101811962
589,10.395,45.705,0.4636804764438182,-0.03576251225926253,-0.5834867387146532,0.41741613086032264,0.012818357751942693
590,10.395,45.771,0.2766624588903711,-0.1584886804349482,-0.5488188020794593,0.35511727555929756,-0.005283109243708584
591,10.395,45.837,0.4134242054315131,-0.1973987094783201,-0.5197193918376073,0.27468247838960286,-0.01959394811400817
592,10.395,45.903,0.3412509399442539,-0.27864706435479736,-0.4964350065513753,0.24159725475873436,-0.03062835161248422
593,10.395,45.969,0.2925638231924521,-0.4193649106397954,-0.48480395654980957,0.20885692521217297,-0.03671536612380221
594,10.395,46.035,0.2345097130040676,-0.5421396401427884,-0.48390980989768,0.19029719533059603,-0.04091959573603016
595,10.395,46.101,0.1782085364421599,-0.6486508995720474,-0.48250107982733903,0.1775611366393982,-0.042058304784807904
596,10.395,46.167,0.1453338900673548,-0.7085212627020903,-0.4781609757292882,0.16969804059277369,-0.04098234140310733
597,10.395,46.233,0.1575591924744624,-0.7351371995804888,-0.4737830214766279,0.1500345454001005,-0.04036821021447748
598,10.395,46.299,0.1213130430377723,-0.7756513190649735,-0.47167509575042876,0.15142834377922396,-0.040119599506085436
599,10.395,46.365,0.0838417176019069,-0.8168902947757393,-0.47260911119988086,0.16081460542723452,-0.039932547238306464
600,10.395,46.431,0.0923916699773056,-0.838340898936327,-0.4729634884465864,0.16016199374216017,-0.03955458920677593
601,10.395,46.497,0.0732032770539932,-0.8616585301816984,-0.4734802053754884,0.16428681197213751,-0.03880334235522896
602,10.395,46.563,0.0382130620416739,-0.8789417182167095,-0.47486334433126653,0.16919105738011697,-0.03809986250820832
603,10.461,44.913,1.5349942904295053,0.21124157041232325,-0.628562805821797,0.05091067743641006,-0.02242851586474657
604,10.461,44.979,1.527335976453158,0.20545263036634365,-0.6271285412446265,0.04222433154663274,-0.02279893969596077
605,10.461,45.045,1.5223705522213782,0.2258864902794578,-0.6341710730701635,0.0017134612513869177,-0.02659797504121175
606,10.461,45.111,1.6275465253185275,0.2857367347884736,-0.6556247763867789,-0.03687477891425521,-0.02879255764438223
607,10.461,45.177,1.6537725467739723,0.36208018635951655,-0.667370768484538,-0.02907573031118075,-0.018330116891210016
608,10.461,45.243,1.7183239071247378,0.3076958308173936,-0.6260450525085506,-0.22767625708913403,0.017655114827295683
609,10.461,45.309,1.408668726286411,0.1549145794349535,-0.5754231246417983,-0.026071039844090718,0.023975288934264618
610,10.461,45.375,1.448694439570554,0.1536222388661958,-0.5434455537772684,0.06638156018923554,0.02777392858155119
611,10.461,45.441,1.4574554742341952,0.14402779970680074,-0.5101708726562251,0.015219121380611465,0.029252006175826045
612,10.461,45.507,1.135889308280758,0.1506407019182494,-0.4463824286875129,-0.07234086972545833,0.02664663819332469
613,10.461,45.573,1.3290576761297783,0.2541492070372056,-0.47133316276387677,-0.03751728359110662,0.020805458568044763
614,10.461,45.639,0.819659847742699,0.1559223405224126,-0.581979499337246,0.3698711569692096,0.006501078766642688
615,10.461,45.705,0.4660215277701847,-0.04898444368778469,-0.5749487083328928,0.3849220463238463,-0.0053794638731747115
616,10.461,45.771,0.3542126352369354,-0.14401797467742236,-0.5425866032788906,0.33948542450373154,-0.012056948247592871
617,10.461,45.837,0.387027396114662,-0.1943316586119349,-0.5199231035509166,0.298908182609035,-0.021097870205439774
618,10.461,45.903,0.2860963526432794,-0.2837312873573275,-0.5038918735277951,0.2650977321633334,-0.02928368121689759
619,10.461,45.969,0.2077692813575198,-0.4223518113770543,-0.49463506243495575,0.23538425822563613,-0.03447900573434101
620,10.461,46.035,0.1540981726071371,-0.5736102159358689,-0.4930275416524406,0.21370875190687,-0.03748746383704669
621,10.461,46.101,0.1008685080633037,-0.686114246178567,-0.48918983615320766,0.19713810738135643,-0.038543548210665066
622,10.461,46.167,0.0705343237116756,-0.749396312467954,-0.48635086237550673,0.18749253600786478,-0.03837327313780497
623,10.461,46.233,0.0855493885891849,-0.7770195633710276,-0.4841586547870475,0.17900722471089398,-0.03863550276010852
624,10.461,46.299,0.0405180752903035,-0.8183700109630896,-0.48216364989511895,0.18115756260659877,-0.039168475713128356
625,10.461,46.365,0.0,-0.856961413546368,-0.4823530592668738,0.19001312335318882,-0.03933223179972395
626,10.461,46.431,0.0,-0.8761584417756929,-0.4808860005911189,0.18141796928231851,-0.039337723118370596
627,10.461,46.497,0.0,-0.8872100852767323,-0.47952937778746746,0.17820439205127014,-0.03898472930360898
628,10.461,46.563,0.0004841755786254,-0.8858871133988122,-0.47756053496013157,0.17710691080852758,-0.03852320320960734
629,10.527,44.913,1.5526735628942396,0.22321060949409427,-0.6302421485342297,0.04444291665184531,-0.03511763306116192
630,10.527,44.979,1.501603454205438,0.21496960530756984,-0.6285444667252182,0.03661305077411969,-0.03237297308318236
631,10.527,45.045,1.5505123460249255,0.2370588148719513,-0.633231267244509,0.010062694602885577,-0.032780084970451
632,10.527,45.111,1.5802383322004272,0.28407735743054463,-0.647114489012059,-0.013805082646104772,-0.032242074701705314
633,10.527,45.177,1.5963765690035825,0.3180581589592084,-0.6516281421186438,0.03185113616299632,-0.022094215148755373
634,10.527,45.243,1.6158090123825486,0.26665838598212965,-0.6158118016104268,-0.0890699609720863,0.008720584465094118
635,10.527,45.309,1.3771654548286123,0.15499428901855425,-0.5737380704824582,0.011796618860474478,0.01684889979691464
636,10.527,45.375,1.528939804386809,0.15822502938348382,-0.5360141012723771,0.10529862428767287,0.015966742089217438
637,10.527,45.441,1.409669294595329,0.1099814969933959,-0.4815526614729662,0.05611692474172718,0.013752693328781011
638,10.527,45.507,1.096556905324236,0.05360271096523689,-0.4106942393890348,-0.14205590758206316,0.009097785910878793
639,10.527,45.573,1.2747470768806255,0.15363223705668314,-0.41972492604878137,-0.022820774424300368,0.002618510424257133
640,10.527,45.639,0.83401692850706,0.09964482781797128,-0.5617150967066488,0.2798947557973359,-0.00736039679431205
641,10.527,45.705,0.4902347855078156,-0.05924642245631994,-0.5624787031292431,0.3518479638454056,-0.013554664267760082
642,10.527,45.771,0.3569902367099117,-0.13592239629630057,-0.5368811544433896,0.33863130996568785,-0.017038260418271153
643,10.527,45.837,0.3360182110568652,-0.1973712067666402,-0.5214913188464304,0.31526285470213444,-0.022117696960447415
644,10.527,45.903,0.3047124223328705,-0.27163837782274125,-0.5113665039975727,0.2909444480993791,-0.02828080312996699
645,10.527,46.101,0.0679126202935018,-0.7248962329447848,-0.49037433818676884,0.20098424647586755,-0.036962850016643
646,10.527,46.167,0.0377603170058096,-0.7758216157510317,-0.48818309097783885,0.19505553892781263,-0.037278458681955534
647,10.527,46.233,0.0431425965005637,-0.8106050352528028,-0.48774458819989275,0.19335080170345176,-0.038197268505738464
648,10.527,46.299,0.0,-0.8418009113261556,-0.48542908304143084,0.1913888039539226,-0.03884246044049833
649,10.527,46.365,0.0,-0.8629179418747128,-0.48294158889590977,0.18886968835623277,-0.039087631886971896
650,10.527,46.431,0.0,-0.8693605580921208,-0.4812814781264617,0.18456189366490688,-0.03924806979778503
651,10.527,46.497,0.0,-0.8793100241432469,-0.47906898256586883,0.1814124767331566,-0.03913046414398482
652,10.593,44.913,1.5518316659407558,0.23951666559345824,-0.6324341490874708,0.02920508916958137,-0.04989091109391666
653,10.593,44.979,1.5013343698916692,0.23840832279937638,-0.6323230294045414,0.01728920017670216,-0.04511976552485722
654,10.593,45.045,1.5742038673120284,0.2730690677177188,-0.638120949403904,-0.011605411844798309,-0.03994121249118224
655,10.593,45.111,1.6286162630079253,0.30863937102176925,-0.6462179216868503,-0.04200578540539607,-0.03351592669167325
656,10.593,45.177,1.5738210035199078,0.2954509446653893,-0.6387694526102546,-0.0069382138194937736,-0.02570246759314825
657,10.593,45.243,1.5578243681843358,0.22908478829082382,-0.6045909330039958,-0.03364726142362379,0.007518263834749561
658,10.593,45.309,1.349757888659878,0.1685572719161573,-0.573143720911458,0.10005793270335711,0.011398166384527224
659,10.593,45.375,1.5057349602844845,0.18754337293979328,-0.5360586772945182,0.16376905037123413,0.005599198414707263
660,10.593,45.441,1.388478104039898,0.10168951877425897,-0.4798567572112715,0.12813119858859068,0.0005237481846269848
661,10.593,45.507,1.0755365916131194,0.014474124493734246,-0.4210652728067219,0.08875170183290507,-0.005087132163931099
662,10.593,45.573,1.2145603429973617,0.05955394366455609,-0.40726636797349103,0.17636228341548654,-0.009041243544969655
663,10.593,45.639,0.821366495426535,0.042723016452824364,-0.5219329028889841,0.271841564571081,-0.011760300117211093
664,10.593,45.705,0.4862506054634348,-0.09430403356470034,-0.5505104629190495,0.3449270857593132,-0.01602168180334759
665,10.593,45.771,0.4282510121366802,-0.1514622781227738,-0.5306300649584238,0.34886992909621317,-0.017854283240910405
666,10.593,45.837,0.3192213227687511,-0.17882653882805877,-0.5210124637666447,0.3373355387470394,-0.021425347765748587
667,10.593,46.167,0.0348180674920786,-0.7914879113275709,-0.4886440715177848,0.1970678087970236,-0.036946136730230825
668,10.593,46.233,0.0283213660576305,-0.8202318947717414,-0.48694547697697704,0.1950879117104713,-0.037811817023464846
669,10.593,46.299,0.0,-0.8482491485450637,-0.48461505774685726,0.19179888244082022,-0.038684141819595064
670,10.593,46.365,0.0,-0.8533683394161191,-0.48128504399131666,0.18463836633142425,-0.03902611280078817
671,10.593,46.431,0.0,-0.856257101077545,-0.47984278608655584,0.18143589142183147,-0.03917785350105501
672,10.593,46.497,0.0,-0.8607649229230389,-0.4787032983264259,0.17951011790876115,-0.03917181373729375
673,10.659,44.913,1.5770897016620928,0.25735564439227643,-0.6325832956231159,0.02336474333428526,-0.05519999038371987
674,10.659,44.979,1.5372796829469226,0.2628106129644962,-0.6373650110602121,0.011622815295718424,-0.050557285987891686
675,10.659,45.045,1.604213649642086,0.31459197934640637,-0.647422049481311,-0.0031725763685999187,-0.044381261790876966
676,10.659,45.111,1.6469657102442024,0.35925300109163494,-0.6562340196861227,-0.06744278024624673,-0.03349428942292695
677,10.659,45.177,1.5721220528576132,0.3178978353141748,-0.6441420276692771,-0.07079663361323946,-0.018767688853664487
678,10.659,45.243,1.5215474603224504,0.25481745677429557,-0.6078419446636822,-0.054704654867217456,0.002401030859253396
679,10.659,45.309,1.5393354550702665,0.21371461819404997,-0.5838815296500768,0.0020493040960793546,0.008410402160686767
680,10.659,45.375,1.4898530832392534,0.22146771717527855,-0.5502553305651036,0.15762741022324578,0.000718645094473034
681,10.659,45.441,1.4236488208810796,0.1342922400777602,-0.5004226283358801,0.19243924040049157,-0.005780883509968407
682,10.659,45.507,1.0654289044504102,0.018757053920665463,-0.4469405918841459,0.1855534928219607,-0.008228033772596302
683,10.659,45.573,1.1766733783982644,-0.0044534008176182124,-0.4218252161666971,0.24652873775133421,-0.011961143467854651
684,10.659,45.639,0.8023876646667865,-0.04882246671768845,-0.5055515226967183,0.3115051799955513,-0.012079570941567924
685,10.659,45.705,0.4695246958749288,-0.166837618808042,-0.5429022183061682,0.35775542963872287,-0.014031200097705507
686,10.659,45.771,0.388357512623329,-0.19978991679219527,-0.5277130780979857,0.37097254949298497,-0.01687728081628002
687,10.659,45.837,0.3701817303624831,-0.1959886363846638,-0.5228278404350861,0.36438561014463466,-0.019940683054978266
688,10.659,46.431,0.0,-0.847170222653919,-0.4794085469928798,0.17908889557802393,-0.03915941935157639
689,10.725,44.979,1.521270590004233,0.27521168476319235,-0.6398330612748946,0.029274463585852534,-0.04946834170737783
690,10.725,45.045,1.5797765702298865,0.3388843058661961,-0.6554898394782993,0.038885045557023566,-0.04329271137666922
691,10.725,45.111,1.6827675828517727,0.3994282639673151,-0.6699194109195129,0.023570654807854436,-0.03379883551840763
692,10.725,45.177,1.5971183898465444,0.3622581428104076,-0.6590446699162413,-0.044498289606585986,-0.020129562350357913
693,10.725,45.243,1.525726987510843,0.2861647644117532,-0.6287647483289799,-0.0977734018138007,-0.00023529349001607386
694,10.725,45.309,1.449048576713878,0.25398381490846755,-0.6071346108173711,-0.11962951838556028,0.007010657907727767
695,10.725,45.375,1.5073156526620577,0.24618913205432474,-0.5823686955670213,0.01937587615267098,0.00038674223139451014
696,10.725,45.441,1.432501018533958,0.17127670481443857,-0.5313568025867912,0.19535074797645977,-0.005923969344645081
697,10.725,45.639,0.7261959829612965,-0.16164432145342894,-0.5070543565551577,0.35458850213188897,-0.010894365959071969
698,10.725,45.705,0.5124644362604847,-0.250963209599097,-0.5382158149471928,0.3853274491067284,-0.012248393374098256
699,10.725,45.771,0.3487475126548413,-0.2652510562923906,-0.5312679382405436,0.3898668504797536,-0.015209314278084179
700,10.725,45.837,0.3736290320314933,-0.2489636531889881,-0.5254541807284664,0.38716173054530817,-0.018490457166143795
701,10.791,44.913,1.5713632956011636,0.2783333325151579,-0.6345330461747147,0.0007333259112068224,-0.053793183408947946
702,10.791,44.979,1.537618440877649,0.2848455138729366,-0.64111741600247,0.04277231502410886,-0.047805510907311374
703,10.791,45.045,1.6032728036949164,0.3560710388103468,-0.6636911965056262,0.08444289764467786,-0.04140543347994793
704,10.791,45.111,1.706223062144942,0.4348487081865605,-0.6890351923992408,0.0857723198825466,-0.03289724072581578
705,10.791,45.177,1.6268145370868994,0.4206589203890898,-0.6791693631010352,-0.0360686571226488,-0.021335868847140168
706,10.791,45.243,1.5480768245112406,0.3478848604647139,-0.6555005910523591,-0.10691575213735995,-0.0027423035749653338
707,10.791,45.309,1.5740428675705016,0.306364881313576,-0.6351794279082706,-0.147266916730989,0.006142306396357064
708,10.791,45.705,0.5197298610370774,-0.28398477904812713,-0.5305824778054633,0.39332315165952647,-0.010583592624261767
709,10.791,45.771,0.4492223852484013,-0.28682396672299026,-0.5309516574672055,0.4005739041605586,-0.012733271374843978
710,10.791,45.837,0.4108550909119626,-0.2814158161368319,-0.5281011749404856,0.4008713643861489,-0.01642880693112551
711,10.857,44.913,1.5620824672804867,0.30467975556104754,-0.6488424377344194,0.00909389068157798,-0.05073083777792571
712,10.857,44.979,1.5431211216621592,0.3135807017774874,-0.6514820204976771,0.03910797053224874,-0.04636672389186374
713,10.857,45.045,1.6991318955631671,0.3933246887146434,-0.6765803336627689,0.13145061685490672,-0.03961957510649781
714,10.857,45.111,1.7196976252583211,0.4869310448371554,-0.7001295618264449,0.12532284103163255,-0.03208360812380291
715,10.857,45.177,1.788750853381681,0.46932741381020404,-0.6977552064006405,-0.04779503272178559,-0.022068828130424628
716,10.857,45.243,1.566036600762935,0.4013243479669515,-0.6768058976031943,-0.10770087079884126,-0.005985853958512981
717,10.857,45.309,1.7182000429168127,0.3600441635456705,-0.6567852382175754,-0.1430253866320349,0.006765665636466945
718,10.857,45.837,0.5387728855496997,-0.2896035142401188,-0.5299636915522233,0.4050513366141685,-0.014481527054870354
719,10.923,44.913,1.6452423634346325,0.3433788979010761,-0.6593393589576556,0.004528139381042183,-0.04688974096043581
720,10.923,44.979,1.5810640342646558,0.3659817336486969,-0.6669709113961928,0.03224275603277464,-0.042367421708665545
721,10.923,45.045,1.7002947835267477,0.4359096112505515,-0.6886279746667744,0.1201185207411645,-0.037104807040446705
722,10.923,45.111,1.783522514317753,0.5013126387242614,-0.7066834227315963,0.06353698211497952,-0.03019490783943386
723,10.923,45.177,1.7576561321154438,0.4789100644565133,-0.7033210746288311,-0.04150116071806184,-0.021562466549391954
724,10.923,45.243,1.6076525720872608,0.41949705504653045,-0.6906913384163934,-0.11070102413289452,-0.007977163710626472
725,10.989,44.913,1.6554614571981487,0.3804182220103166,-0.6663001878240384,0.004580707995293654,-0.0427447033590066
726,10.989,44.979,1.6818261436852149,0.41231342286077294,-0.678752088508117,0.04492284254783207,-0.0389527602596795
727,10.989,45.045,1.7180089076304454,0.4510809396565323,-0.6951617025108989,0.06404851368567646,-0.03410712131553733
728,10.989,45.111,1.6893787163058986,0.47600041309938057,-0.7071466202406781,0.0494054023893456,-0.028131734486509782
729,10.989,45.177,1.7498176870723507,0.470862986219011,-0.7048649868408022,-0.024307431876329316,-0.020075793823465644
730,11.055,44.979,1.67386769036021,0.4234932203239039,-0.6796546333810745,0.060031637216400445,-0.03646579730642597
731,11.055,45.045,1.7191441515706096,0.4539165643050533,-0.6964898477149689,0.02946291903441631,-0.032420680882664504
732,11.055,45.111,1.6836164797940176,0.4695858729893454,-0.7090205132199059,0.014229683879805428,-0.02683881233294609
733,11.055,45.177,1.751409057398883,0.4778497960065596,-0.7094730904501326,-0.01879054564159918,-0.02003965005527581
734,11.121,44.913,1.6044510115491564,0.35584893020016106,-0.663850554662785,0.19068098212113266,-0.03790018660635531
735,11.121,44.979,1.6491000987667568,0.39361778976304573,-0.6757116711052674,0.11772999194951847,-0.03487547671564016
736,11.121,45.045,1.7076693606704776,0.46044521568999763,-0.6952574745836966,0.034491128405167736,-0.03130066855476682
737,11.121,45.111,1.7639567448816464,0.4980447834524735,-0.7085543213375247,-0.004087927737257841,-0.02645697541968623
738,11.187,44.913,1.56190061587752,0.33724271747542844,-0.6629675848329517,0.19319259543565692,-0.03643086529876578
739,11.187,44.979,1.6231207379322663,0.3759617353733226,-0.6741710787021715,0.1470713226812063,-0.033788766397333726
740,11.187,45.045,1.6920766780762213,0.4635275821524888,-0.6878054698503038,0.07648382631319654,-0.030534326487736425
741,11.187,45.111,1.7583658597895893,0.49554370828423155,-0.7028542964764616,0.021655371896580407,-0.02634574952990972
742,11.253,44.913,1.537469350015308,0.34861048730381894,-0.6638846836362887,0.19037963102005362,-0.03533905099936411
743,11.253,44.979,1.6124956448205514,0.38244011525066224,-0.673127382340169,0.16115715140506862,-0.032968889125684214
744,11.253,45.045,1.6964286541403033,0.45531681807674806,-0.6823423553757729,0.12389524108315998,-0.029997730899078718
745,11.319,44.979,1.589295576134289,0.3858439500737947,-0.6725326169920536,0.16761256409116074,-0.03229826022130847
746,11.319,45.045,1.6847593762642694,0.4204520126849429,-0.6790146399205542,0.14747879006378983,-0.029607254439790533
747,11.385,44.979,1.564869100518624,0.3848983466751905,-0.6721319689580998,0.1705952170731432,-0.031748573480785525
748,11.451,44.979,1.560408431832429,0.3842443527401957,-0.6718566861636208,0.17220778910064094,-0.03133061984756363
